distance_band,airport_id,airport_ident,gps_code,local_code,airport_name,airport_type,airport_county_fips,airport_county_name,month,mean_lead,n_obs,n_monitors,is_reid_hillview,air_temp,wind_speed,rhum,pres,wind_dir_sin,wind_dir_cos,post,treated,treated_post,log_lead
0-4 km,13222,6CL8,6CL8,6CL8,Harley Airport,small_airport,06077,San Joaquin,2016-01-01,0.00975,6,1,FALSE,10.849979654947939,3.1129570332222576,82.83333333333333,100.32583333333334,-0.21860163810898217,0.007930810049854395,FALSE,FALSE,0,-4.532849524408466
0-4 km,13222,6CL8,6CL8,6CL8,Harley Airport,small_airport,06077,San Joaquin,2016-02-01,0.005725,4,1,FALSE,11.78748474121096,4.344529186691685,83.75,100.07249999999999,0.4209636965979705,-0.0334749674899939,FALSE,FALSE,0,-5.0019233534942344
0-4 km,13222,6CL8,6CL8,6CL8,Harley Airport,small_airport,06077,San Joaquin,2016-03-01,0.00245,6,1,FALSE,13.183323160807314,4.876694672012758,80.83333333333333,100.07583333333334,0.5488070391591573,0.11426556392124036,FALSE,FALSE,0,-5.669381047938868
0-4 km,13222,6CL8,6CL8,6CL8,Harley Airport,small_airport,06077,San Joaquin,2016-04-01,0.00564,5,1,FALSE,16.075000000000024,4.567263078933786,66.05,99.93499999999999,-0.7435539584533356,0.6491104058365098,FALSE,FALSE,0,-5.014643315493794
0-4 km,13222,6CL8,6CL8,6CL8,Harley Airport,small_airport,06077,San Joaquin,2016-05-01,0.006016666666666667,6,1,FALSE,14.591648356119814,1.1738564460316385,82.75,99.7925,0.1085128265270604,0.5566606572274377,FALSE,FALSE,0,-4.959467007521856
0-4 km,13222,6CL8,6CL8,6CL8,Harley Airport,small_airport,06077,San Joaquin,2016-06-01,0.00344,5,1,FALSE,18.654992675781273,4.482457724631731,69.25,99.7355,-0.02748067233085738,-0.01836582291630128,FALSE,FALSE,0,-5.417100902538004
0-4 km,13222,6CL8,6CL8,6CL8,Harley Airport,small_airport,06077,San Joaquin,2016-07-01,0.0048000000000000004,4,1,FALSE,18.649987792968773,3.9887371407206516,62.375,99.83500000000001,-0.43603070162140684,0.8478808245170882,FALSE,FALSE,0,-5.149897361429764
0-4 km,13222,6CL8,6CL8,6CL8,Harley Airport,small_airport,06077,San Joaquin,2016-08-01,0.0027500000000000003,6,1,FALSE,17.758325195312523,2.390781037516497,70.75,99.77833333333334,-0.5109036329439841,0.2318940713262568,FALSE,FALSE,0,-5.585999438999817
0-4 km,13222,6CL8,6CL8,6CL8,Harley Airport,small_airport,06077,San Joaquin,2016-09-01,0.008150000000000001,4,1,FALSE,18.29999694824221,1.5398013763018927,66.625,99.78875,0.2349501841555039,0.9142238820058486,FALSE,FALSE,0,-4.694001399694707
0-4 km,13222,6CL8,6CL8,6CL8,Harley Airport,small_airport,06077,San Joaquin,2016-10-01,0.004083333333333333,6,1,FALSE,15.649997965494814,3.304049876623891,82.75,99.84083333333334,-0.05026318431222866,-0.6432051485638229,FALSE,FALSE,0,-5.281788064596826
0-4 km,13222,6CL8,6CL8,6CL8,Harley Airport,small_airport,06077,San Joaquin,2016-11-01,0.0045,4,1,FALSE,15.91248474121096,5.5981419980652865,81.25,99.95124999999999,-0.8891709641618537,-0.08351789828952974,FALSE,FALSE,0,-5.2030071867437115
0-4 km,13222,6CL8,6CL8,6CL8,Harley Airport,small_airport,06077,San Joaquin,2016-12-01,0.006166666666666667,6,1,FALSE,10.658319091796898,6.577278742775602,80.75,100.25916666666666,-0.8592811745647911,0.16475682440380948,FALSE,FALSE,0,-4.938314632516629
0-4 km,13222,6CL8,6CL8,6CL8,Harley Airport,small_airport,06077,San Joaquin,2017-01-01,0.006585714285714286,7,1,FALSE,10.953563581194219,5.137458695000042,83.35714285714286,100.22892857142857,0.5758137366492128,-0.112419462361064,FALSE,FALSE,0,-4.881488499789557
0-4 km,13222,6CL8,6CL8,6CL8,Harley Airport,small_airport,06077,San Joaquin,2017-02-01,0.005275,4,1,FALSE,10.00000915527346,4.383115798780954,79.75,100.21375,-0.8778816068114428,0.4760894641376404,FALSE,FALSE,0,-5.071181793964289
0-4 km,13222,6CL8,6CL8,6CL8,Harley Airport,small_airport,06077,San Joaquin,2017-03-01,0.0076,4,1,FALSE,11.73749694824221,4.112565617537878,88.5,100.36625000000001,0.5713119912527551,0.0012290679794086934,FALSE,FALSE,0,-4.755993075722675
0-4 km,13222,6CL8,6CL8,6CL8,Harley Airport,small_airport,06077,San Joaquin,2017-05-01,0.002766666666666667,6,1,FALSE,15.083317057291689,3.065138047652339,73.41666666666667,99.44416666666666,-0.23951289639438322,0.5644766308376976,FALSE,FALSE,0,-5.581564841931952
0-4 km,13222,6CL8,6CL8,6CL8,Harley Airport,small_airport,06077,San Joaquin,2017-06-01,0.0019,4,1,FALSE,15.749993896484398,1.33953954472445,80.125,99.83,0.13551309955063076,0.7951113543955127,FALSE,FALSE,0,-5.843044541989709
0-4 km,13222,6CL8,6CL8,6CL8,Harley Airport,small_airport,06077,San Joaquin,2017-07-01,0.0018833333333333332,6,1,FALSE,18.524997965494816,2.9591004962612297,65.66666666666667,99.895,0.002092168042430611,0.45707158878359644,FALSE,FALSE,0,-5.848808246706459
0-4 km,13222,6CL8,6CL8,6CL8,Harley Airport,small_airport,06077,San Joaquin,2017-08-01,0.00645,4,1,FALSE,19.337487792968773,2.5705354665084656,71.75,99.725,-0.7932895103350353,0.5749416528576572,FALSE,FALSE,0,-4.899541246590669
0-4 km,13222,6CL8,6CL8,6CL8,Harley Airport,small_airport,06077,San Joaquin,2017-09-01,0.00392,5,1,FALSE,20.134991455078147,1.6297508940298395,59.65,99.5935,-0.7656077767728052,0.39897492830439873,FALSE,FALSE,0,-5.314446748477921
0-4 km,13222,6CL8,6CL8,6CL8,Harley Airport,small_airport,06077,San Joaquin,2017-10-01,0.005933333333333333,6,1,FALSE,15.933323160807314,3.0571875071624013,64.33333333333333,100.1275,-0.7760910035360773,0.3279694819118444,FALSE,FALSE,0,-4.971414580942975
0-4 km,13222,6CL8,6CL8,6CL8,Harley Airport,small_airport,06077,San Joaquin,2017-11-01,0.004533333333333334,6,1,FALSE,13.533319091796898,3.2089801289319415,79.66666666666667,99.96666666666667,0.44602127363388094,-0.12693791545769506,FALSE,FALSE,0,-5.196964872287749
0-4 km,13222,6CL8,6CL8,6CL8,Harley Airport,small_airport,06077,San Joaquin,2017-12-01,0.007575,4,1,FALSE,11.47498474121096,7.744540263694995,58.125,100.7425,-0.9037288829552168,0.4239266864777552,FALSE,FALSE,0,-4.758904285930133
0-4 km,13222,6CL8,6CL8,6CL8,Harley Airport,small_airport,06077,San Joaquin,2018-01-01,0.0045249999999999995,6,1,FALSE,12.249983723958357,2.182318848956064,76,100.44,0.22898086057097242,0.5614149415218512,FALSE,FALSE,0,-5.198472031578321
0-4 km,13222,6CL8,6CL8,6CL8,Harley Airport,small_airport,06077,San Joaquin,2018-02-01,0.0058975,4,1,FALSE,10.42499694824221,6.908188010549963,72,100.045,-0.432730324231615,0.5847904311453495,FALSE,FALSE,0,-4.976596251872833
0-4 km,13222,6CL8,6CL8,6CL8,Harley Airport,small_airport,06077,San Joaquin,2018-03-01,0.0014733333333333332,6,1,FALSE,9.749993896484398,3.553249260690934,80.25,100.0575,0.03806969529820572,0.023882772964261053,FALSE,FALSE,0,-6.002188510470957
0-4 km,13222,6CL8,6CL8,6CL8,Harley Airport,small_airport,06077,San Joaquin,2018-04-01,0.0013875,4,1,FALSE,12.42499694824221,2.515122416193055,84.5,100.345,-0.3963122525908505,0.8048550449744367,FALSE,FALSE,0,-6.037508485609389
0-4 km,13222,6CL8,6CL8,6CL8,Harley Airport,small_airport,06077,San Joaquin,2018-05-01,0.0028,6,1,FALSE,13.47082417805992,1.5924825043864634,83.33333333333333,99.92166666666667,-0.47303307331237393,-0.0766607044450933,FALSE,FALSE,0,-5.572754212249797
0-4 km,13222,6CL8,6CL8,6CL8,Harley Airport,small_airport,06077,San Joaquin,2018-06-01,0.0040425,4,1,FALSE,15.02497253417971,3.4766993086381173,79.625,99.85499999999999,-0.9443094475070207,-0.06218694310360762,FALSE,FALSE,0,-5.289853288135907
0-4 km,13222,6CL8,6CL8,6CL8,Harley Airport,small_airport,06077,San Joaquin,2018-07-01,0.0030566666666666667,6,1,FALSE,19.31666463216148,3.9361429895431863,68.33333333333333,99.89416666666666,-0.8276006198767116,0.2487966482775807,FALSE,FALSE,0,-5.507393660650811
0-4 km,13222,6CL8,6CL8,6CL8,Harley Airport,small_airport,06077,San Joaquin,2018-08-01,0.004713333333333333,6,1,FALSE,18.34998982747398,4.4400271747770805,68.25,99.91916666666667,-0.8033198095606588,0.3346459612070849,FALSE,FALSE,0,-5.164952654480613
0-4 km,13222,6CL8,6CL8,6CL8,Harley Airport,small_airport,06077,San Joaquin,2018-09-01,0.0058175,4,1,FALSE,19.587503051757835,2.0676701768505934,61,99.515,0.458346080773692,0.8766165183473253,FALSE,FALSE,0,-4.988262443244531
0-4 km,13222,6CL8,6CL8,6CL8,Harley Airport,small_airport,06077,San Joaquin,2018-10-01,0.010538333333333334,6,1,FALSE,15.716668701171898,3.4940431075999205,78.83333333333333,100.16083333333333,-0.7508967740406504,0.6518149655261686,FALSE,FALSE,0,-4.462080453520258
0-4 km,13222,6CL8,6CL8,6CL8,Harley Airport,small_airport,06077,San Joaquin,2018-11-01,0.02141,4,1,FALSE,13.837487792968773,3.982187757049454,69.625,100.00125,-0.05676918703022854,0.4954681496776935,FALSE,FALSE,0,-3.7982479911693012
0-4 km,13222,6CL8,6CL8,6CL8,Harley Airport,small_airport,06077,San Joaquin,2018-12-01,0.0034583333333333332,6,1,FALSE,12.174991861979189,5.37288576598099,65.08333333333333,100.14583333333333,-0.474560006316609,-0.04478537035045812,FALSE,FALSE,0,-5.412980274868176
0-4 km,13222,6CL8,6CL8,6CL8,Harley Airport,small_airport,06077,San Joaquin,2019-01-01,0.00236,4,1,FALSE,11.649987792968773,6.077275451234257,87,99.99875,-0.43812876670920453,-0.35122758321079806,FALSE,FALSE,0,-5.6958143050070245
0-4 km,13222,6CL8,6CL8,6CL8,Harley Airport,small_airport,06077,San Joaquin,2019-02-01,7.86e-4,5,1,FALSE,12.890002441406272,10.123471804166265,90.1,98.5065,0.43560804152931476,-0.8984540350804642,FALSE,FALSE,0,-6.3277767965278295
0-4 km,13222,6CL8,6CL8,6CL8,Harley Airport,small_airport,06077,San Joaquin,2019-03-01,0.0036075,4,1,FALSE,10.48749694824221,7.519574122105279,84.625,99.90875,-0.8145318492947737,-0.5053806438575155,FALSE,FALSE,0,-5.3800698684202954
0-4 km,13222,6CL8,6CL8,6CL8,Harley Airport,small_airport,06077,San Joaquin,2019-04-01,0.0037516666666666666,6,1,FALSE,13.566654459635439,3.327242761199305,81.25,99.6875,-0.18863276012290958,-0.08812409856498932,FALSE,FALSE,0,-5.349259845285611
0-4 km,13222,6CL8,6CL8,6CL8,Harley Airport,small_airport,06077,San Joaquin,2019-05-01,0.00216,4,1,FALSE,13.61249694824221,7.314867291407403,85.125,99.5625,-0.0020794704049847956,-0.04725085813138476,FALSE,FALSE,0,-5.757183251383316
0-4 km,13222,6CL8,6CL8,6CL8,Harley Airport,small_airport,06077,San Joaquin,2019-06-01,0.0032216666666666665,6,1,FALSE,17.074985758463566,3.13677962429631,73.91666666666667,99.55333333333333,0.12423756454646977,-0.15772610041580362,FALSE,FALSE,0,-5.467525284196608
0-4 km,13222,6CL8,6CL8,6CL8,Harley Airport,small_airport,06077,San Joaquin,2019-07-01,0.00487,4,1,FALSE,17.337487792968773,6.567305334688023,74.25,99.68875,-0.9861528745539136,-0.1269329589547232,FALSE,FALSE,0,-5.137900645142132
0-4 km,13222,6CL8,6CL8,6CL8,Harley Airport,small_airport,06077,San Joaquin,2019-08-01,0.0026683333333333333,6,1,FALSE,19.558323160807316,2.7541060150981944,70.75,99.78750000000001,-0.48088651640652896,0.45893294623570663,FALSE,FALSE,0,-5.608017852671821
0-4 km,13222,6CL8,6CL8,6CL8,Harley Airport,small_airport,06077,San Joaquin,2019-09-01,0.004771666666666667,6,1,FALSE,16.775008138020855,4.084718274100926,77.25,99.7925,-0.5472141447959431,0.48226620332734865,FALSE,FALSE,0,-5.154794389795861
0-4 km,13222,6CL8,6CL8,6CL8,Harley Airport,small_airport,06077,San Joaquin,2019-10-01,0.0076875,4,1,FALSE,20.47498474121096,7.248103460234398,39.25,99.6625,-0.8942941881272952,0.375320978269833,FALSE,FALSE,0,-4.745870068091226
0-4 km,13222,6CL8,6CL8,6CL8,Harley Airport,small_airport,06077,San Joaquin,2019-11-01,0.00804,6,1,FALSE,12.574985758463564,3.378720305826754,73.33333333333333,99.58666666666667,-0.408372274887463,0.7252226141128838,FALSE,FALSE,0,-4.706096104578052
0-4 km,13222,6CL8,6CL8,6CL8,Harley Airport,small_airport,06077,San Joaquin,2019-12-01,0.005405,4,1,FALSE,11.48749694824221,5.976489291747407,87.25,100.00625,-0.8902249613334459,0.03886373008623295,FALSE,FALSE,0,-5.050676343633439
0-4 km,13222,6CL8,6CL8,6CL8,Harley Airport,small_airport,06077,San Joaquin,2020-01-01,0.005515,6,1,FALSE,11.158329264322939,3.0911608891331546,87.08333333333333,100.4325,-0.6973575545111699,-0.5142480697435947,FALSE,FALSE,0,-5.033648068405329
0-4 km,13222,6CL8,6CL8,6CL8,Harley Airport,small_airport,06077,San Joaquin,2020-02-01,0.00502,3,1,FALSE,11.716658528645857,6.594318087245767,71.83333333333333,99.955,-0.05869312271113245,0.9844533613170787,FALSE,FALSE,0,-5.112668019661407
0-4 km,13222,6CL8,6CL8,6CL8,Harley Airport,small_airport,06077,San Joaquin,2020-03-01,0.0053775,4,1,FALSE,10.749993896484398,3.931546540731759,83.375,99.765,0.4571818740109038,0.4777614456090261,FALSE,FALSE,0,-5.0549791079483075
0-4 km,13222,6CL8,6CL8,6CL8,Harley Airport,small_airport,06077,San Joaquin,2021-04-01,0.00222,1,1,FALSE,11.925012207031273,2.4698191198927564,71.25,100.4725,-0.8502653318409034,0.5263543155228031,FALSE,FALSE,0,-5.73837391942582
0-4 km,13222,6CL8,6CL8,6CL8,Harley Airport,small_airport,06077,San Joaquin,2021-05-01,0.00197,1,1,FALSE,14.825006103515648,3.678654306419918,68,99.495,0.5164932113469587,0.8562912837536687,FALSE,FALSE,0,-5.819193326167529
0-4 km,13222,6CL8,6CL8,6CL8,Harley Airport,small_airport,06077,San Joaquin,2021-06-01,0.0023266666666666666,3,1,FALSE,16.525008138020855,3.909025229054479,76.16666666666667,99.685,-0.6235845131295907,0.7131120538742354,FALSE,FALSE,0,-5.705784477326874
0-4 km,13222,6CL8,6CL8,6CL8,Harley Airport,small_airport,06077,San Joaquin,2021-07-01,0.00324,2,1,FALSE,18.999993896484398,4.332195439051601,64.375,99.61,-0.8255266582760463,0.5620131377730663,FALSE,FALSE,0,-5.463192009738271
0-4 km,13222,6CL8,6CL8,6CL8,Harley Airport,small_airport,06077,San Joaquin,2021-08-01,0.0034933333333333335,3,1,FALSE,17.300012207031273,2.4497804307444824,74.5,99.98583333333333,-0.21256195231458777,0.8100302400487085,FALSE,FALSE,0,-5.405160462166085
0-4 km,13222,6CL8,6CL8,6CL8,Harley Airport,small_airport,06077,San Joaquin,2021-09-01,0.002985,2,1,FALSE,17.225000000000023,3.5367616674361084,80.5,99.9225,-0.7989054498060271,0.4410474278493685,FALSE,FALSE,0,-5.525217966739959
0-4 km,13222,6CL8,6CL8,6CL8,Harley Airport,small_airport,06077,San Joaquin,2021-10-01,0.004676666666666667,3,1,FALSE,14.024977620442732,3.690488399975192,77.5,99.50833333333334,-0.31308469942738715,0.22368573907276268,FALSE,FALSE,0,-5.17139107297565
0-4 km,13222,6CL8,6CL8,6CL8,Harley Airport,small_airport,06077,San Joaquin,2021-11-01,0.00466,3,1,FALSE,12.899997965494814,4.816413076604665,88.16666666666667,100.17,-0.7557552076330183,0.5220931509776721,FALSE,FALSE,0,-5.1743313867670455
0-4 km,13222,6CL8,6CL8,6CL8,Harley Airport,small_airport,06077,San Joaquin,2021-12-01,0.001335,2,1,FALSE,9.737481689453148,3.7491118137901163,87.5,99.86375000000001,-0.4882020615644579,-0.8434170976744599,FALSE,FALSE,0,-6.0597433878612765
0-4 km,13222,6CL8,6CL8,6CL8,Harley Airport,small_airport,06077,San Joaquin,2022-01-01,0.007149999999999999,3,1,FALSE,12.058333333333357,1.8113416649516905,82.58333333333333,100.51083333333334,-0.1738997100875621,0.6282251638941341,TRUE,FALSE,0,-4.809737351729366
0-4 km,13222,6CL8,6CL8,6CL8,Harley Airport,small_airport,06077,San Joaquin,2022-02-01,0.0035,3,1,FALSE,10.616642252604189,2.68005927467317,71.33333333333333,100.30083333333333,0.10270274277031309,0.8613218416879441,TRUE,FALSE,0,-5.403677882205863
0-4 km,13222,6CL8,6CL8,6CL8,Harley Airport,small_airport,06077,San Joaquin,2022-03-01,0.00343,1,1,FALSE,10.975000000000023,3.422352622504513,84.5,100.315,-0.905809613026947,0.42368495954892316,TRUE,FALSE,0,-5.419355694925093
0-4 km,13222,6CL8,6CL8,6CL8,Harley Airport,small_airport,06077,San Joaquin,2022-04-01,0.00183,3,1,FALSE,11.591668701171898,4.011366349338308,80.91666666666667,100.0875,-0.08786561799339027,0.8703647393991899,TRUE,FALSE,0,-5.867478567326991
0-4 km,13222,6CL8,6CL8,6CL8,Harley Airport,small_airport,06077,San Joaquin,2022-05-01,0.002043333333333333,3,1,FALSE,13.216658528645857,4.265321712193706,81.5,99.88083333333333,-0.7131018859584177,0.6631592536504021,TRUE,FALSE,0,-5.79480187304337
0-4 km,13222,6CL8,6CL8,6CL8,Harley Airport,small_airport,06077,San Joaquin,2022-06-01,0.003635,2,1,FALSE,19.03748474121096,2.3910697118211615,64.625,99.55,0.549025942698489,0.5790698644170733,TRUE,FALSE,0,-5.374119079964318
0-4 km,13222,6CL8,6CL8,6CL8,Harley Airport,small_airport,06077,San Joaquin,2022-07-01,0.0023750000000000004,2,1,FALSE,15.900003051757835,6.828975526525855,78.625,99.66749999999999,-0.9078081737984893,0.3706747137932604,TRUE,FALSE,0,-5.691359954657644
0-4 km,13222,6CL8,6CL8,6CL8,Harley Airport,small_airport,06077,San Joaquin,2022-08-01,0.002745,2,1,FALSE,17.387490844726585,3.750666340650575,81.125,99.71125,-0.9202331479171271,-0.12138654425769632,TRUE,FALSE,0,-5.587333662012954
0-4 km,13222,6CL8,6CL8,6CL8,Harley Airport,small_airport,06077,San Joaquin,2022-09-01,0.0026966666666666667,3,1,FALSE,16.78332926432294,4.453241575320662,79,99.6075,-0.8659739756781496,0.2930026469029937,TRUE,FALSE,0,-5.600323766287971
0-4 km,13222,6CL8,6CL8,6CL8,Harley Airport,small_airport,06077,San Joaquin,2022-10-01,0.00332,2,1,FALSE,15.16248474121096,4.118672231053457,77.5,100.10624999999999,-0.783839298095503,0.570214748847411,TRUE,FALSE,0,-5.444499876726118
0-4 km,13222,6CL8,6CL8,6CL8,Harley Airport,small_airport,06077,San Joaquin,2022-11-01,0.00811,3,1,FALSE,12.841658528645857,6.196567617260154,71.16666666666667,100.1175,-0.9586696647208383,0.0655859501854905,TRUE,FALSE,0,-4.69838256771027
0-4 km,13222,6CL8,6CL8,6CL8,Harley Airport,small_airport,06077,San Joaquin,2022-12-01,0.0036233333333333334,3,1,FALSE,10.674991861979189,6.948727750103746,85.66666666666667,99.985,-0.884440319984095,-0.04169051067956566,TRUE,FALSE,0,-5.3766393333235065
0-4 km,13222,6CL8,6CL8,6CL8,Harley Airport,small_airport,06077,San Joaquin,2023-01-01,0.0063,2,1,FALSE,11.424981689453148,5.90198278014126,75.75,100.44624999999999,0.621845199786078,-0.37590364743392063,TRUE,FALSE,0,-4.919880930827792
0-4 km,13222,6CL8,6CL8,6CL8,Harley Airport,small_airport,06077,San Joaquin,2023-02-01,0.001755,2,1,FALSE,11.03748474121096,5.559967998316191,73.875,100.2775,0.09203609405964597,-0.43033651991946087,TRUE,FALSE,0,-5.894337836377259
0-4 km,13222,6CL8,6CL8,6CL8,Harley Airport,small_airport,06077,San Joaquin,2023-03-01,0.00298,3,1,FALSE,9.408339436848982,5.522908407840173,81.08333333333333,100.14583333333333,0.15204775312768795,0.33706922592856853,TRUE,FALSE,0,-5.526473459685791
0-4 km,13222,6CL8,6CL8,6CL8,Harley Airport,small_airport,06077,San Joaquin,2023-04-01,0.008573333333333334,3,1,FALSE,10.891656494140648,3.1016441972382163,79.25,100.06750000000001,0.41352477967291057,0.6174540412321445,TRUE,FALSE,0,-4.648773823470223
0-4 km,13222,6CL8,6CL8,6CL8,Harley Airport,small_airport,06077,San Joaquin,2023-05-01,0.0029300000000000003,2,1,FALSE,13.42499694824221,6.772437589924024,79.375,99.7575,-0.06809259835416531,0.15001334353967263,TRUE,FALSE,0,-5.539115853100967
0-4 km,13222,6CL8,6CL8,6CL8,Harley Airport,small_airport,06077,San Joaquin,2023-06-01,0.0029833333333333335,3,1,FALSE,15.625004069010439,4.016253006896488,76,99.59333333333333,-0.04197849576782935,-0.3093591741489189,TRUE,FALSE,0,-5.525636289272727
0-4 km,13222,6CL8,6CL8,6CL8,Harley Airport,small_airport,06077,San Joaquin,2023-07-01,0.0048000000000000004,2,1,FALSE,17.78748474121096,3.1535720874453763,70,99.57374999999999,0.6307623170196816,0.735166543548768,TRUE,FALSE,0,-5.149897361429764
0-4 km,13222,6CL8,6CL8,6CL8,Harley Airport,small_airport,06077,San Joaquin,2023-08-01,0.00281,3,1,FALSE,18.391646321614605,3.131861515052622,75.33333333333333,99.90666666666667,-0.29136465526085403,0.5194578794162877,TRUE,FALSE,0,-5.570126089843527
0-4 km,13222,6CL8,6CL8,6CL8,Harley Airport,small_airport,06077,San Joaquin,2023-09-01,0.002425,2,1,FALSE,17.499978637695335,3.62913171708609,74.5,99.70375,-0.4290576741464713,-0.1962045235919812,TRUE,FALSE,0,-5.676653807267948
0-4 km,13222,6CL8,6CL8,6CL8,Harley Airport,small_airport,06077,San Joaquin,2023-10-01,0.005406666666666666,3,1,FALSE,14.999993896484398,2.580145911752681,78.16666666666667,100.11833333333334,-0.08544033429278214,0.5866092102390308,TRUE,FALSE,0,-5.050416164108101
0-4 km,13222,6CL8,6CL8,6CL8,Harley Airport,small_airport,06077,San Joaquin,2023-11-01,0.002845,2,1,FALSE,13.374978637695335,4.284359165256458,71.125,100.60875,0.6309403442255223,0.7725554495492972,TRUE,FALSE,0,-5.56098167602453
0-4 km,13222,6CL8,6CL8,6CL8,Harley Airport,small_airport,06077,San Joaquin,2023-12-01,0.010906666666666667,3,1,FALSE,12.358321126302107,1.968942794976262,81.75,100.42666666666666,-0.2031995204758688,0.549888507837989,TRUE,FALSE,0,-4.430656811641948
0-4 km,13222,6CL8,6CL8,6CL8,Harley Airport,small_airport,06077,San Joaquin,2024-01-01,0.00428,3,1,FALSE,12.058312988281273,5.012746072572521,80.66666666666667,99.76,0.10784024911242258,-0.36460302927945143,TRUE,FALSE,0,-5.243829181263967
0-4 km,13222,6CL8,6CL8,6CL8,Harley Airport,small_airport,06077,San Joaquin,2024-02-01,0.006055,2,1,FALSE,12.074990844726585,3.1919988912665755,79.375,100.23249999999999,-0.5310488936762467,0.6995117901569745,TRUE,FALSE,0,-4.95401869367736
0-4 km,13222,6CL8,6CL8,6CL8,Harley Airport,small_airport,06077,San Joaquin,2024-03-01,0.0021633333333333335,3,1,FALSE,12.149997965494814,3.080507422156589,83.58333333333333,99.57583333333334,-0.18817994345672726,0.7022238035337097,TRUE,FALSE,0,-5.7561289550284105
0-4 km,13222,6CL8,6CL8,6CL8,Harley Airport,small_airport,06077,San Joaquin,2024-04-01,0.002055,2,1,FALSE,11.324990844726585,2.962145090687557,81.625,99.89,0.7824749143017083,-0.40418331637247484,TRUE,FALSE,0,-5.790975686358578
0-4 km,13222,6CL8,6CL8,6CL8,Harley Airport,small_airport,06077,San Joaquin,2024-05-01,0.0018166666666666667,3,1,FALSE,13.616662597656273,7.085235621579243,75.58333333333333,99.9325,-0.1987273160931998,0.3258246261382336,TRUE,FALSE,0,-5.872201126281164
0-4 km,13222,6CL8,6CL8,6CL8,Harley Airport,small_airport,06077,San Joaquin,2024-06-01,0.00287,2,1,FALSE,18.199990844726585,2.540524411783455,64.5,99.47125,0.014236033865155595,0.8031787472094567,TRUE,FALSE,0,-5.554500771940447
0-4 km,13222,6CL8,6CL8,6CL8,Harley Airport,small_airport,06077,San Joaquin,2024-07-01,0.00211,3,1,FALSE,16.808323160807316,1.4493398907783888,75.16666666666667,99.8625,0.8868512256627781,0.24450199839413664,TRUE,FALSE,0,-5.773132552790995
0-4 km,13222,6CL8,6CL8,6CL8,Harley Airport,small_airport,06077,San Joaquin,2024-08-01,0.003535,2,1,FALSE,17.062493896484398,1.7194676929823645,76.5,99.7225,0.68220175111698,0.18089612079202844,TRUE,FALSE,0,-5.395930195415037
0-4 km,13222,6CL8,6CL8,6CL8,Harley Airport,small_airport,06077,San Joaquin,2024-09-01,0.003973333333333333,3,1,FALSE,17.749983723958355,4.466046276140239,74.25,99.505,-0.10208263923451723,0.32877834157998825,TRUE,FALSE,0,-5.303664972874632
0-4 km,18125,IN56,IN56,IN56,Carroll's Airpark,small_airport,18035,Delaware,2016-01-01,0.03190909090909091,11,1,FALSE,-2.2863830566406023,6.202906595384646,79.95454545454545,99.83545454545455,-0.3272550374299351,-0.3369015559332671,FALSE,FALSE,0,-3.4140063399547365
0-4 km,18125,IN56,IN56,IN56,Carroll's Airpark,small_airport,18035,Delaware,2016-02-01,0.023333333333333334,9,1,FALSE,1.4527662489149533,6.955683270199667,82.41666666666667,99.66638888888889,-0.587461739760897,-0.24918730107346632,FALSE,FALSE,0,-3.7159081265018554
0-4 km,18125,IN56,IN56,IN56,Carroll's Airpark,small_airport,18035,Delaware,2016-03-01,0.02818181818181818,11,1,FALSE,10.04544566761366,6.554656698247859,85.54545454545455,99.38886363636364,-0.20766046072488067,-0.34125026727301605,FALSE,FALSE,0,-3.5342094286504917
0-4 km,18125,IN56,IN56,IN56,Carroll's Airpark,small_airport,18035,Delaware,2016-04-01,0.020777777777777777,9,1,FALSE,10.883315022786482,4.594153587894975,79.55555555555556,99.92916666666666,-0.713907908541711,0.26086446383694634,FALSE,FALSE,0,-3.826865197087839
0-4 km,18125,IN56,IN56,IN56,Carroll's Airpark,small_airport,18035,Delaware,2016-05-01,0.0291,10,1,FALSE,15.344992065429711,5.9674800631836815,86.725,99.69975,-0.30704268589873207,0.06432572964182715,FALSE,FALSE,0,-3.503230107227307
0-4 km,18125,IN56,IN56,IN56,Carroll's Airpark,small_airport,18035,Delaware,2016-06-01,0.03922222222222222,9,1,FALSE,21.908336046006966,6.7959324823427725,80,99.46666666666667,-0.5366080253090716,-0.1352728211947652,FALSE,FALSE,0,-3.2133356444925854
0-4 km,18125,IN56,IN56,IN56,Carroll's Airpark,small_airport,18035,Delaware,2016-07-01,0.021444444444444447,9,1,FALSE,23.833320448133705,5.135434208161236,83.91666666666667,99.70666666666666,-0.42111756037025794,-0.24707415096650048,FALSE,FALSE,0,-3.7967121589171517
0-4 km,18125,IN56,IN56,IN56,Carroll's Airpark,small_airport,18035,Delaware,2016-08-01,0.0262,10,1,FALSE,24.47749633789065,6.138199461472227,86.3,99.83575,-0.3019002375689842,-0.18242185884475592,FALSE,FALSE,0,-3.6045383056801854
0-4 km,18125,IN56,IN56,IN56,Carroll's Airpark,small_airport,18035,Delaware,2016-09-01,0.02688888888888889,9,1,FALSE,20.51944037543405,3.4944341889559754,77.63888888888889,99.93583333333333,-0.014908366026587287,-0.0661751493783431,FALSE,FALSE,0,-3.5795269171865725
0-4 km,18125,IN56,IN56,IN56,Carroll's Airpark,small_airport,18035,Delaware,2016-10-01,0.0311,10,1,FALSE,17.14248962402346,6.053398908009487,75.375,99.90975,-0.09176390767048992,-0.18288314035928707,FALSE,FALSE,0,-3.438899248846167
0-4 km,18125,IN56,IN56,IN56,Carroll's Airpark,small_airport,18035,Delaware,2016-11-01,0.021777777777777778,9,1,FALSE,10.688873969184051,4.675613203911321,74.94444444444444,100.05944444444445,-0.34623319354466214,-0.5188569238729198,FALSE,FALSE,0,-3.7819698771799484
0-4 km,18125,IN56,IN56,IN56,Carroll's Airpark,small_airport,18035,Delaware,2016-12-01,0.0414,10,1,FALSE,-0.18501281738278977,4.82672974139666,85.65,100.16,0.07222100021512956,-0.5588869639255909,FALSE,FALSE,0,-3.160606916744225
0-4 km,18125,IN56,IN56,IN56,Carroll's Airpark,small_airport,18035,Delaware,2017-01-01,0.015,10,1,FALSE,0.6924804687500228,6.044881166311553,85.675,99.6405,-0.46368095451514174,-0.20489396964561993,FALSE,FALSE,0,-4.135166556742356
0-4 km,18125,IN56,IN56,IN56,Carroll's Airpark,small_airport,18035,Delaware,2017-02-01,0.02225,8,1,FALSE,5.112485504150413,5.391014594849685,78.3125,99.7065625,-0.38875294252152665,-0.16927250720958542,FALSE,FALSE,0,-3.7614501469487718
0-4 km,18125,IN56,IN56,IN56,Carroll's Airpark,small_airport,18035,Delaware,2017-03-01,0.0316,10,1,FALSE,3.9824920654297102,5.386735698520659,76.675,100.33025,0.08693403187430943,-0.11220736728559795,FALSE,FALSE,0,-3.423442990609475
0-4 km,18125,IN56,IN56,IN56,Carroll's Airpark,small_airport,18035,Delaware,2017-04-01,0.01625,8,1,FALSE,12.537496185302757,7.564307182114054,80.46875,99.7090625,-0.7391220244066365,0.04432093972051971,FALSE,FALSE,0,-4.059943135504768
0-4 km,18125,IN56,IN56,IN56,Carroll's Airpark,small_airport,18035,Delaware,2017-05-01,0.039181818181818186,11,1,FALSE,16.615905206853714,5.197399694018101,82.8409090909091,99.19954545454546,-0.6388230906223468,-0.1943872201189218,FALSE,FALSE,0,-3.214340669702809
0-4 km,18125,IN56,IN56,IN56,Carroll's Airpark,small_airport,18035,Delaware,2017-06-01,0.0409,10,1,FALSE,21.695001220703148,6.822555540790962,76.9,99.43025,-0.5799072295110284,-0.24536135209280027,FALSE,FALSE,0,-3.172469452054045
0-4 km,18125,IN56,IN56,IN56,Carroll's Airpark,small_airport,18035,Delaware,2017-07-01,0.0287,10,1,FALSE,23.60248718261721,4.472287882449911,80.6,99.7245,-0.49535655381412824,-0.05216026378549504,FALSE,FALSE,0,-3.516608233173483
0-4 km,18125,IN56,IN56,IN56,Carroll's Airpark,small_airport,18035,Delaware,2017-08-01,0.0409,10,1,FALSE,21.559991455078148,5.666573368299013,79.375,99.79525,-0.33528003658064776,-0.14455941867366845,FALSE,FALSE,0,-3.172469452054045
0-4 km,18125,IN56,IN56,IN56,Carroll's Airpark,small_airport,18035,Delaware,2017-09-01,0.0296,10,1,FALSE,19.77249450683596,6.095286236877033,77.95,99.83125,-0.4602947498244695,-0.01101444992178027,FALSE,FALSE,0,-3.486755270023802
0-4 km,18125,IN56,IN56,IN56,Carroll's Airpark,small_airport,18035,Delaware,2017-10-01,0.04190909090909091,11,1,FALSE,14.238630260120761,5.618437271958833,74.81818181818181,99.9890909090909,-0.027655208756556977,-0.30428603569591867,FALSE,FALSE,0,-3.148671566194952
0-4 km,18125,IN56,IN56,IN56,Carroll's Airpark,small_airport,18035,Delaware,2017-11-01,0.018444444444444444,9,1,FALSE,7.844428846571203,5.9894652004062685,78.77777777777777,99.93416666666667,0.04828024269034362,-0.3489359498714344,FALSE,FALSE,0,-3.9401938823948424
0-4 km,18125,IN56,IN56,IN56,Carroll's Airpark,small_airport,18035,Delaware,2017-12-01,0.0463,10,1,FALSE,-3.3025115966796648,4.312293132943486,78.875,100.0635,0.02538675905169576,-0.11632595882177782,FALSE,FALSE,0,-3.0512449834842497
0-4 km,18125,IN56,IN56,IN56,Carroll's Airpark,small_airport,18035,Delaware,2018-01-01,0.0207,10,1,FALSE,-5.055023193359352,7.152166450258287,67.3,100.8375,-0.4954835358608563,-0.7189006922431698,FALSE,FALSE,0,-3.830443018435723
0-4 km,18125,IN56,IN56,IN56,Carroll's Airpark,small_airport,18035,Delaware,2018-02-01,0.009899999999999999,10,1,FALSE,2.509991455078148,6.10972836992424,84.55,100.159,-0.16764313409448278,-0.11397782938476682,FALSE,FALSE,0,-4.518992489747039
0-4 km,18125,IN56,IN56,IN56,Carroll's Airpark,small_airport,18035,Delaware,2018-03-01,0.011,10,1,FALSE,2.669995117187523,6.695173919608417,75.1,99.804,-0.682662521609673,-0.13793745282522182,FALSE,FALSE,0,-4.422848629194137
0-4 km,18125,IN56,IN56,IN56,Carroll's Airpark,small_airport,18035,Delaware,2018-04-01,0.008,10,1,FALSE,7.674981689453148,5.877041672705658,70.7,99.829,-0.6989527921771205,0.21330157139487207,FALSE,FALSE,0,-4.710530701645918
0-4 km,18125,IN56,IN56,IN56,Carroll's Airpark,small_airport,18035,Delaware,2018-05-01,0.0292,10,1,FALSE,20.199993896484397,5.7226068641239864,85.45,99.6805,-0.5586709100385309,-0.46712296514585333,FALSE,FALSE,0,-3.499913354601313
0-4 km,18125,IN56,IN56,IN56,Carroll's Airpark,small_airport,18035,Delaware,2018-06-01,0.0263,10,1,FALSE,22.189996337890648,4.477368882783052,89.2,99.4885,-0.13495359845393073,-0.3187986999150001,FALSE,FALSE,0,-3.600868576791223
0-4 km,18125,IN56,IN56,IN56,Carroll's Airpark,small_airport,18035,Delaware,2018-07-01,0.008583333333333333,12,1,FALSE,22.324995930989605,5.589568735832926,80.70833333333333,99.88541666666667,-0.5580172154915304,0.17181396378731556,FALSE,FALSE,0,-4.647729800406887
0-4 km,18125,IN56,IN56,IN56,Carroll's Airpark,small_airport,18035,Delaware,2018-08-01,0.0087,10,1,FALSE,22.454998779296897,5.1851223202214936,87.6,99.9205,-0.771649566870398,-0.11287843965532651,FALSE,FALSE,0,-4.6356293934728
0-4 km,18125,IN56,IN56,IN56,Carroll's Airpark,small_airport,18035,Delaware,2018-09-01,0.02,10,1,FALSE,19.309991455078148,5.292389389042644,84.55,100.1065,-0.17816768640342565,0.2306264345748086,FALSE,FALSE,0,-3.863232841258714
0-4 km,18125,IN56,IN56,IN56,Carroll's Airpark,small_airport,18035,Delaware,2018-10-01,0.0253,10,1,FALSE,12.754998779296898,4.531651500393669,82.35,99.76299999999999,-0.153941576588501,-0.14890480275472087,FALSE,FALSE,0,-3.638186339798418
0-4 km,18125,IN56,IN56,IN56,Carroll's Airpark,small_airport,18035,Delaware,2018-11-01,0.0171,10,1,FALSE,0.5899841308593977,5.554813560225696,85.25,100.25,0.6038136645147866,-0.24370584505343454,FALSE,FALSE,0,-4.011843340710357
0-4 km,18125,IN56,IN56,IN56,Carroll's Airpark,small_airport,18035,Delaware,2018-12-01,0.0163,10,1,FALSE,2.5650024414062726,6.686252538699475,88.15,99.688,-0.1954429560637817,0.14225037441379793,FALSE,FALSE,0,-4.057048777478403
0-4 km,18125,IN56,IN56,IN56,Carroll's Airpark,small_airport,18035,Delaware,2019-01-01,0.0238,5,1,FALSE,-5.170007324218727,4.639198740277416,78.3,100.2315,-0.3407586664517898,-0.08376892106967035,FALSE,FALSE,0,-3.6969116258112003
0-4 km,18125,IN56,IN56,IN56,Carroll's Airpark,small_airport,18035,Delaware,2019-02-01,0.009833333333333335,6,1,FALSE,-1.283336385091123,6.211730467670375,78.16666666666667,100.37458333333333,-0.4341850560621599,-0.2467236687296669,FALSE,FALSE,0,-4.5251274783145545
0-4 km,18125,IN56,IN56,IN56,Carroll's Airpark,small_airport,18035,Delaware,2019-03-01,0.0287,10,1,FALSE,3.4299865722656477,6.533302926608661,78.95,99.8165,-0.0770277338224124,-0.1421200303759734,FALSE,FALSE,0,-3.516608233173483
0-4 km,18125,IN56,IN56,IN56,Carroll's Airpark,small_airport,18035,Delaware,2019-04-01,0.017,9,1,FALSE,10.422218153211828,5.214486525026265,77.16666666666667,99.41111111111111,-0.4440642494574015,0.17680111948416544,FALSE,FALSE,0,-4.017383521085972
0-4 km,18125,IN56,IN56,IN56,Carroll's Airpark,small_airport,18035,Delaware,2019-05-01,0.024,5,1,FALSE,16.78499145507815,3.7327285955690876,87.4,99.7945,-0.8955008488970592,0.009880725302030916,FALSE,FALSE,0,-3.6888794541139363
0-4 km,18125,IN56,IN56,IN56,Carroll's Airpark,small_airport,18035,Delaware,2019-06-01,0.040299999999999996,10,1,FALSE,19.569989013671897,5.09906989538568,89,99.299,-0.49491690368892927,-0.25049086595486736,FALSE,FALSE,0,-3.18689277901515
0-4 km,18125,IN56,IN56,IN56,Carroll's Airpark,small_airport,18035,Delaware,2019-07-01,0.03371428571428572,7,1,FALSE,23.803569684709846,6.2427538489216206,83.39285714285714,99.88071428571429,-0.028187005091121327,-0.029047745887451393,FALSE,FALSE,0,-3.3606039846969016
0-4 km,18125,IN56,IN56,IN56,Carroll's Airpark,small_airport,18035,Delaware,2019-08-01,0.0165,12,1,FALSE,22.295816040039085,5.537058317201106,86.83333333333333,99.68333333333334,-0.0963928807588492,-0.07427590680138711,FALSE,FALSE,0,-4.045554398052668
0-4 km,18125,IN56,IN56,IN56,Carroll's Airpark,small_airport,18035,Delaware,2019-09-01,0.03671428571428571,7,1,FALSE,21.535690743582613,4.943298202886658,82.85714285714286,99.8925,-0.37768550429942493,0.05894106056876804,FALSE,FALSE,0,-3.2777163248911343
0-4 km,18125,IN56,IN56,IN56,Carroll's Airpark,small_airport,18035,Delaware,2019-10-01,0.019,6,1,FALSE,11.791665649414085,5.409395947399409,80.125,100.04375,0.23026461769122966,0.06693749814835898,FALSE,FALSE,0,-3.912023005428146
0-4 km,18125,IN56,IN56,IN56,Carroll's Airpark,small_airport,18035,Delaware,2019-11-01,0.013333333333333332,9,1,FALSE,4.9388637966580085,2.7956885880706532,79.75,100.09833333333333,-0.3369425651066503,0.5285368567190251,FALSE,FALSE,0,-4.245167451956684
0-4 km,18125,IN56,IN56,IN56,Carroll's Airpark,small_airport,18035,Delaware,2019-12-01,0.025285714285714286,7,1,FALSE,4.703567940848237,5.31233156064057,87.07142857142857,99.89071428571428,-0.03838228358825303,-0.4659465938554239,FALSE,FALSE,0,-3.638729670428465
0-4 km,18125,IN56,IN56,IN56,Carroll's Airpark,small_airport,18035,Delaware,2020-01-01,0.005833333333333334,6,1,FALSE,2.0583129882812727,7.661184182854333,87.08333333333333,100.13583333333334,-0.8281007963811601,0.037391809047644047,FALSE,FALSE,0,-4.985942681505884
0-4 km,18125,IN56,IN56,IN56,Carroll's Airpark,small_airport,18035,Delaware,2020-02-01,0.0259,10,1,FALSE,-2.4750122070312273,6.478531363596179,75.55,100.444,-0.33628500275133905,0.011155885000874444,FALSE,FALSE,0,-3.6156289923743437
0-4 km,18125,IN56,IN56,IN56,Carroll's Airpark,small_airport,18035,Delaware,2020-03-01,0.017833333333333333,6,1,FALSE,7.649982706705752,6.681028371337875,82.91666666666667,99.90083333333334,-0.5090074793790254,-0.17527696836395365,FALSE,FALSE,0,-3.9721269294978514
0-4 km,18125,IN56,IN56,IN56,Carroll's Airpark,small_airport,18035,Delaware,2020-04-01,0.04211111111111111,9,1,FALSE,9.233314344618078,4.756807210167204,68.02777777777777,99.45833333333333,-0.2818795130577933,0.20628054602602408,FALSE,FALSE,0,-3.1439745166950828
0-4 km,18125,IN56,IN56,IN56,Carroll's Airpark,small_airport,18035,Delaware,2020-05-01,0.0169,10,1,FALSE,15.464990234375023,4.581233271228066,83.7,99.7245,0.3123871088829697,-0.3554202798438764,FALSE,FALSE,0,-4.022954566135428
0-4 km,18125,IN56,IN56,IN56,Carroll's Airpark,small_airport,18035,Delaware,2020-06-01,0.10444444444444445,9,1,FALSE,20.50276082356773,4.756656214229388,72.33333333333333,99.9511111111111,-0.10770640126841044,-0.15149932259462795,FALSE,FALSE,0,-2.2495710577084287
0-4 km,18125,IN56,IN56,IN56,Carroll's Airpark,small_airport,18035,Delaware,2020-07-01,0.0291,10,1,FALSE,24.579992675781273,2.9992743237612705,81.05,99.687,-0.5128618173166359,-0.3301643545969215,FALSE,FALSE,0,-3.503230107227307
0-4 km,18125,IN56,IN56,IN56,Carroll's Airpark,small_airport,18035,Delaware,2020-08-01,0.024916666666666667,12,1,FALSE,22.016656494140648,4.622133002165514,82,99.63625,-0.01636425711784049,0.2827338694173377,FALSE,FALSE,0,-3.6528690165909032
0-4 km,18125,IN56,IN56,IN56,Carroll's Airpark,small_airport,18035,Delaware,2020-09-01,0.048888888888888885,9,1,FALSE,17.94999932183162,6.171085154112299,72.5,99.74472222222222,-0.5723215210672337,-0.4777261659654134,FALSE,FALSE,0,-2.9979569685761023
0-4 km,18125,IN56,IN56,IN56,Carroll's Airpark,small_airport,18035,Delaware,2020-10-01,0.0324,10,1,FALSE,11.849987792968772,7.183075298820065,78.45,99.837,-0.27691364621053666,-0.10727057755652218,FALSE,FALSE,0,-3.3991993789994823
0-4 km,18125,IN56,IN56,IN56,Carroll's Airpark,small_airport,18035,Delaware,2020-11-01,0.0167,10,1,FALSE,7.979986572265648,4.947179409489584,81.05,100.178,0.6982752744952623,-0.17279742826984804,FALSE,FALSE,0,-4.034190639402354
0-4 km,18125,IN56,IN56,IN56,Carroll's Airpark,small_airport,18035,Delaware,2020-12-01,0.008666666666666666,9,1,FALSE,1.1749918619791895,5.924777291405883,84.86111111111111,100.11611111111111,-0.08046711430574713,0.24316068680907207,FALSE,FALSE,0,-4.639071737663772
0-4 km,18125,IN56,IN56,IN56,Carroll's Airpark,small_airport,18035,Delaware,2021-01-01,0.0278,10,1,FALSE,-2.595013427734352,5.300888011821877,87.7,99.9705,0.26367837082127027,0.04529927098231665,FALSE,FALSE,0,-3.547379891840237
0-4 km,18125,IN56,IN56,IN56,Carroll's Airpark,small_airport,18035,Delaware,2021-02-01,0.006555555555555556,9,1,FALSE,-4.627789984809005,4.073326080302247,85.41666666666667,100.3275,-0.20306279118990636,0.19589080593666164,FALSE,FALSE,0,-4.88547215114225
0-4 km,18125,IN56,IN56,IN56,Carroll's Airpark,small_airport,18035,Delaware,2021-03-01,0.0224,10,1,FALSE,7.680004882812523,6.2695466182806205,79.2,100.088,-0.744301706825661,-0.07945638524659494,FALSE,FALSE,0,-3.7550192566184815
0-4 km,18125,IN56,IN56,IN56,Carroll's Airpark,small_airport,18035,Delaware,2021-04-01,0.026222222222222223,9,1,FALSE,11.322215440538217,5.624463285218008,77.61111111111111,99.64083333333333,0.2675076842134502,-0.12896450311214563,FALSE,FALSE,0,-3.6037216457736294
0-4 km,18125,IN56,IN56,IN56,Carroll's Airpark,small_airport,18035,Delaware,2021-05-01,0.017166666666666667,6,1,FALSE,17.02082214355471,4.9485769085220905,79.20833333333333,99.7225,-0.4338584299330776,0.28615687565124814,FALSE,FALSE,0,-4.008166865981048
0-4 km,18125,IN56,IN56,IN56,Carroll's Airpark,small_airport,18035,Delaware,2021-06-01,0.022222222222222223,9,1,FALSE,22.17222154405384,4.615122597575101,85.38888888888889,99.43944444444445,0.2056266544907952,-0.4552901539510525,FALSE,FALSE,0,-3.7626456043535454
0-4 km,18125,IN56,IN56,IN56,Carroll's Airpark,small_airport,18035,Delaware,2021-07-01,0.049300000000000004,10,1,FALSE,22.44000244140627,5.49719402890034,78.6,99.7885,0.23443216456663832,0.2580173336799828,FALSE,FALSE,0,-2.9897502018764435
0-4 km,18125,IN56,IN56,IN56,Carroll's Airpark,small_airport,18035,Delaware,2021-08-01,0.0105,8,1,FALSE,22.862485504150413,4.3275256754532565,84.09375,99.904375,-0.2516101845177015,0.1999105441949632,FALSE,FALSE,0,-4.4654082436129325
0-4 km,18125,IN56,IN56,IN56,Carroll's Airpark,small_airport,18035,Delaware,2021-09-01,0.0533,10,1,FALSE,21.550000000000022,5.276117843501158,78.45,99.6595,-0.176638235455847,-0.21785603630651526,FALSE,FALSE,0,-2.913231052042247
0-4 km,18125,IN56,IN56,IN56,Carroll's Airpark,small_airport,18035,Delaware,2021-10-01,0.024999999999999998,10,1,FALSE,16.714996337890646,3.762133612845531,81.35,99.92,0.18597341556589064,-0.3302041205509346,FALSE,FALSE,0,-3.649658740960655
0-4 km,18125,IN56,IN56,IN56,Carroll's Airpark,small_airport,18035,Delaware,2021-11-01,0.0583,10,1,FALSE,5.929986572265648,5.212908214430459,79.6,99.9635,0.3959818848302312,-0.6851001492419878,FALSE,FALSE,0,-2.8251459729784574
0-4 km,18125,IN56,IN56,IN56,Carroll's Airpark,small_airport,18035,Delaware,2021-12-01,0.016,6,1,FALSE,6.324975585937523,4.658245368326074,89.58333333333333,99.40208333333334,-0.2594284627822217,-0.43561768907876053,FALSE,FALSE,0,-4.074541934925921
0-4 km,18125,IN56,IN56,IN56,Carroll's Airpark,small_airport,18035,Delaware,2022-01-01,0.025,9,1,FALSE,-6.091674126519075,4.493148153135732,73.5,99.96111111111111,-0.5170609304926911,0.11498274077381818,TRUE,FALSE,0,-3.649658740960655
0-4 km,18125,IN56,IN56,IN56,Carroll's Airpark,small_airport,18035,Delaware,2022-02-01,0.0143,10,1,FALSE,2.3299865722656476,8.989369226833826,79.25,99.96000000000001,-0.22258867826704817,-0.31860578085375707,TRUE,FALSE,0,-4.179902450583747
0-4 km,18125,IN56,IN56,IN56,Carroll's Airpark,small_airport,18035,Delaware,2022-03-01,0.0205,4,1,FALSE,9.393739318847679,6.792433121072285,78.8125,99.396875,-0.39204044982519004,-0.2780850371054017,TRUE,FALSE,0,-3.83970234384852
0-4 km,18125,IN56,IN56,IN56,Carroll's Airpark,small_airport,18035,Delaware,2022-04-01,0.009888888888888888,9,1,FALSE,11.83610772026912,4.090405909286632,78.33333333333333,99.78083333333333,0.10253604553546745,-0.17489783069755138,TRUE,FALSE,0,-4.5200123776477845
0-4 km,18125,IN56,IN56,IN56,Carroll's Airpark,small_airport,18035,Delaware,2022-05-01,0.0072,5,1,FALSE,16.3549987792969,4.754426604846701,82.75,99.858,0.1273110035907298,-0.13032721511869683,TRUE,FALSE,0,-4.803621124711929
0-4 km,18125,IN56,IN56,IN56,Carroll's Airpark,small_airport,18035,Delaware,2022-06-01,0.04666666666666667,9,1,FALSE,22.36387871636287,3.755646634273276,65.19444444444444,99.80194444444444,-0.6955394458720391,0.1396585962376003,TRUE,FALSE,0,-3.0435229373903394
0-4 km,18125,IN56,IN56,IN56,Carroll's Airpark,small_airport,18035,Delaware,2022-07-01,0.04428571428571428,7,1,FALSE,23.97142508370538,3.946721945114715,78.42857142857143,99.63892857142856,0.06265651023349328,-0.5417459382908796,TRUE,FALSE,0,-3.09476365416017
0-4 km,18125,IN56,IN56,IN56,Carroll's Airpark,small_airport,18035,Delaware,2022-08-01,0.0226,10,1,FALSE,22.720001220703146,5.909816536336076,88.15,99.6555,-0.47169040710670374,-0.04181392662920763,TRUE,FALSE,0,-3.7465085669505727
0-4 km,18125,IN56,IN56,IN56,Carroll's Airpark,small_airport,18035,Delaware,2022-09-01,0.019666666666666666,9,1,FALSE,20.308333333333355,2.944368543636247,75.22222222222223,99.69,-0.3408600256787707,0.06431916162898578,TRUE,FALSE,0,-3.879233182605155
0-4 km,18125,IN56,IN56,IN56,Carroll's Airpark,small_airport,18035,Delaware,2022-10-01,0.03144444444444444,9,1,FALSE,9.597205946180578,5.92591314382317,59.94444444444444,99.80111111111111,-0.4299404494100601,-0.1784290143652654,TRUE,FALSE,0,-3.4282260540500746
0-4 km,18125,IN56,IN56,IN56,Carroll's Airpark,small_airport,18035,Delaware,2022-11-01,0.0523,10,1,FALSE,5.774987792968773,4.891637993525268,77.45,100.2665,-0.609508087374908,-0.24055553786721998,TRUE,FALSE,0,-2.931818947810338
0-4 km,18125,IN56,IN56,IN56,Carroll's Airpark,small_airport,18035,Delaware,2022-12-01,0.015272727272727273,11,1,FALSE,-0.9204578746448636,5.9906425513441235,77.81818181818181,100.33386363636363,-0.4110440133630165,-0.1433747317801172,TRUE,FALSE,0,-4.118264745939753
0-4 km,18125,IN56,IN56,IN56,Carroll's Airpark,small_airport,18035,Delaware,2023-01-01,0.013111111111111112,9,1,FALSE,2.594439019097245,4.860345865328592,91.83333333333333,99.79972222222221,-0.4202341199211368,-0.07086356824355061,TRUE,FALSE,0,-4.260792769859765
0-4 km,18125,IN56,IN56,IN56,Carroll's Airpark,small_airport,18035,Delaware,2023-02-01,0.023625,8,1,FALSE,4.9124923706054915,5.483449781542028,82.1875,99.7925,0.15761016527990995,-0.13452923992685742,TRUE,FALSE,0,-3.7039930919239845
0-4 km,18125,IN56,IN56,IN56,Carroll's Airpark,small_airport,18035,Delaware,2023-03-01,0.03654545454545455,11,1,FALSE,6.281807084517069,5.679820647287901,83.25,99.48840909090909,-0.154434940984899,-0.2598642222435762,TRUE,FALSE,0,-3.2822029588194748
0-4 km,18125,IN56,IN56,IN56,Carroll's Airpark,small_airport,18035,Delaware,2023-04-01,0.038,10,1,FALSE,9.109985351562523,3.351577710328152,76.05,99.6405,-0.6453491867786223,0.2609402845362826,TRUE,FALSE,0,-3.2441936328524905
0-4 km,18125,IN56,IN56,IN56,Carroll's Airpark,small_airport,18035,Delaware,2023-05-01,0.0096,10,1,FALSE,18.695001220703148,4.791991912548338,70.25,99.9075,-0.19877503523633705,-0.04040449778840058,TRUE,FALSE,0,-4.546901277864116
0-4 km,18125,IN56,IN56,IN56,Carroll's Airpark,small_airport,18035,Delaware,2023-06-01,0.013111111111111112,9,1,FALSE,20.294434271918426,5.244591711939666,74.30555555555556,99.49222222222222,0.1981706896339153,0.21723181274672976,TRUE,FALSE,0,-4.260792769859765
0-4 km,18125,IN56,IN56,IN56,Carroll's Airpark,small_airport,18035,Delaware,2023-07-01,0.039,9,1,FALSE,23.68888075086808,4.089102665289685,79.58333333333333,99.57111111111111,0.21874468967321375,-0.706219401856227,TRUE,FALSE,0,-3.2188758248682006
0-4 km,18125,IN56,IN56,IN56,Carroll's Airpark,small_airport,18035,Delaware,2023-08-01,0.0177,10,1,FALSE,21.819989013671897,6.879007353936863,78.65,99.62950000000001,-0.4800287599075483,0.263028125400947,TRUE,FALSE,0,-3.979231755121596
0-4 km,18125,IN56,IN56,IN56,Carroll's Airpark,small_airport,18035,Delaware,2023-09-01,0.0175,8,1,FALSE,20.137490844726585,5.724025232151094,75.75,100.1,0.5105934582523342,-0.04057769801201156,TRUE,FALSE,0,-3.989984546897858
0-4 km,18125,IN56,IN56,IN56,Carroll's Airpark,small_airport,18035,Delaware,2023-10-01,0.0144,5,1,FALSE,14.844989013671897,7.480353551529307,74.8,99.4935,-0.3344635332905559,-0.1318424504943222,TRUE,FALSE,0,-4.173387769562553
0-4 km,18125,IN56,IN56,IN56,Carroll's Airpark,small_airport,18035,Delaware,2023-11-01,0.0224,5,1,FALSE,6.569989013671898,5.400020383672368,76.1,100.2145,-0.44004226633345134,-0.049434919280615046,TRUE,FALSE,0,-3.7550192566184815
0-4 km,18125,IN56,IN56,IN56,Carroll's Airpark,small_airport,18035,Delaware,2023-12-01,0.025,7,1,FALSE,6.232132393973237,6.725553308454439,77.35714285714286,100.41107142857143,-0.06874394560971486,-0.7019965686962752,TRUE,FALSE,0,-3.649658740960655
0-4 km,18125,IN56,IN56,IN56,Carroll's Airpark,small_airport,18035,Delaware,2024-01-01,0.03654545454545455,11,1,FALSE,0.029532137784113646,4.963865299751449,89.47727272727273,99.48159090909091,-0.09747786471999571,-0.08607715233724822,TRUE,FALSE,0,-3.2822029588194748
0-4 km,18125,IN56,IN56,IN56,Carroll's Airpark,small_airport,18035,Delaware,2024-02-01,0.010875,8,1,FALSE,-1.3937591552734148,7.00048416339059,76.375,99.6575,-0.6996992400135773,0.21307497965301414,TRUE,FALSE,0,-4.433319929061432
0-4 km,18125,IN56,IN56,IN56,Carroll's Airpark,small_airport,18035,Delaware,2024-03-01,0.018363636363636363,11,1,FALSE,7.881799316406273,5.223553659307056,76.25,99.75886363636364,-0.29437548423528587,-0.20290615037711288,TRUE,FALSE,0,-3.9443583860710825
0-4 km,18125,IN56,IN56,IN56,Carroll's Airpark,small_airport,18035,Delaware,2024-04-01,0.0055,8,1,FALSE,11.193742370605491,4.2881070881569014,83.78125,99.486875,-0.35718636503787654,0.36698374608023154,TRUE,FALSE,0,-5.035953102080546
0-4 km,18125,IN56,IN56,IN56,Carroll's Airpark,small_airport,18035,Delaware,2024-05-01,0.014857142857142857,7,1,FALSE,17.907141985212075,2.968318155748504,83.85714285714286,99.66928571428572,0.2712332686073866,0.004329342174537172,TRUE,FALSE,0,-4.144135226725116
0-4 km,18125,IN56,IN56,IN56,Carroll's Airpark,small_airport,18035,Delaware,2024-06-01,0.044,9,1,FALSE,23.091658528645855,4.74585983180232,83.77777777777777,99.24305555555556,0.11265855072786411,-0.48788883402910377,TRUE,FALSE,0,-3.101092789211817
0-4 km,18125,IN56,IN56,IN56,Carroll's Airpark,small_airport,18035,Delaware,2024-07-01,0.0455,10,1,FALSE,23.115002441406272,3.0809570756884463,91.4,99.52199999999999,0.3225353628818112,-0.3592662425792438,TRUE,FALSE,0,-3.0683029663888264
0-4 km,18125,IN56,IN56,IN56,Carroll's Airpark,small_airport,18035,Delaware,2024-08-01,0.028,10,1,FALSE,22.654998779296896,4.623715543527,73.3,99.879,-0.17363314314022238,-0.023574442610987623,TRUE,FALSE,0,-3.540459448995663
0-4 km,18125,IN56,IN56,IN56,Carroll's Airpark,small_airport,18035,Delaware,2024-09-01,0.0175,10,1,FALSE,20.699993896484397,4.0673078811859416,68.7,99.865,0.13054135467305783,0.15318315165886118,TRUE,FALSE,0,-3.989984546897858
0-4 km,18125,IN56,IN56,IN56,Carroll's Airpark,small_airport,18035,Delaware,2024-10-01,0.029444444444444443,9,1,FALSE,13.836111111111133,4.050857869274461,62.611111111111114,100.32333333333334,-0.6040575287449159,0.12485394637409052,TRUE,FALSE,0,-3.4918517499302864
0-4 km,18125,IN56,IN56,IN56,Carroll's Airpark,small_airport,18035,Delaware,2024-11-01,0.022,10,1,FALSE,9.179986572265648,5.165656432504007,81.95,99.8995,-0.5673990635871363,0.0894531541933883,TRUE,FALSE,0,-3.7722610630529876
0-4 km,18125,IN56,IN56,IN56,Carroll's Airpark,small_airport,18035,Delaware,2024-12-01,0.05,9,1,FALSE,0.24165581597224495,5.990494282811372,82.13888888888889,100.31666666666666,-0.11339435542711707,-0.37712607836597567,TRUE,FALSE,0,-2.975929646257811
0-4 km,19281,KANE,KANE,ANE,Anoka County-Blaine (Janes Field) Airport,small_airport,27003,Anoka,2016-01-01,0.024,6,1,FALSE,-8.812521362304665,3.9049514156469862,85.58333333333333,97.27916666666667,-0.2676096508426572,-0.14705630889928906,FALSE,FALSE,0,-3.6888794541139363
0-4 km,19281,KANE,KANE,ANE,Anoka County-Blaine (Janes Field) Airport,small_airport,27003,Anoka,2016-02-01,0.01575,4,1,FALSE,-6.143759155273415,5.793220685916196,84.25,97.83625,-0.0493354246292027,-0.011665291894739499,FALSE,FALSE,0,-4.089357020711062
0-4 km,19281,KANE,KANE,ANE,Anoka County-Blaine (Janes Field) Airport,small_airport,27003,Anoka,2016-03-01,0.014,6,1,FALSE,1.1541483561198145,5.412310336621172,83.70833333333333,96.995,-0.4728390253778272,0.17873932962619504,FALSE,FALSE,0,-4.199705077879927
0-4 km,19281,KANE,KANE,ANE,Anoka County-Blaine (Janes Field) Airport,small_airport,27003,Anoka,2016-04-01,0.0118,5,1,FALSE,8.839984130859397,6.027412103214434,78.25,97.53,-0.17246014659756306,-0.03644716670944701,FALSE,FALSE,0,-4.358310108056566
0-4 km,19281,KANE,KANE,ANE,Anoka County-Blaine (Janes Field) Airport,small_airport,27003,Anoka,2016-05-01,0.0048000000000000004,5,1,FALSE,16.014996337890647,6.182323441988102,75,97.39150000000001,-0.4521891527425696,-0.24554097478921197,FALSE,FALSE,0,-5.149897361429764
0-4 km,19281,KANE,KANE,ANE,Anoka County-Blaine (Janes Field) Airport,small_airport,27003,Anoka,2016-06-01,0.0044,5,1,FALSE,18.754992675781274,3.858962432223307,81.35,97.25,-0.477942834591217,0.12278642565446289,FALSE,FALSE,0,-5.221356325411908
0-4 km,19281,KANE,KANE,ANE,Anoka County-Blaine (Janes Field) Airport,small_airport,27003,Anoka,2016-07-01,0.0036,5,1,FALSE,22.209991455078146,5.265244879978473,83.55,97.1225,0.09577790012502455,-0.28069199835457415,FALSE,FALSE,0,-5.381698975487088
0-4 km,19281,KANE,KANE,ANE,Anoka County-Blaine (Janes Field) Airport,small_airport,27003,Anoka,2016-08-01,0.002,5,1,FALSE,22.284997558593773,4.784404159438465,74.75,97.4805,-0.369916105295421,-0.6501865472340845,FALSE,FALSE,0,-5.809142990314028
0-4 km,19281,KANE,KANE,ANE,Anoka County-Blaine (Janes Field) Airport,small_airport,27003,Anoka,2016-09-01,0.0026,5,1,FALSE,17.470007324218773,3.536931833650537,68.3,97.5455,-0.41155379310633955,-0.16206833549955346,FALSE,FALSE,0,-5.626821433520073
0-4 km,19281,KANE,KANE,ANE,Anoka County-Blaine (Janes Field) Airport,small_airport,27003,Anoka,2016-10-01,0.0044,5,1,FALSE,10.464996337890648,4.1134136123381,73.95,97.8155,-0.29951899694135775,-0.2878972551411453,FALSE,FALSE,0,-5.221356325411908
0-4 km,19281,KANE,KANE,ANE,Anoka County-Blaine (Janes Field) Airport,small_airport,27003,Anoka,2016-11-01,0.017,5,1,FALSE,4.594982910156273,5.889978560469677,76.3,97.9605,0.049603783150235815,0.3051009491836527,FALSE,FALSE,0,-4.017383521085972
0-4 km,19281,KANE,KANE,ANE,Anoka County-Blaine (Janes Field) Airport,small_airport,27003,Anoka,2016-12-01,0.006,4,1,FALSE,-6.6562637329101335,4.797599434097891,82.125,97.211875,-0.3267158362388677,-0.4392609661157142,FALSE,FALSE,0,-4.961845129926823
0-4 km,19281,KANE,KANE,ANE,Anoka County-Blaine (Janes Field) Airport,small_airport,27003,Anoka,2017-01-01,0.008666666666666666,3,1,FALSE,-3.375016276041644,5.0577858807416085,87.16666666666667,96.52916666666667,-0.5116607372742387,0.39607944685162616,FALSE,FALSE,0,-4.639071737663772
0-4 km,19281,KANE,KANE,ANE,Anoka County-Blaine (Janes Field) Airport,small_airport,27003,Anoka,2017-02-01,0.0085,2,1,FALSE,-1.4749969482421648,8.089334260125115,81.125,96.63374999999999,-0.003935912301174016,-0.09533120598937428,FALSE,FALSE,0,-4.656463480375642
0-4 km,19281,KANE,KANE,ANE,Anoka County-Blaine (Janes Field) Airport,small_airport,27003,Anoka,2017-03-01,0.0078,5,1,FALSE,-1.7600036621093522,3.3980382851754536,75.8,97.64,0.0732014907932882,0.6467097391298097,FALSE,FALSE,0,-4.733003557497977
0-4 km,19281,KANE,KANE,ANE,Anoka County-Blaine (Janes Field) Airport,small_airport,27003,Anoka,2017-04-01,0.0085,4,1,FALSE,10.268739318847679,5.476478313730544,78.25,97.405,-0.9455338736119347,-0.013075579261593456,FALSE,FALSE,0,-4.656463480375642
0-4 km,19281,KANE,KANE,ANE,Anoka County-Blaine (Janes Field) Airport,small_airport,27003,Anoka,2017-05-01,0.003,6,1,FALSE,9.73748677571617,5.330268404142144,78.95833333333333,97.03416666666666,-0.14293894564334161,0.5116940663885249,FALSE,FALSE,0,-5.521460917862246
0-4 km,19281,KANE,KANE,ANE,Anoka County-Blaine (Janes Field) Airport,small_airport,27003,Anoka,2017-06-01,0.0026,5,1,FALSE,16.704986572265646,3.6230678432124908,88,96.99799999999999,-0.46023980320432795,0.307567774936256,FALSE,FALSE,0,-5.626821433520073
0-4 km,19281,KANE,KANE,ANE,Anoka County-Blaine (Janes Field) Airport,small_airport,27003,Anoka,2017-07-01,0.0056,5,1,FALSE,22.195001220703148,3.772232054230566,79.1,97.4345,-0.0474075837957636,-0.31893374128907637,FALSE,FALSE,0,-5.0206856299497575
0-4 km,19281,KANE,KANE,ANE,Anoka County-Blaine (Janes Field) Airport,small_airport,27003,Anoka,2017-08-01,0.0056,5,1,FALSE,17.659985351562522,5.483591668186704,84.8,97.3925,-0.24179015973339574,0.23711224148862564,FALSE,FALSE,0,-5.0206856299497575
0-4 km,19281,KANE,KANE,ANE,Anoka County-Blaine (Janes Field) Airport,small_airport,27003,Anoka,2017-09-01,6.666666666666666e-4,3,1,FALSE,19.899997965494816,7.1981128375403,71.91666666666667,97.25916666666667,-0.8266323094337763,-0.3104104925687707,FALSE,FALSE,0,-6.396929655216146
0-4 km,19281,KANE,KANE,ANE,Anoka County-Blaine (Janes Field) Airport,small_airport,27003,Anoka,2017-10-01,0.0045000000000000005,4,1,FALSE,9.41248474121096,3.6407639818618023,78.9375,97.978125,-0.328366115211687,-0.022198645475147133,FALSE,FALSE,0,-5.2030071867437115
0-4 km,19281,KANE,KANE,ANE,Anoka County-Blaine (Janes Field) Airport,small_airport,27003,Anoka,2017-11-01,0.0076,5,1,FALSE,0.9849914550781478,4.361180314723926,79.9,97.3825,-0.11312437605017533,0.20078327868730872,FALSE,FALSE,0,-4.755993075722675
0-4 km,19281,KANE,KANE,ANE,Anoka County-Blaine (Janes Field) Airport,small_airport,27003,Anoka,2017-12-01,0.006,5,1,FALSE,-9.055010986328103,4.779858244923229,83.15,97.7805,0.6963262419455324,0.311040472262289,FALSE,FALSE,0,-4.961845129926823
0-4 km,19281,KANE,KANE,ANE,Anoka County-Blaine (Janes Field) Airport,small_airport,27003,Anoka,2018-01-01,0.009600000000000001,5,1,FALSE,-9.465008544921853,5.547772470974961,76.45,97.666,-0.7648132821567829,-0.44510937808275747,FALSE,FALSE,0,-4.546901277864116
0-4 km,19281,KANE,KANE,ANE,Anoka County-Blaine (Janes Field) Airport,small_airport,27003,Anoka,2018-02-01,0.0026,5,1,FALSE,-10.705004882812478,4.546205116593857,83.95,97.54599999999999,-0.24235456166204866,-0.1279944508041103,FALSE,FALSE,0,-5.626821433520073
0-4 km,19281,KANE,KANE,ANE,Anoka County-Blaine (Janes Field) Airport,small_airport,27003,Anoka,2018-03-01,0.0092,5,1,FALSE,-2.8200134277343523,5.177759911503492,84.4,97.681,-0.3626156847401729,0.1192164639506292,FALSE,FALSE,0,-4.585367558691911
0-4 km,19281,KANE,KANE,ANE,Anoka County-Blaine (Janes Field) Airport,small_airport,27003,Anoka,2018-04-01,0.0062,5,1,FALSE,-0.7800109863281023,4.978628816152766,67.95,97.736,-0.6309033621329379,0.06412312787090911,FALSE,FALSE,0,-4.933674252960127
0-4 km,19281,KANE,KANE,ANE,Anoka County-Blaine (Janes Field) Airport,small_airport,27003,Anoka,2018-05-01,0.0052,5,1,FALSE,16.79998779296877,5.189776646461443,81.2,97.2205,-0.8240821829548949,0.02548372320763594,FALSE,FALSE,0,-5.083205986931091
0-4 km,19281,KANE,KANE,ANE,Anoka County-Blaine (Janes Field) Airport,small_airport,27003,Anoka,2018-06-01,0.0042,5,1,FALSE,18.384991455078147,3.1746150148469683,85.75,97.4245,-0.7288470961429134,0.4777028336367073,FALSE,FALSE,0,-5.259096653394756
0-4 km,19281,KANE,KANE,ANE,Anoka County-Blaine (Janes Field) Airport,small_airport,27003,Anoka,2018-07-01,0.0035,6,1,FALSE,22.320825195312523,6.146742262618882,74.08333333333333,97.55041666666666,-0.2905222999301193,-0.2897811443130006,FALSE,FALSE,0,-5.403677882205863
0-4 km,19281,KANE,KANE,ANE,Anoka County-Blaine (Janes Field) Airport,small_airport,27003,Anoka,2018-08-01,0.0034000000000000002,5,1,FALSE,21.595001220703146,6.077249361687077,69.2,97.56,-0.6635689646063176,-0.20910547090138812,FALSE,FALSE,0,-5.426150738057921
0-4 km,19281,KANE,KANE,ANE,Anoka County-Blaine (Janes Field) Airport,small_airport,27003,Anoka,2018-09-01,0.003,5,1,FALSE,16.525000000000023,5.8705179116834625,74.8,97.6725,0.4374815742455271,-0.006041041212329479,FALSE,FALSE,0,-5.521460917862246
0-4 km,19281,KANE,KANE,ANE,Anoka County-Blaine (Janes Field) Airport,small_airport,27003,Anoka,2018-10-01,0.0126,5,1,FALSE,5.114996337890648,3.864186653499512,77.8,97.6425,0.05219384121925613,0.5030540269738569,FALSE,FALSE,0,-4.29768548624013
0-4 km,19281,KANE,KANE,ANE,Anoka County-Blaine (Janes Field) Airport,small_airport,27003,Anoka,2018-11-01,0.0082,5,1,FALSE,-4.060015869140602,4.644755369837647,86.35,97.6375,0.23286051712528236,0.16106735850867793,FALSE,FALSE,0,-4.688551794927142
0-4 km,19281,KANE,KANE,ANE,Anoka County-Blaine (Janes Field) Airport,small_airport,27003,Anoka,2018-12-01,0.00475,4,1,FALSE,-7.7500137329101335,3.6184788766565004,90.0625,97.6575,-0.3763877524413666,-0.569799279791337,FALSE,FALSE,0,-5.158555424172878
0-4 km,19281,KANE,KANE,ANE,Anoka County-Blaine (Janes Field) Airport,small_airport,27003,Anoka,2019-01-01,0.0076,5,1,FALSE,-12.925012207031227,5.688230798951406,84.15,97.778,-0.3521836968958754,0.0305258178920531,FALSE,FALSE,0,-4.755993075722675
0-4 km,19281,KANE,KANE,ANE,Anoka County-Blaine (Janes Field) Airport,small_airport,27003,Anoka,2019-02-01,0.0146,5,1,FALSE,-11.145001220703103,4.392791311925921,79,97.557,-0.3260508208488609,-0.21313559385617892,FALSE,FALSE,0,-4.160484364726646
0-4 km,19281,KANE,KANE,ANE,Anoka County-Blaine (Janes Field) Airport,small_airport,27003,Anoka,2019-03-01,0.0026,5,1,FALSE,-3.9600128173827898,3.6525994218545925,82.6,97.50750000000001,-0.12362693013391199,0.5422346046984367,FALSE,FALSE,0,-5.626821433520073
0-4 km,19281,KANE,KANE,ANE,Anoka County-Blaine (Janes Field) Airport,small_airport,27003,Anoka,2019-04-01,0.0076,5,1,FALSE,7.599981689453148,5.7614473675437115,71.85,97.147,-0.4702753417235392,0.18705928048896195,FALSE,FALSE,0,-4.755993075722675
0-4 km,19281,KANE,KANE,ANE,Anoka County-Blaine (Janes Field) Airport,small_airport,27003,Anoka,2019-05-01,0.0044,5,1,FALSE,9.664996337890647,4.931683788909693,84.65,97.4305,-0.6554460857538751,0.48497278535375804,FALSE,FALSE,0,-5.221356325411908
0-4 km,19281,KANE,KANE,ANE,Anoka County-Blaine (Janes Field) Airport,small_airport,27003,Anoka,2019-06-01,0.003,5,1,FALSE,16.669995117187522,4.652986610715711,75.85,97.1455,0.2759698574388595,-0.2767112806597224,FALSE,FALSE,0,-5.521460917862246
0-4 km,19281,KANE,KANE,ANE,Anoka County-Blaine (Janes Field) Airport,small_airport,27003,Anoka,2019-07-01,0.0016,5,1,FALSE,22.144995117187523,4.562526931489709,82.05,97.34,-0.10134196563702118,-0.195421859494405,FALSE,FALSE,0,-5.952243833954701
0-4 km,19281,KANE,KANE,ANE,Anoka County-Blaine (Janes Field) Airport,small_airport,27003,Anoka,2019-08-01,0.0013333333333333333,6,1,FALSE,19.424986775716167,5.212159894249686,66.04166666666667,97.57166666666666,-0.6122344233457099,-0.2989778617951398,FALSE,FALSE,0,-6.060457418594933
0-4 km,19281,KANE,KANE,ANE,Anoka County-Blaine (Janes Field) Airport,small_airport,27003,Anoka,2019-09-01,8e-4,5,1,FALSE,19.589996337890646,7.958071849720534,83.75,97.26,-0.37261563423832283,-0.28814958140160535,FALSE,FALSE,0,-6.319968614080018
0-4 km,19281,KANE,KANE,ANE,Anoka County-Blaine (Janes Field) Airport,small_airport,27003,Anoka,2019-10-01,0.004,5,1,FALSE,4.064984130859398,7.536838094572832,76.85,97.3385,-0.509565545200892,-0.37168844161077874,FALSE,FALSE,0,-5.298317366548036
0-4 km,19281,KANE,KANE,ANE,Anoka County-Blaine (Janes Field) Airport,small_airport,27003,Anoka,2019-11-01,0.001,5,1,FALSE,-3.245013427734352,5.8801889282556425,81.15,97.918,-0.3089465369585622,-0.072589957454882,FALSE,FALSE,0,-6.214608098422191
0-4 km,19281,KANE,KANE,ANE,Anoka County-Blaine (Janes Field) Airport,small_airport,27003,Anoka,2019-12-01,0.0092,5,1,FALSE,-6.040011596679665,2.965750318432307,89.6,97.2645,-0.5986097413599347,-0.030855592447989865,FALSE,FALSE,0,-4.585367558691911
0-4 km,19281,KANE,KANE,ANE,Anoka County-Blaine (Janes Field) Airport,small_airport,27003,Anoka,2020-01-01,0.0106,5,1,FALSE,-9.645016479492165,6.395778478197105,90,97.82849999999999,-0.6840993222782795,0.3608600440660559,FALSE,FALSE,0,-4.456750180869818
0-4 km,19281,KANE,KANE,ANE,Anoka County-Blaine (Janes Field) Airport,small_airport,27003,Anoka,2020-02-01,0.0028,5,1,FALSE,-8.175012207031227,6.395777783984254,78.4,97.67,-0.07669426725736854,-0.11723078345402815,FALSE,FALSE,0,-5.572754212249797
0-4 km,19281,KANE,KANE,ANE,Anoka County-Blaine (Janes Field) Airport,small_airport,27003,Anoka,2020-03-01,0.0024000000000000002,5,1,FALSE,-1.6650146484374773,6.644800205329014,87.9,97.665,-0.4153854205695439,0.09260987844870111,FALSE,FALSE,0,-5.683979847360021
0-4 km,19281,KANE,KANE,ANE,Anoka County-Blaine (Janes Field) Airport,small_airport,27003,Anoka,2020-04-01,0.0012000000000000001,5,1,FALSE,3.339984130859398,4.695149394159428,71.45,97.219,-0.3375815936475789,0.18630815641898119,FALSE,FALSE,0,-6.119297918617867
0-4 km,19281,KANE,KANE,ANE,Anoka County-Blaine (Janes Field) Airport,small_airport,27003,Anoka,2020-05-01,0.0028,5,1,FALSE,13.325006103515648,3.9354265682322938,71.95,97.393,-0.5381069492709456,0.4036496046442039,FALSE,FALSE,0,-5.572754212249797
0-4 km,19281,KANE,KANE,ANE,Anoka County-Blaine (Janes Field) Airport,small_airport,27003,Anoka,2020-06-01,0.003,4,1,FALSE,19.999986267089866,6.124320294749616,71.8125,97.401875,-0.6384599057305662,-0.31305073732902816,FALSE,FALSE,0,-5.521460917862246
0-4 km,19281,KANE,KANE,ANE,Anoka County-Blaine (Janes Field) Airport,small_airport,27003,Anoka,2020-07-01,0.0026,5,1,FALSE,23.224987792968772,7.475786321226357,78.9,97.257,-0.5736791444878226,-0.20629581211436918,FALSE,FALSE,0,-5.626821433520073
0-4 km,19281,KANE,KANE,ANE,Anoka County-Blaine (Janes Field) Airport,small_airport,27003,Anoka,2020-08-01,0.0023333333333333335,6,1,FALSE,21.983331298828148,5.1854863040609915,65.66666666666667,97.33041666666666,-0.6261913125652345,-0.5831881139726571,FALSE,FALSE,0,-5.703782474656201
0-4 km,19281,KANE,KANE,ANE,Anoka County-Blaine (Janes Field) Airport,small_airport,27003,Anoka,2020-09-01,0.003,5,1,FALSE,15.684997558593773,4.593357924695685,66.75,97.2525,-0.7974223372579592,0.08711130257546168,FALSE,FALSE,0,-5.521460917862246
0-4 km,19281,KANE,KANE,ANE,Anoka County-Blaine (Janes Field) Airport,small_airport,27003,Anoka,2020-10-01,0.002,5,1,FALSE,4.964984130859397,4.19954991926764,77.15,97.44200000000001,-0.6148943514416767,0.06342004674350063,FALSE,FALSE,0,-5.809142990314028
0-4 km,19281,KANE,KANE,ANE,Anoka County-Blaine (Janes Field) Airport,small_airport,27003,Anoka,2020-11-01,0.0036,5,1,FALSE,1.1649841308593978,1.8822692963827057,81.2,97.654,0.6673686658879876,0.4008329234748361,FALSE,FALSE,0,-5.381698975487088
0-4 km,19281,KANE,KANE,ANE,Anoka County-Blaine (Janes Field) Airport,small_airport,27003,Anoka,2020-12-01,0.011000000000000001,5,1,FALSE,-4.805017089843727,5.467734397640986,86.6,97.4075,-0.005990716787534831,-0.3007707375192954,FALSE,FALSE,0,-4.422848629194137
0-4 km,19281,KANE,KANE,ANE,Anoka County-Blaine (Janes Field) Airport,small_airport,27003,Anoka,2021-01-01,0.0022,5,1,FALSE,-8.770007324218728,3.8750386589634864,87.35,97.7255,-0.1765753875383204,-0.11047152125775636,FALSE,FALSE,0,-5.744604469176456
0-4 km,19281,KANE,KANE,ANE,Anoka County-Blaine (Janes Field) Airport,small_airport,27003,Anoka,2021-02-01,0.006500000000000001,4,1,FALSE,-14.17501296997068,3.965299320270141,77.25,98.00875,-0.414888643538574,-0.40876144689147875,FALSE,FALSE,0,-4.892852258439873
0-4 km,19281,KANE,KANE,ANE,Anoka County-Blaine (Janes Field) Airport,small_airport,27003,Anoka,2021-03-01,0.0032,5,1,FALSE,2.1350036621093977,6.878402195854085,86.95,97.302,-0.8356375219824688,-0.3204964895665056,FALSE,FALSE,0,-5.472670753692814
0-4 km,19281,KANE,KANE,ANE,Anoka County-Blaine (Janes Field) Airport,small_airport,27003,Anoka,2021-04-01,0.0038,5,1,FALSE,7.654992675781273,4.340166312920756,79.75,97.259,0.38038437440563067,0.053475782551755266,FALSE,FALSE,0,-5.339139361068292
0-4 km,19281,KANE,KANE,ANE,Anoka County-Blaine (Janes Field) Airport,small_airport,27003,Anoka,2021-05-01,0.0018,5,1,FALSE,10.724993896484397,7.669452079076374,82.45,97.7905,-0.3653081729222077,0.2586630405419515,FALSE,FALSE,0,-5.8781358618009785
0-4 km,19281,KANE,KANE,ANE,Anoka County-Blaine (Janes Field) Airport,small_airport,27003,Anoka,2021-06-01,0.00175,4,1,FALSE,19.556253051757835,6.553212249124667,80,97.273125,-0.8644918354771025,0.32450957745697484,FALSE,FALSE,0,-5.896154367303657
0-4 km,19281,KANE,KANE,ANE,Anoka County-Blaine (Janes Field) Airport,small_airport,27003,Anoka,2021-07-01,0.0036,5,1,FALSE,21.654998779296896,4.364852016361859,72.55,97.5685,-0.4400699521704882,-0.16807927787997456,FALSE,FALSE,0,-5.381698975487088
0-4 km,19281,KANE,KANE,ANE,Anoka County-Blaine (Janes Field) Airport,small_airport,27003,Anoka,2021-08-01,0.0018,5,1,FALSE,21.60999145507815,5.533647761327993,64.35,97.615,-0.8174005481777025,-0.11024733133326849,FALSE,FALSE,0,-5.8781358618009785
0-4 km,19281,KANE,KANE,ANE,Anoka County-Blaine (Janes Field) Airport,small_airport,27003,Anoka,2021-09-01,0.0028,5,1,FALSE,18.11499633789065,4.594323379804126,63.45,97.2675,-0.22679563484367105,-0.10403904768126276,FALSE,FALSE,0,-5.572754212249797
0-4 km,19281,KANE,KANE,ANE,Anoka County-Blaine (Janes Field) Airport,small_airport,27003,Anoka,2021-10-01,0.007666666666666667,6,1,FALSE,13.829166666666689,5.661178718368265,75.45833333333333,97.50375,-0.3239999282393822,-0.013183582137817876,FALSE,FALSE,0,-4.748271029628765
0-4 km,19281,KANE,KANE,ANE,Anoka County-Blaine (Janes Field) Airport,small_airport,27003,Anoka,2021-11-01,0.0016,5,1,FALSE,3.7649841308593976,6.32288653166979,77.2,96.806,-0.302388187631195,-0.2890189408354859,FALSE,FALSE,0,-5.952243833954701
0-4 km,19281,KANE,KANE,ANE,Anoka County-Blaine (Janes Field) Airport,small_airport,27003,Anoka,2021-12-01,0.0018,5,1,FALSE,-7.130010986328102,6.4739700617181954,86.5,96.9225,-0.3773242569813321,-0.06601233387685032,FALSE,FALSE,0,-5.8781358618009785
0-4 km,19281,KANE,KANE,ANE,Anoka County-Blaine (Janes Field) Airport,small_airport,27003,Anoka,2022-01-01,0.001,5,1,FALSE,-13.085015869140602,4.688045597725012,81.95,97.249,-0.12991415300852524,0.09737960810081198,TRUE,FALSE,0,-6.214608098422191
0-4 km,19281,KANE,KANE,ANE,Anoka County-Blaine (Janes Field) Airport,small_airport,27003,Anoka,2022-02-01,0.003,4,1,FALSE,-11.287516021728493,6.348863828806524,83.5625,97.5975,-0.3636493070348806,0.13439167529208706,TRUE,FALSE,0,-5.521460917862246
0-4 km,19281,KANE,KANE,ANE,Anoka County-Blaine (Janes Field) Airport,small_airport,27003,Anoka,2022-03-01,0.01,4,1,FALSE,-0.08749999999997726,5.812425703771774,93.0625,96.625625,-0.4037387320667415,0.7729400010183624,TRUE,FALSE,0,-4.509860006183766
0-4 km,19281,KANE,KANE,ANE,Anoka County-Blaine (Janes Field) Airport,small_airport,27003,Anoka,2022-04-01,0.008,4,1,FALSE,7.593751525878929,5.845845520263315,83.25,97.026875,-0.8834650288595145,-0.3065553188149039,TRUE,FALSE,0,-4.710530701645918
0-4 km,19281,KANE,KANE,ANE,Anoka County-Blaine (Janes Field) Airport,small_airport,27003,Anoka,2022-05-01,0.0026,5,1,FALSE,14.629986572265647,4.5906569612352985,69.45,97.5275,0.1449596824951206,0.15328974668275938,TRUE,FALSE,0,-5.626821433520073
0-4 km,19281,KANE,KANE,ANE,Anoka County-Blaine (Janes Field) Airport,small_airport,27003,Anoka,2022-06-01,0.0038,5,1,FALSE,18.85999145507815,5.961414678468265,62.55,97.3535,-0.6967544822632674,-0.4785670981536505,TRUE,FALSE,0,-5.339139361068292
0-4 km,19281,KANE,KANE,ANE,Anoka County-Blaine (Janes Field) Airport,small_airport,27003,Anoka,2022-07-01,0.0015,4,1,FALSE,21.18750152587893,8.261875402370762,76.0625,97.25999999999999,-0.06179616932711568,-0.10792367776632025,TRUE,FALSE,0,-5.991464547107982
0-4 km,19281,KANE,KANE,ANE,Anoka County-Blaine (Janes Field) Airport,small_airport,27003,Anoka,2022-08-01,0.00175,4,1,FALSE,21.074998474121116,4.351762850627173,75.1875,97.305625,0.1345964946108704,-0.36044271802890704,TRUE,FALSE,0,-5.896154367303657
0-4 km,19281,KANE,KANE,ANE,Anoka County-Blaine (Janes Field) Airport,small_airport,27003,Anoka,2022-09-01,0.0022500000000000003,4,1,FALSE,20.89374694824221,6.433962401236396,63,97.170625,-0.24539266233258678,-0.4790184288918299,TRUE,FALSE,0,-5.72910028264049
0-4 km,19281,KANE,KANE,ANE,Anoka County-Blaine (Janes Field) Airport,small_airport,27003,Anoka,2022-10-01,0.0022500000000000003,4,1,FALSE,6.94373474121096,5.036821620744533,59.5625,97.47125,-0.5005152660342378,-0.030932651883376107,TRUE,FALSE,0,-5.72910028264049
0-4 km,19281,KANE,KANE,ANE,Anoka County-Blaine (Janes Field) Airport,small_airport,27003,Anoka,2022-11-01,0.0048000000000000004,5,1,FALSE,-0.21001586914060227,2.950754343841191,66.25,97.8035,-0.07979812516289045,-0.0067324379813728935,TRUE,FALSE,0,-5.149897361429764
0-4 km,19281,KANE,KANE,ANE,Anoka County-Blaine (Janes Field) Airport,small_airport,27003,Anoka,2022-12-01,0.006,6,1,FALSE,-10.166670227050759,6.268512583175853,85.83333333333333,97.84958333333333,-0.2593210735490103,-0.17115924134305077,TRUE,FALSE,0,-4.961845129926823
0-4 km,19281,KANE,KANE,ANE,Anoka County-Blaine (Janes Field) Airport,small_airport,27003,Anoka,2023-01-01,0.0032,5,1,FALSE,-7.540014648437477,4.546351850513042,91.05,97.7085,-0.19177440778685606,0.4512168303239189,TRUE,FALSE,0,-5.472670753692814
0-4 km,19281,KANE,KANE,ANE,Anoka County-Blaine (Janes Field) Airport,small_airport,27003,Anoka,2023-02-01,0.0022500000000000003,4,1,FALSE,-6.950010681152321,6.360724270766134,81.375,97.4875,-0.14177334956356302,0.22125085670329753,TRUE,FALSE,0,-5.72910028264049
0-4 km,19281,KANE,KANE,ANE,Anoka County-Blaine (Janes Field) Airport,small_airport,27003,Anoka,2023-03-01,0.006666666666666667,6,1,FALSE,-1.9333455403645605,4.849297899756625,85.5,97.32875,-0.30497342143012707,0.48542742302745473,TRUE,FALSE,0,-4.870873351721097
0-4 km,19281,KANE,KANE,ANE,Anoka County-Blaine (Janes Field) Airport,small_airport,27003,Anoka,2023-04-01,0.0134,5,1,FALSE,3.6749877929687726,8.217069616025004,77.3,97.076,-0.7641255601873386,-0.1259052292589148,TRUE,FALSE,0,-4.240527072400182
0-4 km,19281,KANE,KANE,ANE,Anoka County-Blaine (Janes Field) Airport,small_airport,27003,Anoka,2023-05-01,0.0042,5,1,FALSE,17.474987792968772,5.343093839604195,80.25,97.3475,-0.8311170375417777,-0.29153360201117345,TRUE,FALSE,0,-5.259096653394756
0-4 km,19281,KANE,KANE,ANE,Anoka County-Blaine (Janes Field) Airport,small_airport,27003,Anoka,2023-06-01,0.004,5,1,FALSE,20.269995117187523,5.846688939834549,76.9,97.325,-0.486044649825687,-0.20202234700998803,TRUE,FALSE,0,-5.298317366548036
0-4 km,19281,KANE,KANE,ANE,Anoka County-Blaine (Janes Field) Airport,small_airport,27003,Anoka,2023-07-01,0.0022500000000000003,4,1,FALSE,19.15625915527346,2.5760289773271676,76.5,97.20875,-0.3076009731561806,0.8131123552275821,TRUE,FALSE,0,-5.72910028264049
0-4 km,19281,KANE,KANE,ANE,Anoka County-Blaine (Janes Field) Airport,small_airport,27003,Anoka,2023-08-01,0.002,1,1,FALSE,20.250024414062523,4.069704750656685,63.75,97.4675,0.44229178340114295,-0.8968712161374321,TRUE,FALSE,0,-5.809142990314028
0-4 km,19281,KANE,KANE,ANE,Anoka County-Blaine (Janes Field) Airport,small_airport,27003,Anoka,2023-09-01,0.0035,4,1,FALSE,21.637490844726585,6.497664360736202,66.1875,97.510625,-0.013475121268803042,-0.8270896216742998,TRUE,FALSE,0,-5.403677882205863
0-4 km,19281,KANE,KANE,ANE,Anoka County-Blaine (Janes Field) Airport,small_airport,27003,Anoka,2023-10-01,8e-4,5,1,FALSE,11.274981689453147,4.411477225185746,79,97.2325,-0.25988164993228896,0.4026683981403729,TRUE,FALSE,0,-6.319968614080018
0-4 km,19281,KANE,KANE,ANE,Anoka County-Blaine (Janes Field) Airport,small_airport,27003,Anoka,2023-11-01,0.0062,5,1,FALSE,1.3349914550781476,7.335196783472095,81.3,97.5195,-0.6454426614537768,-0.43102234323052113,TRUE,FALSE,0,-4.933674252960127
0-4 km,19281,KANE,KANE,ANE,Anoka County-Blaine (Janes Field) Airport,small_airport,27003,Anoka,2023-12-01,0.012,5,1,FALSE,1.0649780273437728,4.610821272294022,83.5,97.361,-0.3669452137287359,-0.396868758075294,TRUE,FALSE,0,-4.3428059215206005
0-4 km,19281,KANE,KANE,ANE,Anoka County-Blaine (Janes Field) Airport,small_airport,27003,Anoka,2024-01-01,0.0075,6,1,FALSE,-7.929179890950498,4.97093474594529,93.41666666666667,97.47791666666666,-0.42046902301582,0.02400860657171418,TRUE,FALSE,0,-4.767689115485866
0-4 km,19281,KANE,KANE,ANE,Anoka County-Blaine (Janes Field) Airport,small_airport,27003,Anoka,2024-02-01,0.00375,4,1,FALSE,-2.5687469482421648,5.658197234549573,74.25,97.200625,-0.516497216584194,-0.13899868542049065,TRUE,FALSE,0,-5.349610660935587
0-4 km,19281,KANE,KANE,ANE,Anoka County-Blaine (Janes Field) Airport,small_airport,27003,Anoka,2024-03-01,0.007333333333333334,6,1,FALSE,2.7541595458984602,5.626553783564529,78.54166666666667,96.95458333333333,-0.24753017399351515,0.009412690410299997,TRUE,FALSE,0,-4.787491742782046
0-4 km,19281,KANE,KANE,ANE,Anoka County-Blaine (Janes Field) Airport,small_airport,27003,Anoka,2024-04-01,0.0022,5,1,FALSE,7.090008544921898,3.3940507733941514,82.1,97.411,-0.5675761285696561,0.09386753917440012,TRUE,FALSE,0,-5.744604469176456
0-4 km,19281,KANE,KANE,ANE,Anoka County-Blaine (Janes Field) Airport,small_airport,27003,Anoka,2024-05-01,0.0014,5,1,FALSE,16.73498535156252,4.402197075516703,76.4,96.925,0.1286567090557752,-0.8921983953525312,TRUE,FALSE,0,-6.032286541628237
0-4 km,19281,KANE,KANE,ANE,Anoka County-Blaine (Janes Field) Airport,small_airport,27003,Anoka,2024-06-01,4e-4,5,1,FALSE,18.65999145507815,3.924134504655849,88.75,96.704,-0.8329929840230684,-0.07124202349271347,TRUE,FALSE,0,-6.571283042360924
0-4 km,19281,KANE,KANE,ANE,Anoka County-Blaine (Janes Field) Airport,small_airport,27003,Anoka,2024-07-01,0.00525,4,1,FALSE,20.556237792968773,5.9135174691222225,86.8125,97.388125,-0.6727909762431779,0.22101446446475922,TRUE,FALSE,0,-5.075173815233827
0-4 km,19281,KANE,KANE,ANE,Anoka County-Blaine (Janes Field) Airport,small_airport,27003,Anoka,2024-08-01,0.0026,5,1,FALSE,19.1749938964844,4.573491618950612,82.25,97.507,-0.3472906273564163,-0.12770939499517625,TRUE,FALSE,0,-5.626821433520073
0-4 km,19281,KANE,KANE,ANE,Anoka County-Blaine (Janes Field) Airport,small_airport,27003,Anoka,2024-09-01,0.0058,5,1,FALSE,19.92000122070315,5.3204232115023435,67.65,97.5655,-0.08564105930794877,-0.7176346010873235,TRUE,FALSE,0,-4.990832666800076
0-4 km,19281,KANE,KANE,ANE,Anoka County-Blaine (Janes Field) Airport,small_airport,27003,Anoka,2024-10-01,0.0142,5,1,FALSE,12.544989013671898,6.3175172307663265,60.15,97.86449999999999,-0.4968664243922701,-0.16665807922547032,TRUE,FALSE,0,-4.186459851129906
0-4 km,19281,KANE,KANE,ANE,Anoka County-Blaine (Janes Field) Airport,small_airport,27003,Anoka,2024-11-01,0.0076,5,1,FALSE,0.11998291015627274,4.551810161474634,86.5,97.5255,-0.4300394721844238,-0.07392739722041564,TRUE,FALSE,0,-4.755993075722675
0-4 km,19281,KANE,KANE,ANE,Anoka County-Blaine (Janes Field) Airport,small_airport,27003,Anoka,2024-12-01,0.002,5,1,FALSE,-6.365008544921852,6.509702969859083,85.45,98.0015,-0.14279273145061777,-0.1401186558408164,TRUE,FALSE,0,-5.809142990314028
0-4 km,19539,KCPM,KCPM,CPM,Compton Woodley Airport,small_airport,06037,Los Angeles,2016-01-01,0.010181818181818183,11,1,FALSE,7.952256081321045,3.4995809153686275,66.9090909090909,91.87886363636363,0.20311504374891626,0.07334482595458182,FALSE,FALSE,0,-4.49346619640809
0-4 km,19539,KCPM,KCPM,CPM,Compton Woodley Airport,small_airport,06037,Los Angeles,2016-02-01,0.009125,8,1,FALSE,13.674989318847679,2.136572831545397,46,92.138125,-0.01999647840478342,-0.027393525183781443,FALSE,FALSE,0,-4.592747665989535
0-4 km,19539,KCPM,KCPM,CPM,Compton Woodley Airport,small_airport,06037,Los Angeles,2016-03-01,0.0037272727272727275,11,1,FALSE,11.872713401100874,2.926869231159347,59.20454545454545,91.73409090909091,0.1765265191842673,0.25207303276875426,FALSE,FALSE,0,-5.35440683319908
0-4 km,19539,KCPM,KCPM,CPM,Compton Woodley Airport,small_airport,06037,Los Angeles,2016-04-01,0.006125,8,1,FALSE,16.12811431884768,3.5081576033191784,52.71875,91.803125,-0.45564848690990983,0.010812804603288885,FALSE,FALSE,0,-4.944145552827423
0-4 km,19539,KCPM,KCPM,CPM,Compton Woodley Airport,small_airport,06037,Los Angeles,2016-05-01,0.0034000000000000002,10,1,FALSE,16.314996337890648,3.87444375993422,54.75,91.57,0.07107792202635607,-0.21293815391001028,FALSE,FALSE,0,-5.426150738057921
0-4 km,19539,KCPM,KCPM,CPM,Compton Woodley Airport,small_airport,06037,Los Angeles,2016-06-01,0.005,10,1,FALSE,22.904992675781273,2.969626003382502,38.35,91.6925,0.5084951739618467,-0.6648596110803534,FALSE,FALSE,0,-5.115995809754082
0-4 km,19539,KCPM,KCPM,CPM,Compton Woodley Airport,small_airport,06037,Los Angeles,2016-07-01,0.0038,10,1,FALSE,24.445001220703148,2.6652511281434714,34.3,91.571,0.2349507449538931,-0.4514471177701123,FALSE,FALSE,0,-5.339139361068292
0-4 km,19539,KCPM,KCPM,CPM,Compton Woodley Airport,small_airport,06037,Los Angeles,2016-08-01,0.0041,10,1,FALSE,22.569989013671897,3.838905631022707,43.85,91.6605,0.005847187849700386,-0.5064571896263095,FALSE,FALSE,0,-5.2785147392518565
0-4 km,19539,KCPM,KCPM,CPM,Compton Woodley Airport,small_airport,06037,Los Angeles,2016-09-01,0.0052,10,1,FALSE,21.03499145507815,4.71462625490381,42.9,91.7475,-0.2877904882620106,-0.05680676711334276,FALSE,FALSE,0,-5.083205986931091
0-4 km,19539,KCPM,KCPM,CPM,Compton Woodley Airport,small_airport,06037,Los Angeles,2016-10-01,0.0071111111111111115,9,1,FALSE,19.124983723958355,1.4189958256649402,37.361111111111114,91.7525,-0.5673486697718116,0.05839402362300752,FALSE,FALSE,0,-4.814520415169965
0-4 km,19539,KCPM,KCPM,CPM,Compton Woodley Airport,small_airport,06037,Los Angeles,2016-11-01,0.0106,10,1,FALSE,15.764990234375023,4.448003315275691,34.3,92,0.16558643646980878,0.020218973786033104,FALSE,FALSE,0,-4.456750180869818
0-4 km,19539,KCPM,KCPM,CPM,Compton Woodley Airport,small_airport,06037,Los Angeles,2016-12-01,0.014375,8,1,FALSE,8.924989318847679,3.609662165075825,43.40625,92.0253125,-0.2874523682648458,0.21713026560121457,FALSE,FALSE,0,-4.175012465289556
0-4 km,19539,KCPM,KCPM,CPM,Compton Woodley Airport,small_airport,06037,Los Angeles,2017-01-01,0.0134,10,1,FALSE,6.489996337890648,3.110645519802907,76.25,91.87575,0.07098772417672045,0.2880569961511058,FALSE,FALSE,0,-4.240527072400182
0-4 km,19539,KCPM,KCPM,CPM,Compton Woodley Airport,small_airport,06037,Los Angeles,2017-02-01,0.0045,8,1,FALSE,7.462503051757835,5.24526301982039,81.9375,91.39750000000001,-0.2434912419273965,-0.09264709072956662,FALSE,FALSE,0,-5.2030071867437115
0-4 km,19539,KCPM,KCPM,CPM,Compton Woodley Airport,small_airport,06037,Los Angeles,2017-03-01,0.0076,10,1,FALSE,14.684991455078148,2.9200250828190657,43.35,92.1085,-0.1320756230212024,-0.08869374798009962,FALSE,FALSE,0,-4.755993075722675
0-4 km,19539,KCPM,KCPM,CPM,Compton Woodley Airport,small_airport,06037,Los Angeles,2017-04-01,0.0045000000000000005,10,1,FALSE,13.995001220703148,4.103921104151288,60.1,91.606,-0.11594092743844882,-0.24067581386092915,FALSE,FALSE,0,-5.2030071867437115
0-4 km,19539,KCPM,KCPM,CPM,Compton Woodley Airport,small_airport,06037,Los Angeles,2017-05-01,0.005636363636363636,11,1,FALSE,16.895437899502863,2.478468390850038,43.11363636363637,91.33045454545454,-0.20751378817881294,-0.2782469185856905,FALSE,FALSE,0,-5.0151911106321165
0-4 km,19539,KCPM,KCPM,CPM,Compton Woodley Airport,small_airport,06037,Los Angeles,2017-06-01,0.0029000000000000002,10,1,FALSE,22.154992675781273,2.3924777432958924,42.6,91.5085,-0.0933446441460343,-0.3207382603838316,FALSE,FALSE,0,-5.546778725846536
0-4 km,19539,KCPM,KCPM,CPM,Compton Woodley Airport,small_airport,06037,Los Angeles,2017-07-01,0.0057,10,1,FALSE,24.9749938964844,4.121057207811971,43.15,91.732,-0.19100607803174416,-0.6488349146432137,FALSE,FALSE,0,-5.005647752585217
0-4 km,19539,KCPM,KCPM,CPM,Compton Woodley Airport,small_airport,06037,Los Angeles,2017-08-01,0.005875,8,1,FALSE,25.4468818664551,2.6308373729160235,40.46875,91.688125,0.15808251084382433,-0.652880609020003,FALSE,FALSE,0,-4.979863635429502
0-4 km,19539,KCPM,KCPM,CPM,Compton Woodley Airport,small_airport,06037,Los Angeles,2017-09-01,0.0081,10,1,FALSE,20.10998535156252,2.9612256657114675,48.9,91.625,0.17776729005461137,0.16248728244460872,FALSE,FALSE,0,-4.699480865459333
0-4 km,19539,KCPM,KCPM,CPM,Compton Woodley Airport,small_airport,06037,Los Angeles,2017-10-01,0.0088,10,1,FALSE,17.509997558593774,3.389023372139322,34.4,91.924,-0.16412779723285584,0.308918231097459,FALSE,FALSE,0,-4.62537289330561
0-4 km,19539,KCPM,KCPM,CPM,Compton Woodley Airport,small_airport,06037,Los Angeles,2017-11-01,0.009555555555555555,9,1,FALSE,15.155548773871551,3.316111773733827,56.30555555555556,91.84861111111111,-0.08544345536773097,-0.3576400017127648,FALSE,FALSE,0,-4.551102964717816
0-4 km,19539,KCPM,KCPM,CPM,Compton Woodley Airport,small_airport,06037,Los Angeles,2017-12-01,0.0147,10,1,FALSE,11.704986572265648,3.058377809101117,37.5,92.129,-0.44166456000651677,0.3152520069127216,FALSE,FALSE,0,-4.154094566627875
0-4 km,19539,KCPM,KCPM,CPM,Compton Woodley Airport,small_airport,06037,Los Angeles,2018-01-01,0.00811111111111111,9,1,FALSE,12.436103651258703,1.9909866906659535,51.05555555555556,91.95555555555555,0.24448742200130016,0.44662775170470126,FALSE,FALSE,0,-4.6982606090541035
0-4 km,19539,KCPM,KCPM,CPM,Compton Woodley Airport,small_airport,06037,Los Angeles,2018-02-01,0.009333333333333334,9,1,FALSE,10.349986436631967,3.826408160073246,43.19444444444444,91.78861111111111,0.8028349995384394,0.17001007129717854,FALSE,FALSE,0,-4.5723803631651005
0-4 km,19539,KCPM,KCPM,CPM,Compton Woodley Airport,small_airport,06037,Los Angeles,2018-03-01,0.004666666666666667,9,1,FALSE,10.563880750868078,3.7314429991489804,60.138888888888886,91.70361111111112,0.011651946956994242,-0.11905165655155277,FALSE,FALSE,0,-5.173154223594031
0-4 km,19539,KCPM,KCPM,CPM,Compton Woodley Airport,small_airport,06037,Los Angeles,2018-04-01,0.004428571428571428,7,1,FALSE,15.103561837332611,2.900240057405835,43.75,91.74928571428572,0.8841406137639796,-0.22956661138827547,FALSE,FALSE,0,-5.216079268311065
0-4 km,19539,KCPM,KCPM,CPM,Compton Woodley Airport,small_airport,06037,Los Angeles,2018-05-01,0.0025,8,1,FALSE,14.943742370605491,1.4749896331144425,60.3125,91.581875,0.642478100389145,-0.6780287060273528,FALSE,FALSE,0,-5.654992310486769
0-4 km,19539,KCPM,KCPM,CPM,Compton Woodley Airport,small_airport,06037,Los Angeles,2018-06-01,0.0031111111111111114,9,1,FALSE,19.988882107204883,2.687037831233697,48.638888888888886,91.51861111111111,0.0901945347199483,-0.5754956833984152,FALSE,FALSE,0,-5.494061943674132
0-4 km,19539,KCPM,KCPM,CPM,Compton Woodley Airport,small_airport,06037,Los Angeles,2018-07-01,0.004166666666666667,12,1,FALSE,26.820820109049503,3.3107519780713806,40.291666666666664,91.79791666666667,-0.2237066980633481,-0.7148193714616802,FALSE,FALSE,0,-5.265527543725046
0-4 km,19539,KCPM,KCPM,CPM,Compton Woodley Airport,small_airport,06037,Los Angeles,2018-08-01,0.0033,10,1,FALSE,23.81500244140627,2.563719108753317,41.75,91.7305,0.4815676983039331,-0.5803270514378509,FALSE,FALSE,0,-5.44914025628262
0-4 km,19539,KCPM,KCPM,CPM,Compton Woodley Airport,small_airport,06037,Los Angeles,2018-09-01,0.0037,10,1,FALSE,22.329986572265646,2.866388953347236,43.85,91.55149999999999,-0.12469335923158568,-0.5810999130620689,FALSE,FALSE,0,-5.360192770266124
0-4 km,19539,KCPM,KCPM,CPM,Compton Woodley Airport,small_airport,06037,Los Angeles,2018-10-01,0.0047,10,1,FALSE,16.704998779296897,3.80549583445057,56.55,91.6755,-0.235593382099629,-0.2084368555186225,FALSE,FALSE,0,-5.1672891041416324
0-4 km,19539,KCPM,KCPM,CPM,Compton Woodley Airport,small_airport,06037,Los Angeles,2018-11-01,0.006666666666666666,9,1,FALSE,14.774987792968773,2.3484953362868692,43.55555555555556,91.85611111111112,1.0578922826457201e-4,-0.05413144158339039,FALSE,FALSE,0,-4.870873351721097
0-4 km,19539,KCPM,KCPM,CPM,Compton Woodley Airport,small_airport,06037,Los Angeles,2018-12-01,0.0081,10,1,FALSE,10.114984130859398,2.1393899644679926,48.95,91.9905,-0.395693865229361,0.36721348121425285,FALSE,FALSE,0,-4.699480865459333
0-4 km,19539,KCPM,KCPM,CPM,Compton Woodley Airport,small_airport,06037,Los Angeles,2019-01-01,0.007625,8,1,FALSE,8.11249694824221,3.114432100392804,72.5,92.1340625,0.11430904904045859,0.46499202017349506,FALSE,FALSE,0,-4.753090316064713
0-4 km,19539,KCPM,KCPM,CPM,Compton Woodley Airport,small_airport,06037,Los Angeles,2019-02-01,0.0045,10,1,FALSE,7.064990234375022,3.5204984570715263,74.95,91.637,0.4506871288170368,-0.2629182767869923,FALSE,FALSE,0,-5.2030071867437115
0-4 km,19539,KCPM,KCPM,CPM,Compton Woodley Airport,small_airport,06037,Los Angeles,2019-03-01,0.0062,10,1,FALSE,9.154992675781273,3.72544504592502,74.25,91.838,0.12250875588568681,0.061047642698885116,FALSE,FALSE,0,-4.933674252960127
0-4 km,19539,KCPM,KCPM,CPM,Compton Woodley Airport,small_airport,06037,Los Angeles,2019-04-01,0.009285714285714286,7,1,FALSE,16.43214024135047,2.069315556194088,56.42857142857143,91.56357142857142,0.7708843747026232,-0.48413388820044867,FALSE,FALSE,0,-4.576999309021395
0-4 km,19539,KCPM,KCPM,CPM,Compton Woodley Airport,small_airport,06037,Los Angeles,2019-05-01,0.0028,10,1,FALSE,14.650000000000023,2.976230356157411,61.3,91.394,-0.3249970324474144,-0.43586417953931655,FALSE,FALSE,0,-5.572754212249797
0-4 km,19539,KCPM,KCPM,CPM,Compton Woodley Airport,small_airport,06037,Los Angeles,2019-06-01,0.0024000000000000002,10,1,FALSE,19.209997558593773,5.237757009564519,53.95,91.4565,0.16245728999502893,-0.5085763608914702,FALSE,FALSE,0,-5.683979847360021
0-4 km,19539,KCPM,KCPM,CPM,Compton Woodley Airport,small_airport,06037,Los Angeles,2019-07-01,0.0026,10,1,FALSE,22.479992675781272,2.904882648670355,45,91.6595,-0.1951654921258944,-0.6872977984013131,FALSE,FALSE,0,-5.626821433520073
0-4 km,19539,KCPM,KCPM,CPM,Compton Woodley Airport,small_airport,06037,Los Angeles,2019-08-01,0.0027272727272727275,11,1,FALSE,23.134085360440363,4.322562965938037,43.5,91.75295454545454,-0.04496793549774433,-0.39766484192238954,FALSE,FALSE,0,-5.5920784850761995
0-4 km,19539,KCPM,KCPM,CPM,Compton Woodley Airport,small_airport,06037,Los Angeles,2019-09-01,0.0055,10,1,FALSE,19.699993896484397,5.256793107411472,46.2,91.6725,-0.5702552443722613,-0.09132507095197402,FALSE,FALSE,0,-5.035953102080546
0-4 km,19539,KCPM,KCPM,CPM,Compton Woodley Airport,small_airport,06037,Los Angeles,2019-10-01,0.00811111111111111,9,1,FALSE,15.738882107204883,3.916407872311074,31.666666666666668,91.72055555555555,0.48749041687117334,0.2957698510959243,FALSE,FALSE,0,-4.6982606090541035
0-4 km,19539,KCPM,KCPM,CPM,Compton Woodley Airport,small_airport,06037,Los Angeles,2019-11-01,0.0054,10,1,FALSE,11.844989013671897,3.036619065440021,57.15,91.6845,-0.6552490075573201,0.39898290341095843,FALSE,FALSE,0,-5.051457288616511
0-4 km,19539,KCPM,KCPM,CPM,Compton Woodley Airport,small_airport,06037,Los Angeles,2019-12-01,0.0048000000000000004,10,1,FALSE,8.174993896484398,4.010343074416532,68.6,92.0435,0.3677340933343396,-0.22796445727941192,FALSE,FALSE,0,-5.149897361429764
0-4 km,19539,KCPM,KCPM,CPM,Compton Woodley Airport,small_airport,06037,Los Angeles,2020-01-01,0.0057,10,1,FALSE,9.484985351562523,3.6486643755903025,58.3,92.1575,0.6781072659426097,0.08040625380129887,FALSE,FALSE,0,-5.005647752585217
0-4 km,19539,KCPM,KCPM,CPM,Compton Woodley Airport,small_airport,06037,Los Angeles,2020-02-01,0.0057777777777777775,9,1,FALSE,11.719449191623287,3.632893105675197,49.47222222222222,91.71333333333334,0.9302900662297027,0.02388016437710853,FALSE,FALSE,0,-4.9941059921450455
0-4 km,19539,KCPM,KCPM,CPM,Compton Woodley Airport,small_airport,06037,Los Angeles,2020-03-01,0.0025,8,1,FALSE,10.299989318847679,4.0473769290653365,69.625,91.945625,0.3706400748106572,0.1429823342258448,FALSE,FALSE,0,-5.654992310486769
0-4 km,19539,KCPM,KCPM,CPM,Compton Woodley Airport,small_airport,06037,Los Angeles,2020-07-01,0.003,10,1,FALSE,21.764996337890647,3.8434551295614643,45.85,91.592,0.5967371416446413,-0.5636911676352545,FALSE,FALSE,0,-5.521460917862246
0-4 km,19539,KCPM,KCPM,CPM,Compton Woodley Airport,small_airport,06037,Los Angeles,2020-08-01,0.003416666666666667,12,1,FALSE,24.883320109049503,3.563323642298959,41.625,91.54041666666667,0.014664017012549787,-0.4447284875258276,FALSE,FALSE,0,-5.422370015218015
0-4 km,19539,KCPM,KCPM,CPM,Compton Woodley Airport,small_airport,06037,Los Angeles,2020-09-01,0.007222222222222222,9,1,FALSE,26.158325873480926,2.210567124028931,31.583333333333332,91.81388888888888,-0.01255858845318124,-0.10836567798573345,FALSE,FALSE,0,-4.800914763114187
0-4 km,19539,KCPM,KCPM,CPM,Compton Woodley Airport,small_airport,06037,Los Angeles,2020-10-01,0.0066,10,1,FALSE,20.684991455078148,2.7554430695229137,41.7,91.8835,-0.13952454312367418,0.24050533878717478,FALSE,FALSE,0,-4.879607031689852
0-4 km,19539,KCPM,KCPM,CPM,Compton Woodley Airport,small_airport,06037,Los Angeles,2020-11-01,0.0096,10,1,FALSE,16.259985351562523,1.590870735829444,32.25,91.902,-0.026947031824891193,0.4304486545328303,FALSE,FALSE,0,-4.546901277864116
0-4 km,19539,KCPM,KCPM,CPM,Compton Woodley Airport,small_airport,06037,Los Angeles,2020-12-01,0.0113,10,1,FALSE,8.354986572265648,2.5971977277780076,58.7,91.9425,0.15534011641933482,-0.07927961529735675,FALSE,FALSE,0,-4.398156016603766
0-4 km,19539,KCPM,KCPM,CPM,Compton Woodley Airport,small_airport,06037,Los Angeles,2021-01-01,0.008222222222222223,9,1,FALSE,9.738882107204883,3.689305142020974,65.63888888888889,91.95472222222222,0.9465554665681402,0.010759866655600412,FALSE,FALSE,0,-4.686139248521759
0-4 km,19539,KCPM,KCPM,CPM,Compton Woodley Airport,small_airport,06037,Los Angeles,2021-02-01,0.006,10,1,FALSE,9.814978027343773,3.8691121995533635,59.55,91.80499999999999,0.7874909784903894,-0.0993085248859982,FALSE,FALSE,0,-4.961845129926823
0-4 km,19539,KCPM,KCPM,CPM,Compton Woodley Airport,small_airport,06037,Los Angeles,2021-03-01,0.005,10,1,FALSE,11.169995117187522,3.2287308411144884,53.55,91.7635,0.5569917219391853,-0.2708595622459253,FALSE,FALSE,0,-5.115995809754082
0-4 km,19539,KCPM,KCPM,CPM,Compton Woodley Airport,small_airport,06037,Los Angeles,2021-04-01,0.004111111111111111,9,1,FALSE,14.288880072699676,3.4861413243498482,47.30555555555556,91.64472222222223,0.6824419075619947,0.0036990856508821307,FALSE,FALSE,0,-5.276338459829262
0-4 km,19539,KCPM,KCPM,CPM,Compton Woodley Airport,small_airport,06037,Los Angeles,2021-05-01,0.003,10,1,FALSE,14.789984130859398,3.86226488957163,56.85,91.5045,0.5362057002472228,-0.3782249060922023,FALSE,FALSE,0,-5.521460917862246
0-4 km,19539,KCPM,KCPM,CPM,Compton Woodley Airport,small_airport,06037,Los Angeles,2021-06-01,0.0042,10,1,FALSE,23.55000610351565,2.8000611086501292,39.65,91.538,-0.35194399285521966,-0.6319369980482993,FALSE,FALSE,0,-5.259096653394756
0-4 km,19539,KCPM,KCPM,CPM,Compton Woodley Airport,small_airport,06037,Los Angeles,2021-07-01,0.0038888888888888888,9,1,FALSE,24.505551486545162,3.1981519273487615,46.47222222222222,91.72805555555556,0.6749644031571317,-0.6151117274390117,FALSE,FALSE,0,-5.320790222400095
0-4 km,19539,KCPM,KCPM,CPM,Compton Woodley Airport,small_airport,06037,Los Angeles,2021-08-01,0.0035555555555555557,9,1,FALSE,23.291650390625023,3.8100547125492654,44.111111111111114,91.71972222222223,0.9101072036609862,-0.23945591355287324,FALSE,FALSE,0,-5.391407789614049
0-4 km,19539,KCPM,KCPM,CPM,Compton Woodley Airport,small_airport,06037,Los Angeles,2021-09-01,0.003428571428571429,7,1,FALSE,21.975000000000023,2.829757286773211,50,91.6125,-0.17318761929989407,-0.5593491086131813,FALSE,FALSE,0,-5.419678223552304
0-4 km,19539,KCPM,KCPM,CPM,Compton Woodley Airport,small_airport,06037,Los Angeles,2021-10-01,0.004142857142857143,7,1,FALSE,14.003564453125023,4.910874538125921,62.32142857142857,91.59714285714286,-0.7152841456091787,-0.15296264828316608,FALSE,FALSE,0,-5.27014648958134
0-4 km,19539,KCPM,KCPM,CPM,Compton Woodley Airport,small_airport,06037,Los Angeles,2021-11-01,0.006818181818181818,11,1,FALSE,15.184073153409114,2.9956458021993035,50.15909090909091,91.98818181818181,-0.12616246481198415,0.2672572052802923,FALSE,FALSE,0,-4.851303255527
0-4 km,19539,KCPM,KCPM,CPM,Compton Woodley Airport,small_airport,06037,Los Angeles,2021-12-01,0.0068,10,1,FALSE,8.204986572265648,3.272206156477097,72.25,91.697,0.2007760571982757,-0.007285291416416893,FALSE,FALSE,0,-4.853631545286591
0-4 km,19539,KCPM,KCPM,CPM,Compton Woodley Airport,small_airport,06037,Los Angeles,2022-01-01,0.0102,10,1,FALSE,9.679968261718773,2.9744782818038833,50.35,92.266,0.1061948420288301,0.5666238306892967,TRUE,FALSE,0,-4.491841500681088
0-4 km,19539,KCPM,KCPM,CPM,Compton Woodley Airport,small_airport,06037,Los Angeles,2022-02-01,0.0102,10,1,FALSE,9.999987792968772,3.001204675981917,47.7,91.928,0.7758951617607663,0.3797221143701646,TRUE,FALSE,0,-4.491841500681088
0-4 km,19539,KCPM,KCPM,CPM,Compton Woodley Airport,small_airport,06037,Los Angeles,2022-03-01,0.005666666666666667,9,1,FALSE,12.488895670572939,1.6581902999574918,55.69444444444444,91.91833333333334,0.6427796602573004,-0.03085092721748297,TRUE,FALSE,0,-5.0106352940962555
0-4 km,19539,KCPM,KCPM,CPM,Compton Woodley Airport,small_airport,06037,Los Angeles,2022-04-01,0.0039000000000000003,10,1,FALSE,13.570001220703148,2.8409882356281564,57.95,91.596,0.8437213181145666,-0.4064842875546411,TRUE,FALSE,0,-5.318520073865556
0-4 km,19539,KCPM,KCPM,CPM,Compton Woodley Airport,small_airport,06037,Los Angeles,2022-05-01,0.005,9,1,FALSE,16.33610093858509,2.3508232637018445,48.5,91.50222222222223,0.4382336307083619,-0.5250624213725797,TRUE,FALSE,0,-5.115995809754082
0-4 km,19539,KCPM,KCPM,CPM,Compton Woodley Airport,small_airport,06037,Los Angeles,2022-06-01,0.0036,10,1,FALSE,23.594995117187523,3.6374925931840947,41.85,91.5945,0.03671104986383742,-0.6779354536415153,TRUE,FALSE,0,-5.381698975487088
0-4 km,19539,KCPM,KCPM,CPM,Compton Woodley Airport,small_airport,06037,Los Angeles,2022-07-01,0.004,9,1,FALSE,23.344432237413216,6.1807350033491755,44.861111111111114,91.67333333333333,-0.30153361042829374,-0.5677375417898068,TRUE,FALSE,0,-5.298317366548036
0-4 km,19539,KCPM,KCPM,CPM,Compton Woodley Airport,small_airport,06037,Los Angeles,2022-08-01,0.0046,10,1,FALSE,24.624987792968774,3.7149665867418924,44.9,91.664,-0.0569982887682729,-0.4960485828430991,TRUE,FALSE,0,-5.184988681241033
0-4 km,19539,KCPM,KCPM,CPM,Compton Woodley Airport,small_airport,06037,Los Angeles,2022-09-01,0.0048000000000000004,10,1,FALSE,24.009991455078147,4.524725363667939,50.8,91.54950000000001,-0.43277140300187716,-0.46052116324930004,TRUE,FALSE,0,-5.149897361429764
0-4 km,19539,KCPM,KCPM,CPM,Compton Woodley Airport,small_airport,06037,Los Angeles,2022-10-01,0.005111111111111111,9,1,FALSE,19.311093478732662,3.3327453992383864,49.02777777777778,91.80222222222223,0.046198326575326285,-0.2973625159915816,TRUE,FALSE,0,-5.097646671085886
0-4 km,19539,KCPM,KCPM,CPM,Compton Woodley Airport,small_airport,06037,Los Angeles,2022-11-01,0.0072,10,1,FALSE,11.329992675781273,5.298831681180661,57.2,91.8055,-0.20647469542355187,-0.0880960642193095,TRUE,FALSE,0,-4.803621124711929
0-4 km,19539,KCPM,KCPM,CPM,Compton Woodley Airport,small_airport,06037,Los Angeles,2022-12-01,0.009,12,1,FALSE,8.11249694824221,4.631061205370133,72.08333333333333,91.85916666666667,-0.026908677553414584,-0.1575108973399977,TRUE,FALSE,0,-4.605170185988092
0-4 km,19539,KCPM,KCPM,CPM,Compton Woodley Airport,small_airport,06037,Los Angeles,2023-01-01,0.0067777777777777775,9,1,FALSE,5.780558946397592,3.821403379814742,81.05555555555556,91.97305555555556,0.16605291398078875,0.18647193363570921,TRUE,FALSE,0,-4.8564846142689975
0-4 km,19539,KCPM,KCPM,CPM,Compton Woodley Airport,small_airport,06037,Los Angeles,2023-02-01,0.003375,8,1,FALSE,7.6187301635742415,3.5765717541668143,57.625,91.736875,0.05915277200552971,-0.2120387861539166,TRUE,FALSE,0,-5.431848759172559
0-4 km,19539,KCPM,KCPM,CPM,Compton Woodley Airport,small_airport,06037,Los Angeles,2023-03-01,0.0025833333333333333,12,1,FALSE,7.17499186197919,3.4158960072541062,80.70833333333333,91.73375,0.3928369064459544,-0.0016474889766348727,TRUE,FALSE,0,-5.631461813076575
0-4 km,19539,KCPM,KCPM,CPM,Compton Woodley Airport,small_airport,06037,Los Angeles,2023-04-01,0.0023,10,1,FALSE,14.369989013671898,2.4946522921355725,55.15,91.5265,0.5367143424751303,-0.36213718070781403,TRUE,FALSE,0,-5.713832810509703
0-4 km,19539,KCPM,KCPM,CPM,Compton Woodley Airport,small_airport,06037,Los Angeles,2023-05-01,0.002777777777777778,9,1,FALSE,17.316668023003494,3.7277133019684863,55.22222222222222,91.54972222222223,0.39879748290024963,-0.5116665888622591,TRUE,FALSE,0,-5.578619331702195
0-4 km,19539,KCPM,KCPM,CPM,Compton Woodley Airport,small_airport,06037,Los Angeles,2023-06-01,0.0021,10,1,FALSE,18.684991455078148,4.084502524947071,54.7,91.4875,0.07418386029086826,-0.5261048241301484,TRUE,FALSE,0,-5.7763531674910364
0-4 km,19539,KCPM,KCPM,CPM,Compton Woodley Airport,small_airport,06037,Los Angeles,2023-07-01,0.004,10,1,FALSE,25.004992675781274,5.5528788794822255,42.1,91.6935,-0.35631580284485925,-0.5626248612506971,TRUE,FALSE,0,-5.298317366548036
0-4 km,19539,KCPM,KCPM,CPM,Compton Woodley Airport,small_airport,06037,Los Angeles,2023-08-01,0.0034000000000000002,10,1,FALSE,23.584997558593773,4.718988646801487,53.1,91.768,-0.18984956986820264,-0.4246217098026252,TRUE,FALSE,0,-5.426150738057921
0-4 km,19539,KCPM,KCPM,CPM,Compton Woodley Airport,small_airport,06037,Los Angeles,2023-09-01,0.0042,10,1,FALSE,21.249987792968774,2.7373606566824273,60.3,91.749,0.17716525182657267,-0.5188084854748483,TRUE,FALSE,0,-5.259096653394756
0-4 km,19539,KCPM,KCPM,CPM,Compton Woodley Airport,small_airport,06037,Los Angeles,2023-10-01,0.0046,10,1,FALSE,18.8549987792969,3.7161675285542515,54.35,91.705,0.18970305520192215,-0.06574758073602449,TRUE,FALSE,0,-5.184988681241033
0-4 km,19539,KCPM,KCPM,CPM,Compton Woodley Airport,small_airport,06037,Los Angeles,2023-11-01,0.012875,8,1,FALSE,13.987489318847679,3.261935567885012,40.375,91.905,0.15701249557640487,0.49503646668250906,TRUE,FALSE,0,-4.277666619349639
0-4 km,19539,KCPM,KCPM,CPM,Compton Woodley Airport,small_airport,06037,Los Angeles,2023-12-01,0.0086,5,1,FALSE,9.639978027343773,3.4536359086398596,69.2,91.885,0.47511192165719074,0.12263715095240028,TRUE,FALSE,0,-4.645992180508347
0-4 km,19539,KCPM,KCPM,CPM,Compton Woodley Airport,small_airport,06037,Los Angeles,2024-01-01,0.008583333333333333,12,1,FALSE,9.166650390625023,3.3590341153419665,71.75,91.81958333333333,0.10367951038683475,0.0750605478680239,TRUE,FALSE,0,-4.647729800406887
0-4 km,19539,KCPM,KCPM,CPM,Compton Woodley Airport,small_airport,06037,Los Angeles,2024-02-01,0.005142857142857143,7,1,FALSE,8.053569684709844,4.162458345226726,83.32142857142857,91.82571428571428,-0.458093525631181,0.2278561755421517,TRUE,FALSE,0,-5.092465312343888
0-4 km,19539,KCPM,KCPM,CPM,Compton Woodley Airport,small_airport,06037,Los Angeles,2024-03-01,0.0022500000000000003,12,1,FALSE,8.89167175292971,1.8183576639035057,80.625,91.45875,-0.17112785999148133,0.04061896065905423,TRUE,FALSE,0,-5.72910028264049
0-4 km,19539,KCPM,KCPM,CPM,Compton Woodley Airport,small_airport,06037,Los Angeles,2024-04-01,0.0024000000000000002,10,1,FALSE,14.639984130859398,2.133517418953251,56.4,91.537,0.26460750938855826,-0.6409698357534102,TRUE,FALSE,0,-5.683979847360021
0-4 km,19539,KCPM,KCPM,CPM,Compton Woodley Airport,small_airport,06037,Los Angeles,2024-05-01,0.0023333333333333335,9,1,FALSE,16.080550130208355,5.6417265013512825,54.02777777777778,91.5111111111111,0.21616791771524,-0.3624856468677879,TRUE,FALSE,0,-5.703782474656201
0-4 km,19539,KCPM,KCPM,CPM,Compton Woodley Airport,small_airport,06037,Los Angeles,2024-06-01,0.0031,10,1,FALSE,22.149987792968773,3.3810526010040665,44.7,91.403,0.03787585313363986,-0.7063177811107842,TRUE,FALSE,0,-5.496768305271875
0-4 km,19539,KCPM,KCPM,CPM,Compton Woodley Airport,small_airport,06037,Los Angeles,2024-07-01,0.0043,10,1,FALSE,25.339996337890646,3.8737890571696716,37.75,91.66,0.5513975693451163,-0.27794704049556795,TRUE,FALSE,0,-5.240048458424061
0-4 km,19539,KCPM,KCPM,CPM,Compton Woodley Airport,small_airport,06037,Los Angeles,2024-08-01,0.0034000000000000002,10,1,FALSE,23.844995117187523,4.381136784698849,44.55,91.666,-0.09949596884261083,-0.6775073784754657,TRUE,FALSE,0,-5.426150738057921
0-4 km,19539,KCPM,KCPM,CPM,Compton Woodley Airport,small_airport,06037,Los Angeles,2024-09-01,0.0037142857142857142,7,1,FALSE,21.235694231305825,4.07685391388116,49.714285714285715,91.55642857142857,0.11554804534152671,-0.3066307782146828,TRUE,FALSE,0,-5.3571578665709705
0-4 km,19539,KCPM,KCPM,CPM,Compton Woodley Airport,small_airport,06037,Los Angeles,2024-10-01,0.005888888888888889,9,1,FALSE,20.447222222222244,2.8881702244884058,44.97222222222222,91.84194444444445,-0.2473911128218854,-0.6017616741354057,TRUE,FALSE,0,-4.977845471273265
0-4 km,19539,KCPM,KCPM,CPM,Compton Woodley Airport,small_airport,06037,Los Angeles,2024-11-01,0.0087,10,1,FALSE,11.999993896484398,3.5998469218079676,50.8,91.943,0.24637056237485705,-0.20032815200802725,TRUE,FALSE,0,-4.6356293934728
0-4 km,19539,KCPM,KCPM,CPM,Compton Woodley Airport,small_airport,06037,Los Angeles,2024-12-01,0.009600000000000001,10,1,FALSE,12.359997558593772,4.08692271438809,46.4,92.113,-0.16814588511576967,0.18178231761842964,TRUE,FALSE,0,-4.546901277864116
0-4 km,19552,KCRQ,KCRQ,CRQ,McClellan-Palomar Airport,medium_airport,06073,San Diego,2016-01-01,0.0025,10,1,FALSE,13.454974365234397,4.663824632511204,71.05,98.853,-0.28975420628278337,0.32694649004391657,FALSE,FALSE,0,-5.654992310486769
0-4 km,19552,KCRQ,KCRQ,CRQ,McClellan-Palomar Airport,medium_airport,06073,San Diego,2016-02-01,0.006625,8,1,FALSE,17.59375152587893,2.427054151016655,49.75,98.845625,-0.5349856498760821,0.534339195062519,FALSE,FALSE,0,-4.876322956488662
0-4 km,19552,KCRQ,KCRQ,CRQ,McClellan-Palomar Airport,medium_airport,06073,San Diego,2016-03-01,0.008166666666666666,12,1,FALSE,14.945825195312523,2.226903845538838,72.04166666666667,98.63125,-0.601193297463803,0.5554430924334999,FALSE,FALSE,0,-4.692181562977721
0-4 km,19552,KCRQ,KCRQ,CRQ,McClellan-Palomar Airport,medium_airport,06073,San Diego,2016-04-01,0.0115,10,1,FALSE,17.189996337890648,2.9450012800000755,68.35,98.5695,-0.6378837430385367,0.2305158183629367,FALSE,FALSE,0,-4.382026634673881
0-4 km,19552,KCRQ,KCRQ,CRQ,McClellan-Palomar Airport,medium_airport,06073,San Diego,2016-05-01,0.0058000000000000005,10,1,FALSE,15.789990234375022,4.186587657299338,79.6,98.4085,-0.10074342857361782,0.1544084004017238,FALSE,FALSE,0,-4.990832666800076
0-4 km,19552,KCRQ,KCRQ,CRQ,McClellan-Palomar Airport,medium_airport,06073,San Diego,2016-06-01,0.0078,10,1,FALSE,20.509997558593774,2.8480159130529645,64.45,98.36749999999999,-0.3349646308664477,0.15260747369303504,FALSE,FALSE,0,-4.733003557497977
0-4 km,19552,KCRQ,KCRQ,CRQ,McClellan-Palomar Airport,medium_airport,06073,San Diego,2016-07-01,0.010833333333333334,12,1,FALSE,22.027078247070335,2.9305721052578355,63.1875,98.24958333333333,-0.9036653580299626,0.27836733048408324,FALSE,FALSE,0,-4.436834871168877
0-4 km,19552,KCRQ,KCRQ,CRQ,McClellan-Palomar Airport,medium_airport,06073,San Diego,2016-08-01,0.01,10,1,FALSE,21.60999145507815,3.523641513473768,66.5,98.261,-0.21745207170787603,0.49782409991545473,FALSE,FALSE,0,-4.509860006183766
0-4 km,19552,KCRQ,KCRQ,CRQ,McClellan-Palomar Airport,medium_airport,06073,San Diego,2016-09-01,0.009,10,1,FALSE,21.184991455078148,3.886309678314735,62.45,98.3635,-0.8045032537686914,0.27485065828694943,FALSE,FALSE,0,-4.605170185988092
0-4 km,19552,KCRQ,KCRQ,CRQ,McClellan-Palomar Airport,medium_airport,06073,San Diego,2016-10-01,0.009,10,1,FALSE,19.96997680664065,4.952809686769486,60.65,98.4125,-0.8646198202317109,0.4245600269952087,FALSE,FALSE,0,-4.605170185988092
0-4 km,19552,KCRQ,KCRQ,CRQ,McClellan-Palomar Airport,medium_airport,06073,San Diego,2016-11-01,0.0111,10,1,FALSE,18.324993896484397,3.737776298534151,58.05,98.686,-0.7280937752508783,0.45025358860665854,FALSE,FALSE,0,-4.414549826379441
0-4 km,19552,KCRQ,KCRQ,CRQ,McClellan-Palomar Airport,medium_airport,06073,San Diego,2016-12-01,0.0111,10,1,FALSE,13.419989013671898,5.510249527051151,64.9,98.874,-0.8291957082095527,0.4009785440035429,FALSE,FALSE,0,-4.414549826379441
0-4 km,19552,KCRQ,KCRQ,CRQ,McClellan-Palomar Airport,medium_airport,06073,San Diego,2017-01-01,0.01633333333333333,12,1,FALSE,12.870818074544294,1.7924625743923728,76.375,98.72541666666666,-0.5059978673197948,0.23200110192479412,FALSE,FALSE,0,-4.05512384906882
0-4 km,19552,KCRQ,KCRQ,CRQ,McClellan-Palomar Airport,medium_airport,06073,San Diego,2017-02-01,0.009875,8,1,FALSE,12.118745422363304,4.07080110020544,80.25,98.341875,-0.5790811573725979,-0.17050369838202073,FALSE,FALSE,0,-4.521288702007389
0-4 km,19552,KCRQ,KCRQ,CRQ,McClellan-Palomar Airport,medium_airport,06073,San Diego,2017-03-01,0.016,10,1,FALSE,16.264996337890647,4.03789571011768,61.15,98.8245,-0.3054412623185312,0.4702428924269201,FALSE,FALSE,0,-4.074541934925921
0-4 km,19552,KCRQ,KCRQ,CRQ,McClellan-Palomar Airport,medium_airport,06073,San Diego,2017-04-01,0.0083,10,1,FALSE,15.445007324218773,3.472067573476221,74.25,98.5315,-0.1732323606764199,0.4122162856584925,FALSE,FALSE,0,-4.677740878822926
0-4 km,19552,KCRQ,KCRQ,CRQ,McClellan-Palomar Airport,medium_airport,06073,San Diego,2017-05-01,0.01125,12,1,FALSE,16.44165445963544,2.5081574225373067,66.04166666666667,98.18291666666667,-0.6614448399521795,-0.07573286110195757,FALSE,FALSE,0,-4.402229341991401
0-4 km,19552,KCRQ,KCRQ,CRQ,McClellan-Palomar Airport,medium_airport,06073,San Diego,2017-06-01,0.0075,10,1,FALSE,18.725000000000023,3.664698606374028,71.75,98.255,-0.9113541827263152,0.15066723958078243,FALSE,FALSE,0,-4.767689115485866
0-4 km,19552,KCRQ,KCRQ,CRQ,McClellan-Palomar Airport,medium_airport,06073,San Diego,2017-07-01,0.006888888888888889,9,1,FALSE,21.26942342122398,3.2968467674574624,71.33333333333333,98.49444444444444,-0.2897591332768228,0.1789417161830852,FALSE,FALSE,0,-4.8422999792770405
0-4 km,19552,KCRQ,KCRQ,CRQ,McClellan-Palomar Airport,medium_airport,06073,San Diego,2017-08-01,0.0077,10,1,FALSE,22.409997558593773,4.4560927421051,65.6,98.28999999999999,-0.6176112565384134,0.44400980352707464,FALSE,FALSE,0,-4.744432253321599
0-4 km,19552,KCRQ,KCRQ,CRQ,McClellan-Palomar Airport,medium_airport,06073,San Diego,2017-09-01,0.0194,10,1,FALSE,20.499993896484398,3.628007926129159,73.05,98.267,-0.7491995316919381,0.16815399059322675,FALSE,FALSE,0,-3.892220378131966
0-4 km,19552,KCRQ,KCRQ,CRQ,McClellan-Palomar Airport,medium_airport,06073,San Diego,2017-10-01,0.017333333333333333,9,1,FALSE,20.2861029730903,3.070160109796877,59.083333333333336,98.54444444444444,-0.8135799293953434,0.5417188529827477,FALSE,FALSE,0,-3.9990343824177756
0-4 km,19552,KCRQ,KCRQ,CRQ,McClellan-Palomar Airport,medium_airport,06073,San Diego,2017-11-01,0.015333333333333334,9,1,FALSE,17.39722086588544,3.275258685541395,71.27777777777777,98.70138888888889,-0.3016593142232258,0.4848486745759814,FALSE,FALSE,0,-4.11454726953962
0-4 km,19552,KCRQ,KCRQ,CRQ,McClellan-Palomar Airport,medium_airport,06073,San Diego,2017-12-01,0.01690909090909091,11,1,FALSE,15.72726939808241,4.905206609599924,53.36363636363637,98.93113636363636,-0.8311236377980946,0.4603344095036559,FALSE,FALSE,0,-4.022446823042519
0-4 km,19552,KCRQ,KCRQ,CRQ,McClellan-Palomar Airport,medium_airport,06073,San Diego,2018-01-01,0.01175,8,1,FALSE,14.693750000000023,2.1857764827192954,71.4375,98.845,-0.30824603071281964,0.8597029675896986,FALSE,FALSE,0,-4.362224007377701
0-4 km,19552,KCRQ,KCRQ,CRQ,McClellan-Palomar Airport,medium_airport,06073,San Diego,2018-02-01,0.015545454545454545,11,1,FALSE,14.202261629971614,3.8805364328577348,65.63636363636364,98.67045454545455,-0.1518760726998792,0.14717826582681565,FALSE,FALSE,0,-4.101643864703712
0-4 km,19552,KCRQ,KCRQ,CRQ,McClellan-Palomar Airport,medium_airport,06073,San Diego,2018-03-01,0.0129,10,1,FALSE,14.359991455078148,3.1465307649794396,72.4,98.636,-0.6930548060991987,0.12674749944720307,FALSE,FALSE,0,-4.275866438845491
0-4 km,19552,KCRQ,KCRQ,CRQ,McClellan-Palomar Airport,medium_airport,06073,San Diego,2018-04-01,0.016900000000000002,10,1,FALSE,15.232485961914085,1.9852297513821249,63.975,98.6865,-0.10047432028405978,0.25665436771343825,FALSE,FALSE,0,-4.022954566135428
0-4 km,19552,KCRQ,KCRQ,CRQ,McClellan-Palomar Airport,medium_airport,06073,San Diego,2018-05-01,0.0068,10,1,FALSE,14.894989013671898,1.8617684288851428,80.15,98.5085,-0.6741594538260931,0.18197614489977032,FALSE,FALSE,0,-4.853631545286591
0-4 km,19552,KCRQ,KCRQ,CRQ,McClellan-Palomar Airport,medium_airport,06073,San Diego,2018-06-01,0.0158,10,1,FALSE,17.65999145507815,1.6201572168803697,73.35,98.2765,0.06805773383922221,0.32457700683984114,FALSE,FALSE,0,-4.086376392572924
0-4 km,19552,KCRQ,KCRQ,CRQ,McClellan-Palomar Airport,medium_airport,06073,San Diego,2018-07-01,0.011916666666666666,12,1,FALSE,23.266661580403667,3.127598617871484,64.33333333333333,98.36541666666666,-0.42549263653709707,-0.2507343440629052,FALSE,FALSE,0,-4.349236811850891
0-4 km,19552,KCRQ,KCRQ,CRQ,McClellan-Palomar Airport,medium_airport,06073,San Diego,2018-08-01,0.009222222222222222,9,1,FALSE,22.87223036024308,2.7297934638031975,68.63888888888889,98.37138888888889,-0.5290738820093744,0.6718665302782681,FALSE,FALSE,0,-4.583191279269316
0-4 km,19552,KCRQ,KCRQ,CRQ,McClellan-Palomar Airport,medium_airport,06073,San Diego,2018-09-01,0.009666666666666667,12,1,FALSE,21.495828247070335,2.4952283236247195,69.20833333333333,98.13,-0.4771175281380304,-0.013888384200749004,FALSE,FALSE,0,-4.54063166485052
0-4 km,19552,KCRQ,KCRQ,CRQ,McClellan-Palomar Airport,medium_airport,06073,San Diego,2018-10-01,0.009444444444444445,9,1,FALSE,18.930552842881966,3.6027497574257343,66.94444444444444,98.3536111111111,-0.6457736937725399,0.4096373579004801,FALSE,FALSE,0,-4.561685074048353
0-4 km,19552,KCRQ,KCRQ,CRQ,McClellan-Palomar Airport,medium_airport,06073,San Diego,2018-11-01,0.021833333333333333,6,1,FALSE,19.08331705729169,1.9870526162169642,58.208333333333336,98.58166666666666,-0.5334927038920553,-0.0978841749201394,FALSE,FALSE,0,-3.779533822382067
0-4 km,19552,KCRQ,KCRQ,CRQ,McClellan-Palomar Airport,medium_airport,06073,San Diego,2018-12-01,0.012444444444444445,9,1,FALSE,15.191654459635439,3.5901011383460015,63.111111111111114,98.71555555555555,-0.5814589335486686,0.676791850917577,FALSE,FALSE,0,-4.3091893107216155
0-4 km,19552,KCRQ,KCRQ,CRQ,McClellan-Palomar Airport,medium_airport,06073,San Diego,2019-01-01,0.0122,10,1,FALSE,14.074987792968773,3.7046187113279396,70.95,98.9285,0.3047787860679282,0.1513382667437119,FALSE,FALSE,0,-4.327538449389812
0-4 km,19552,KCRQ,KCRQ,CRQ,McClellan-Palomar Airport,medium_airport,06073,San Diego,2019-02-01,0.0137,10,1,FALSE,13.134997558593772,4.307164460503568,71.25,98.6015,0.15029897215937432,-0.12856421240039656,FALSE,FALSE,0,-4.219907785197447
0-4 km,19552,KCRQ,KCRQ,CRQ,McClellan-Palomar Airport,medium_airport,06073,San Diego,2019-03-01,0.004333333333333333,9,1,FALSE,12.827769639756967,4.13438089073095,78.33333333333333,98.75111111111111,-0.29649211179821394,0.5794485777015229,FALSE,FALSE,0,-5.233778845410465
0-4 km,19552,KCRQ,KCRQ,CRQ,McClellan-Palomar Airport,medium_airport,06073,San Diego,2019-04-01,0.007833333333333333,12,1,FALSE,15.433328247070335,2.343670258887752,76.75,98.52791666666667,-0.3615677026989635,0.3304349671338583,FALSE,FALSE,0,-4.729222834658071
0-4 km,19552,KCRQ,KCRQ,CRQ,McClellan-Palomar Airport,medium_airport,06073,San Diego,2019-05-01,0.009,10,1,FALSE,15.174987792968773,2.808774073890772,79.65,98.368,-0.35973822106987247,0.1400010798985955,FALSE,FALSE,0,-4.605170185988092
0-4 km,19552,KCRQ,KCRQ,CRQ,McClellan-Palomar Airport,medium_airport,06073,San Diego,2019-06-01,0.0148,10,1,FALSE,16.53499145507815,3.523216078794222,78.1,98.274,-0.07074646297331086,-0.2833990597509444,FALSE,FALSE,0,-4.147745338949216
0-4 km,19552,KCRQ,KCRQ,CRQ,McClellan-Palomar Airport,medium_airport,06073,San Diego,2019-07-01,0.0071,10,1,FALSE,20.4850036621094,6.546950007226552,66.75,98.378,-0.9687838032901666,0.15672507864661306,FALSE,FALSE,0,-4.815891217303744
0-4 km,19552,KCRQ,KCRQ,CRQ,McClellan-Palomar Airport,medium_airport,06073,San Diego,2019-08-01,0.0055,12,1,FALSE,21.34998474121096,3.4152113650566855,67.91666666666667,98.37583333333333,-0.6036647899040859,0.49907455597361233,FALSE,FALSE,0,-5.035953102080546
0-4 km,19552,KCRQ,KCRQ,CRQ,McClellan-Palomar Airport,medium_airport,06073,San Diego,2019-09-01,0.010363636363636363,11,1,FALSE,20.965902987393488,4.700003204626648,68,98.31590909090909,-0.7833851724680021,0.31462277247289705,FALSE,FALSE,0,-4.477336814478207
0-4 km,19552,KCRQ,KCRQ,CRQ,McClellan-Palomar Airport,medium_airport,06073,San Diego,2019-10-01,0.011000000000000001,10,1,FALSE,19.39998168945315,3.4594152454237075,62.5,98.333,-0.4540362781092026,0.44226718045963387,FALSE,FALSE,0,-4.422848629194137
0-4 km,19552,KCRQ,KCRQ,CRQ,McClellan-Palomar Airport,medium_airport,06073,San Diego,2019-11-01,0.0188,10,1,FALSE,16.559979248046897,3.564511441937603,70.45,98.4095,-0.5215200215954499,0.23251905993000674,FALSE,FALSE,0,-3.9220733412816475
0-4 km,19552,KCRQ,KCRQ,CRQ,McClellan-Palomar Airport,medium_airport,06073,San Diego,2019-12-01,0.0098,10,1,FALSE,14.089996337890648,3.5060414148602193,71.9,98.879,-0.8463195371634025,-0.21812561884549836,FALSE,FALSE,0,-4.528209144851963
0-4 km,19552,KCRQ,KCRQ,CRQ,McClellan-Palomar Airport,medium_airport,06073,San Diego,2020-01-01,0.017,10,1,FALSE,13.954986572265648,2.000713204854082,75.7,98.97699999999999,-0.29870955836188484,0.6999245316167482,FALSE,FALSE,0,-4.017383521085972
0-4 km,19552,KCRQ,KCRQ,CRQ,McClellan-Palomar Airport,medium_airport,06073,San Diego,2020-02-01,0.017888888888888888,9,1,FALSE,14.761105685763912,3.399753652672783,69.88888888888889,98.58833333333334,-0.6527437854853456,0.03817983187474479,FALSE,FALSE,0,-3.9691814192680948
0-4 km,19552,KCRQ,KCRQ,CRQ,McClellan-Palomar Airport,medium_airport,06073,San Diego,2020-03-01,0.0189,10,1,FALSE,14.414984130859398,2.5821350927917326,74.3,98.8265,-0.5681720935285701,-0.4701023069249211,FALSE,FALSE,0,-3.9170355472516905
0-4 km,19552,KCRQ,KCRQ,CRQ,McClellan-Palomar Airport,medium_airport,06073,San Diego,2020-04-01,0.0142,10,1,FALSE,15.384985351562523,2.2736269542122494,73.8,98.6495,-0.21279023938378555,0.05683290660620932,FALSE,FALSE,0,-4.186459851129906
0-4 km,19552,KCRQ,KCRQ,CRQ,McClellan-Palomar Airport,medium_airport,06073,San Diego,2020-05-01,0.016333333333333335,9,1,FALSE,18.12222357855905,2.4788895713547183,71.55555555555556,98.40333333333334,-0.2942192013129561,0.36410334898904984,FALSE,FALSE,0,-4.055123849068819
0-4 km,19552,KCRQ,KCRQ,CRQ,McClellan-Palomar Airport,medium_airport,06073,San Diego,2020-06-01,0.0132,10,1,FALSE,18.4149841308594,2.9837865356944455,69.95,98.2915,-0.8415521949288091,0.42966250920103605,FALSE,FALSE,0,-4.254513314374922
0-4 km,19552,KCRQ,KCRQ,CRQ,McClellan-Palomar Airport,medium_airport,06073,San Diego,2020-07-01,0.0134,10,1,FALSE,20.050000000000022,1.82824559948624,68.6,98.27799999999999,-0.27157022279778237,0.6455386264057899,FALSE,FALSE,0,-4.240527072400182
0-4 km,19552,KCRQ,KCRQ,CRQ,McClellan-Palomar Airport,medium_airport,06073,San Diego,2020-08-01,0.014272727272727274,11,1,FALSE,23.070447887073886,3.5309084975095697,63.84090909090909,98.1315909090909,-0.26383570507379217,0.32998836469733245,FALSE,FALSE,0,-4.181686572377249
0-4 km,19552,KCRQ,KCRQ,CRQ,McClellan-Palomar Airport,medium_airport,06073,San Diego,2020-09-01,0.020399999999999998,10,1,FALSE,25.624993896484398,3.3950869239238686,54.75,98.269,-0.6018752642963298,0.6205455241986482,FALSE,FALSE,0,-3.844364356954331
0-4 km,19552,KCRQ,KCRQ,CRQ,McClellan-Palomar Airport,medium_airport,06073,San Diego,2020-10-01,0.0169,10,1,FALSE,20.824987792968773,1.785710764749596,70.8,98.498,-0.25282132488954173,0.5441485309554943,FALSE,FALSE,0,-4.022954566135428
0-4 km,19552,KCRQ,KCRQ,CRQ,McClellan-Palomar Airport,medium_airport,06073,San Diego,2020-11-01,0.026555555555555554,9,1,FALSE,17.872210015190994,2.3426247497446417,59.138888888888886,98.61194444444445,-0.23491234525063617,0.28254137053281914,FALSE,FALSE,0,-3.5915511101533744
0-4 km,19552,KCRQ,KCRQ,CRQ,McClellan-Palomar Airport,medium_airport,06073,San Diego,2020-12-01,0.0176,10,1,FALSE,13.719982910156272,4.132141748066411,72.25,98.8135,-0.9663643192371739,0.10781344802453698,FALSE,FALSE,0,-3.9845936982629815
0-4 km,19552,KCRQ,KCRQ,CRQ,McClellan-Palomar Airport,medium_airport,06073,San Diego,2021-01-01,0.0243,10,1,FALSE,14.764996337890647,2.3218773068736898,68.7,98.797,-0.32612040163549194,-0.08613850632070098,FALSE,FALSE,0,-3.6769508832486624
0-4 km,19552,KCRQ,KCRQ,CRQ,McClellan-Palomar Airport,medium_airport,06073,San Diego,2021-02-01,0.02,9,1,FALSE,13.366652425130232,2.1920146450434927,75.25,98.60638888888889,0.24445667435936555,0.34497994108972485,FALSE,FALSE,0,-3.863232841258714
0-4 km,19552,KCRQ,KCRQ,CRQ,McClellan-Palomar Airport,medium_airport,06073,San Diego,2021-03-01,0.0117,10,1,FALSE,13.424987792968773,3.0260979532975263,70,98.7325,0.1750252202736391,0.2827012349725345,FALSE,FALSE,0,-4.3661532855175915
0-4 km,19552,KCRQ,KCRQ,CRQ,McClellan-Palomar Airport,medium_airport,06073,San Diego,2021-04-01,0.0088,10,1,FALSE,14.714978027343772,4.63234038715592,74,98.4705,0.010797060150919791,0.5334144309821512,FALSE,FALSE,0,-4.62537289330561
0-4 km,19552,KCRQ,KCRQ,CRQ,McClellan-Palomar Airport,medium_airport,06073,San Diego,2021-05-01,0.014555555555555556,9,1,FALSE,14.761098904079883,1.550705416167611,77.72222222222223,98.40888888888888,-0.21748376477800682,-0.34711581456432344,FALSE,FALSE,0,-4.163337433709052
0-4 km,19552,KCRQ,KCRQ,CRQ,McClellan-Palomar Airport,medium_airport,06073,San Diego,2021-06-01,0.012636363636363637,11,1,FALSE,20.913631924715933,4.803597111395995,62,98.11431818181818,-0.7699234779886113,0.03469755435306111,FALSE,FALSE,0,-4.295015257684252
0-4 km,19552,KCRQ,KCRQ,CRQ,McClellan-Palomar Airport,medium_airport,06073,San Diego,2021-07-01,0.0101,10,1,FALSE,21.759991455078147,3.542620655224085,67.4,98.333,-0.15664365788562012,0.2443421382017095,FALSE,FALSE,0,-4.500810170663849
0-4 km,19552,KCRQ,KCRQ,CRQ,McClellan-Palomar Airport,medium_airport,06073,San Diego,2021-08-01,0.0126,10,1,FALSE,21.159997558593773,2.641101405635748,69.9,98.407,-0.4882797952519291,0.3978793917190433,FALSE,FALSE,0,-4.29768548624013
0-4 km,19552,KCRQ,KCRQ,CRQ,McClellan-Palomar Airport,medium_airport,06073,San Diego,2021-09-01,0.013777777777777778,9,1,FALSE,20.080556911892383,3.0502415606542934,70.72222222222223,98.325,-0.588157982935355,-0.22846664636221756,FALSE,FALSE,0,-4.214630728096602
0-4 km,19552,KCRQ,KCRQ,CRQ,McClellan-Palomar Airport,medium_airport,06073,San Diego,2021-10-01,0.016916666666666667,12,1,FALSE,17.733326212565128,3.1739175508935067,71.41666666666667,98.4025,-0.805587941560631,0.32565413870433646,FALSE,FALSE,0,-4.022023900642474
0-4 km,19552,KCRQ,KCRQ,CRQ,McClellan-Palomar Airport,medium_airport,06073,San Diego,2021-11-01,0.0123,10,1,FALSE,18.124993896484398,4.574745172877637,70.3,98.6325,-0.9308079355140114,0.13619917419431135,FALSE,FALSE,0,-4.319991243754429
0-4 km,19552,KCRQ,KCRQ,CRQ,McClellan-Palomar Airport,medium_airport,06073,San Diego,2021-12-01,0.01018181818181818,11,1,FALSE,14.463622492009966,5.16834614916838,81.25,98.47386363636363,-0.45811943237271313,-0.5288612472393797,FALSE,FALSE,0,-4.49346619640809
0-4 km,19552,KCRQ,KCRQ,CRQ,McClellan-Palomar Airport,medium_airport,06073,San Diego,2022-01-01,0.012,11,1,FALSE,15.347713955965931,2.9939629787956483,66.11363636363636,98.9,-0.2484739888001536,0.3537030770971685,TRUE,FALSE,0,-4.3428059215206005
0-4 km,19552,KCRQ,KCRQ,CRQ,McClellan-Palomar Airport,medium_airport,06073,San Diego,2022-02-01,0.013555555555555555,9,1,FALSE,14.724986436631967,2.1967785038136434,57.5,98.84805555555555,0.012568957925274057,0.5628717432127117,TRUE,FALSE,0,-4.229782533117205
0-4 km,19552,KCRQ,KCRQ,CRQ,McClellan-Palomar Airport,medium_airport,06073,San Diego,2022-03-01,0.0143,10,1,FALSE,15.294989013671898,2.675666541583168,63.65,98.8575,-0.7704988800400074,0.4947487760246003,TRUE,FALSE,0,-4.179902450583747
0-4 km,19552,KCRQ,KCRQ,CRQ,McClellan-Palomar Airport,medium_airport,06073,San Diego,2022-04-01,0.0134,10,1,FALSE,14.579998779296897,1.844316632944711,77.2,98.498,-0.34236468440303797,0.14179851897803966,TRUE,FALSE,0,-4.240527072400182
0-4 km,19552,KCRQ,KCRQ,CRQ,McClellan-Palomar Airport,medium_airport,06073,San Diego,2022-05-01,0.014555555555555556,9,1,FALSE,15.699995930989607,2.078553755268654,74.52777777777777,98.3625,-0.4785785298294408,-0.08242240527696273,TRUE,FALSE,0,-4.163337433709052
0-4 km,19552,KCRQ,KCRQ,CRQ,McClellan-Palomar Airport,medium_airport,06073,San Diego,2022-06-01,0.008818181818181819,11,1,FALSE,20.277259965376444,1.8328180741922324,67.31818181818181,98.22772727272728,-0.5812894623543042,0.12512745615711818,TRUE,FALSE,0,-4.623519324656288
0-4 km,19552,KCRQ,KCRQ,CRQ,McClellan-Palomar Airport,medium_airport,06073,San Diego,2022-07-01,0.0107,10,1,FALSE,20.204980468750023,4.694587918798317,69.7,98.3705,-0.638991795586071,0.07301695216552899,TRUE,FALSE,0,-4.448166437178426
0-4 km,19552,KCRQ,KCRQ,CRQ,McClellan-Palomar Airport,medium_airport,06073,San Diego,2022-08-01,0.0141,10,1,FALSE,22.152490234375023,2.9668772316013676,68.1,98.2615,-0.5886390131917224,0.12440254101519087,TRUE,FALSE,0,-4.193060535161258
0-4 km,19552,KCRQ,KCRQ,CRQ,McClellan-Palomar Airport,medium_airport,06073,San Diego,2022-09-01,0.011300000000000001,10,1,FALSE,23.54998779296877,4.671277414443413,67.45,98.1245,-0.6959839690955585,0.2255295657139676,TRUE,FALSE,0,-4.398156016603765
0-4 km,19552,KCRQ,KCRQ,CRQ,McClellan-Palomar Airport,medium_airport,06073,San Diego,2022-10-01,0.015,10,1,FALSE,20.219995117187523,3.520953852938853,70.3,98.4165,-0.9628923173162298,0.12189469142227294,TRUE,FALSE,0,-4.135166556742356
0-4 km,19552,KCRQ,KCRQ,CRQ,McClellan-Palomar Airport,medium_airport,06073,San Diego,2022-11-01,0.016,9,1,FALSE,16.15555555555558,4.201030723070255,69.08333333333333,98.58888888888889,-0.8721969531552785,0.2512507784793632,TRUE,FALSE,0,-4.074541934925921
0-4 km,19552,KCRQ,KCRQ,CRQ,McClellan-Palomar Airport,medium_airport,06073,San Diego,2022-12-01,0.010416666666666666,12,1,FALSE,13.458327229817732,3.7979840065042807,74.875,98.77833333333334,-0.5968885529937206,0.08046491440991786,TRUE,FALSE,0,-4.4726810029420125
0-4 km,19552,KCRQ,KCRQ,CRQ,McClellan-Palomar Airport,medium_airport,06073,San Diego,2023-01-01,0.0065,8,1,FALSE,12.712480163574241,4.646972530871543,76.5625,98.8,-0.007442118572370121,0.1324149373700348,TRUE,FALSE,0,-4.892852258439873
0-4 km,19552,KCRQ,KCRQ,CRQ,McClellan-Palomar Airport,medium_airport,06073,San Diego,2023-02-01,0.011571428571428571,7,1,FALSE,13.092845807756719,2.370579292344131,58.25,98.64642857142857,0.23032606995902358,0.3363513616033341,TRUE,FALSE,0,-4.376328613559244
0-4 km,19552,KCRQ,KCRQ,CRQ,McClellan-Palomar Airport,medium_airport,06073,San Diego,2023-03-01,0.015416666666666667,12,1,FALSE,12.78748474121096,4.373185416738848,73.5,98.74583333333334,-0.20572615914948203,0.3277436142101556,TRUE,FALSE,0,-4.109458200032149
0-4 km,19552,KCRQ,KCRQ,CRQ,McClellan-Palomar Airport,medium_airport,06073,San Diego,2023-04-01,0.0134,10,1,FALSE,15.100006103515648,2.2184446829268563,72.15,98.342,0.15480109033331546,0.08939289236783327,TRUE,FALSE,0,-4.240527072400182
0-4 km,19552,KCRQ,KCRQ,CRQ,McClellan-Palomar Airport,medium_airport,06073,San Diego,2023-05-01,0.00925,8,1,FALSE,15.115613555908226,2.466344663128331,76.96875,98.4765625,-0.30293927343106075,0.2389493699691516,TRUE,FALSE,0,-4.58047757339772
0-4 km,19552,KCRQ,KCRQ,CRQ,McClellan-Palomar Airport,medium_airport,06073,San Diego,2023-06-01,0.01125,12,1,FALSE,16.020837402343773,4.028449170155707,80.41666666666667,98.33,-0.35486412780536225,0.10127891464432702,TRUE,FALSE,0,-4.402229341991401
0-4 km,19552,KCRQ,KCRQ,CRQ,McClellan-Palomar Airport,medium_airport,06073,San Diego,2023-07-01,0.0108,10,1,FALSE,21.2999938964844,3.503948591287551,67.55,98.311,-0.20563974255173606,-0.17929486141011028,TRUE,FALSE,0,-4.439655747510518
0-4 km,19552,KCRQ,KCRQ,CRQ,McClellan-Palomar Airport,medium_airport,06073,San Diego,2023-08-01,0.010777777777777778,9,1,FALSE,22.30276557074655,5.804788820772491,70.77777777777777,98.32111111111111,-0.7105956792835222,0.2132254087012174,TRUE,FALSE,0,-4.441540762206289
0-4 km,19552,KCRQ,KCRQ,CRQ,McClellan-Palomar Airport,medium_airport,06073,San Diego,2023-09-01,0.018545454545454546,11,1,FALSE,21.268182373046898,2.965876855017699,72,98.35727272727273,-0.9230642690349684,0.19030774909698264,TRUE,FALSE,0,-3.9350125236528446
0-4 km,19552,KCRQ,KCRQ,CRQ,McClellan-Palomar Airport,medium_airport,06073,San Diego,2023-10-01,0.01588888888888889,9,1,FALSE,20.29999186197919,3.0703842479230956,72.33333333333333,98.33777777777777,-0.7282044878777834,0.638238500617603,TRUE,FALSE,0,-4.08109933547208
0-4 km,19552,KCRQ,KCRQ,CRQ,McClellan-Palomar Airport,medium_airport,06073,San Diego,2023-11-01,0.007833333333333333,12,1,FALSE,17.504149373372417,3.902894338373865,66.75,98.60958333333333,-0.711148491126212,0.3861493789473423,TRUE,FALSE,0,-4.729222834658071
0-4 km,19552,KCRQ,KCRQ,CRQ,McClellan-Palomar Airport,medium_airport,06073,San Diego,2023-12-01,0.0141,10,1,FALSE,14.909985351562522,3.795986895824673,78.8,98.719,-0.7288955287866168,0.3265596723088075,TRUE,FALSE,0,-4.193060535161258
0-4 km,19552,KCRQ,KCRQ,CRQ,McClellan-Palomar Airport,medium_airport,06073,San Diego,2024-01-01,0.014,11,1,FALSE,14.134077037464511,3.9074188962327585,76.5909090909091,98.71136363636364,-0.5203022520289772,0.2103750146787375,TRUE,FALSE,0,-4.199705077879927
0-4 km,19552,KCRQ,KCRQ,CRQ,McClellan-Palomar Airport,medium_airport,06073,San Diego,2024-02-01,0.009666666666666667,6,1,FALSE,14.524987792968773,7.2631855981875875,75.79166666666667,98.64125,-0.9375740485154409,0.08381073216560421,TRUE,FALSE,0,-4.54063166485052
0-4 km,19552,KCRQ,KCRQ,CRQ,McClellan-Palomar Airport,medium_airport,06073,San Diego,2024-03-01,0.015083333333333334,12,1,FALSE,13.362491861979189,3.160107340110369,83.375,98.37916666666666,-0.5159818406593036,-0.11651402524153831,TRUE,FALSE,0,-4.129971739865252
0-4 km,19552,KCRQ,KCRQ,CRQ,McClellan-Palomar Airport,medium_airport,06073,San Diego,2024-04-01,0.0141,10,1,FALSE,14.419995117187522,2.2027326085245145,75.6,98.4475,-0.5150343696255849,-0.1063424285856232,TRUE,FALSE,0,-4.193060535161258
0-4 km,19552,KCRQ,KCRQ,CRQ,McClellan-Palomar Airport,medium_airport,06073,San Diego,2024-05-01,0.011222222222222222,9,1,FALSE,14.736101616753494,4.9423556190848235,80.66666666666667,98.38388888888889,-0.12669364208615297,0.051436233833193686,TRUE,FALSE,0,-4.40449949052594
0-4 km,19552,KCRQ,KCRQ,CRQ,McClellan-Palomar Airport,medium_airport,06073,San Diego,2024-06-01,0.0097,10,1,FALSE,18.6649841308594,4.004979718747659,73.1,98.0445,-0.876181613043673,-0.002225140459487762,TRUE,FALSE,0,-4.537511537514276
0-4 km,19552,KCRQ,KCRQ,CRQ,McClellan-Palomar Airport,medium_airport,06073,San Diego,2024-07-01,0.0134,10,1,FALSE,20.744989013671898,2.3063464046784516,68.9,98.2535,-0.3266551520596397,0.5253304259708471,TRUE,FALSE,0,-4.240527072400182
0-4 km,19552,KCRQ,KCRQ,CRQ,McClellan-Palomar Airport,medium_airport,06073,San Diego,2024-08-01,0.014,10,1,FALSE,21.882489013671897,2.5731911149893363,69.3,98.302,-0.9382046553445114,0.08610740317805349,TRUE,FALSE,0,-4.199705077879927
0-4 km,19552,KCRQ,KCRQ,CRQ,McClellan-Palomar Airport,medium_airport,06073,San Diego,2024-09-01,0.0058,10,1,FALSE,20.94000244140627,3.4123866294313276,72.65,98.123,-0.8479140865534944,0.27552214637747247,TRUE,FALSE,0,-4.990832666800076
0-4 km,19552,KCRQ,KCRQ,CRQ,McClellan-Palomar Airport,medium_airport,06073,San Diego,2024-10-01,0.012,10,1,FALSE,20.05999755859377,4.1878451476231975,71.35,98.404,-0.775265308837742,0.09879470159216551,TRUE,FALSE,0,-4.3428059215206005
0-4 km,19552,KCRQ,KCRQ,CRQ,McClellan-Palomar Airport,medium_airport,06073,San Diego,2024-11-01,0.017,9,1,FALSE,16.061103651258705,3.1174521589123896,67.41666666666667,98.75916666666667,-0.7378684956463382,0.4624544932471769,TRUE,FALSE,0,-4.017383521085972
0-4 km,19552,KCRQ,KCRQ,CRQ,McClellan-Palomar Airport,medium_airport,06073,San Diego,2024-12-01,0.019,10,1,FALSE,15.334991455078148,5.045107380884012,73.4,98.9005,-0.5903328429446858,0.20225883733117714,TRUE,FALSE,0,-3.912023005428146
0-4 km,20928,KRHV,KRHV,RHV,Reid-Hillview Airport of Santa Clara County,small_airport,06085,Santa Clara,2016-01-01,0.06133333333333334,6,1,TRUE,11.03748474121096,4.056599805359667,84.25,99.99208333333334,0.21608408346347815,4.947541019977968e-4,FALSE,TRUE,0,-2.77525895079566
0-4 km,20928,KRHV,KRHV,RHV,Reid-Hillview Airport of Santa Clara County,small_airport,06085,Santa Clara,2016-02-01,0.09375,4,1,TRUE,12.649987792968773,3.8578000107046493,82.6875,100.18125,0.38801745752378103,0.34369242477879713,FALSE,TRUE,0,-2.3565134350196013
0-4 km,20928,KRHV,KRHV,RHV,Reid-Hillview Airport of Santa Clara County,small_airport,06085,Santa Clara,2016-03-01,0.06420000000000001,5,1,TRUE,13.279986572265647,3.6799726872935827,83,99.9625,0.31376920501495387,0.382632236437873,FALSE,TRUE,0,-2.7302958100495296
0-4 km,20928,KRHV,KRHV,RHV,Reid-Hillview Airport of Santa Clara County,small_airport,06085,Santa Clara,2016-04-01,0.086,5,1,TRUE,15.159997558593773,3.4229555605171846,72.95,100.0925,-0.3227152784499968,0.7606405265403937,FALSE,TRUE,0,-2.4418471603275536
0-4 km,20928,KRHV,KRHV,RHV,Reid-Hillview Airport of Santa Clara County,small_airport,06085,Santa Clara,2016-05-01,0.048799999999999996,5,1,TRUE,15.814990234375022,2.5818721754986433,77.95,99.7175,0.4018016945959273,0.44918619486436306,FALSE,TRUE,0,-2.99974029495153
0-4 km,20928,KRHV,KRHV,RHV,Reid-Hillview Airport of Santa Clara County,small_airport,06085,Santa Clara,2016-06-01,0.0586,5,1,TRUE,17.944989013671897,3.7595001424996055,68.9,99.8,-0.17331599087366859,0.2510458432529191,FALSE,TRUE,0,-2.820099704910833
0-4 km,20928,KRHV,KRHV,RHV,Reid-Hillview Airport of Santa Clara County,small_airport,06085,Santa Clara,2016-07-01,0.0466,5,1,TRUE,18.724987792968772,2.3923347296202877,65.25,99.7085,0.10507748844492928,0.5023754922607397,FALSE,TRUE,0,-3.0449225177447627
0-4 km,20928,KRHV,KRHV,RHV,Reid-Hillview Airport of Santa Clara County,small_airport,06085,Santa Clara,2016-08-01,0.0426,5,1,TRUE,17.624987792968774,1.8691588807814767,71.35,99.681,-0.15238771711930502,0.3376649807154003,FALSE,TRUE,0,-3.1326981286271485
0-4 km,20928,KRHV,KRHV,RHV,Reid-Hillview Airport of Santa Clara County,small_airport,06085,Santa Clara,2016-09-01,0.07100000000000001,5,1,TRUE,18.960003662109397,2.7857500760014267,63.6,99.722,-0.11101143769700836,0.5688510205071298,FALSE,TRUE,0,-2.6310891599660815
0-4 km,20928,KRHV,KRHV,RHV,Reid-Hillview Airport of Santa Clara County,small_airport,06085,Santa Clara,2016-10-01,0.045,5,1,TRUE,16.7999938964844,4.132160931612106,73.25,99.7825,0.008939139039773294,-0.23499989324765647,FALSE,TRUE,0,-3.079113882493042
0-4 km,20928,KRHV,KRHV,RHV,Reid-Hillview Airport of Santa Clara County,small_airport,06085,Santa Clara,2016-11-01,0.0448,5,1,TRUE,14.524987792968773,4.11122499082735,81.95,100.0125,-0.17658728670205684,0.09652618952692439,FALSE,TRUE,0,-3.083471187861998
0-4 km,20928,KRHV,KRHV,RHV,Reid-Hillview Airport of Santa Clara County,small_airport,06085,Santa Clara,2016-12-01,0.058249999999999996,4,1,TRUE,9.456239318847679,5.872925740578509,78.25,100.425,-0.7276266532825879,0.2719407446074134,FALSE,TRUE,0,-2.8259894989668966
0-4 km,20928,KRHV,KRHV,RHV,Reid-Hillview Airport of Santa Clara County,small_airport,06085,Santa Clara,2017-01-01,0.07433333333333333,6,1,TRUE,9.858321126302107,4.558277435978498,83.08333333333333,99.92166666666667,0.2956725098774441,0.02377300170806813,FALSE,TRUE,0,-2.585832568377961
0-4 km,20928,KRHV,KRHV,RHV,Reid-Hillview Airport of Santa Clara County,small_airport,06085,Santa Clara,2017-02-01,0.05,4,1,TRUE,11.068757629394554,4.667743726270183,84.25,99.503125,-0.5928344046013162,0.12652247957917565,FALSE,TRUE,0,-2.975929646257811
0-4 km,20928,KRHV,KRHV,RHV,Reid-Hillview Airport of Santa Clara County,small_airport,06085,Santa Clara,2017-03-01,0.0462,5,1,TRUE,12.334991455078148,3.700605518945006,84.4,100.381,0.5507210865954576,0.2790007028213114,FALSE,TRUE,0,-3.0533613863906273
0-4 km,20928,KRHV,KRHV,RHV,Reid-Hillview Airport of Santa Clara County,small_airport,06085,Santa Clara,2017-04-01,0.07100000000000001,5,1,TRUE,12.809991455078148,4.184303598924478,85.2,99.8545,-0.11521232598578014,-0.1603565117799255,FALSE,TRUE,0,-2.6310891599660815
0-4 km,20928,KRHV,KRHV,RHV,Reid-Hillview Airport of Santa Clara County,small_airport,06085,Santa Clara,2017-05-01,0.05583333333333333,6,1,TRUE,14.349989827473982,4.133518117295268,74.375,99.63541666666667,0.2740364380047656,0.49616594799169,FALSE,TRUE,0,-2.8676322709266753
0-4 km,20928,KRHV,KRHV,RHV,Reid-Hillview Airport of Santa Clara County,small_airport,06085,Santa Clara,2017-06-01,0.0652,5,1,TRUE,17.454992675781273,2.6057094240167666,72.2,99.6485,-0.014404466832748198,0.7816292989774314,FALSE,TRUE,0,-2.7150748160391744
0-4 km,20928,KRHV,KRHV,RHV,Reid-Hillview Airport of Santa Clara County,small_airport,06085,Santa Clara,2017-07-01,0.041999999999999996,5,1,TRUE,18.789990234375022,3.5541034273763277,66.05,99.736,0.3870375415843766,0.22366282186953454,FALSE,TRUE,0,-3.146555163288575
0-4 km,20928,KRHV,KRHV,RHV,Reid-Hillview Airport of Santa Clara County,small_airport,06085,Santa Clara,2017-08-01,0.056,5,1,TRUE,19.68499755859377,4.355111818661332,70.15,99.685,-0.7984988058554972,0.3456516798734554,FALSE,TRUE,0,-2.864704011147587
0-4 km,20928,KRHV,KRHV,RHV,Reid-Hillview Airport of Santa Clara County,small_airport,06085,Santa Clara,2017-09-01,0.0606,5,1,TRUE,19.65999145507815,2.1160063849278425,63.3,99.605,-0.8271513596199122,0.3347132417375225,FALSE,TRUE,0,-2.787093408442663
0-4 km,20928,KRHV,KRHV,RHV,Reid-Hillview Airport of Santa Clara County,small_airport,06085,Santa Clara,2017-10-01,0.0912,5,1,TRUE,16.90498657226565,3.52959137884644,59.3,100.04,-0.804181682055741,0.4069376229990522,FALSE,TRUE,0,-2.3837951484195887
0-4 km,20928,KRHV,KRHV,RHV,Reid-Hillview Airport of Santa Clara County,small_airport,06085,Santa Clara,2017-11-01,0.036,5,1,TRUE,13.954986572265648,4.465106121910053,83.75,99.975,0.03673040445125853,-0.24903337635653522,FALSE,TRUE,0,-3.2968373663379125
0-4 km,20928,KRHV,KRHV,RHV,Reid-Hillview Airport of Santa Clara County,small_airport,06085,Santa Clara,2017-12-01,0.0838,5,1,TRUE,11.924993896484398,6.8183053568631236,68,100.5045,-0.8993019443000411,0.43069133810387167,FALSE,TRUE,0,-2.4674597361842796
0-4 km,20928,KRHV,KRHV,RHV,Reid-Hillview Airport of Santa Clara County,small_airport,06085,Santa Clara,2018-01-01,0.0872,5,1,TRUE,11.674987792968773,2.4640160153448556,79,100.2425,0.34741982429409307,0.44739493212545367,FALSE,TRUE,0,-2.4281483159693913
0-4 km,20928,KRHV,KRHV,RHV,Reid-Hillview Airport of Santa Clara County,small_airport,06085,Santa Clara,2018-02-01,0.082,5,1,TRUE,10.714984130859397,5.511618363797769,72.95,100.1915,0.14659554641429656,0.6942392446153272,FALSE,TRUE,0,-2.488914671185539
0-4 km,20928,KRHV,KRHV,RHV,Reid-Hillview Airport of Santa Clara County,small_airport,06085,Santa Clara,2018-03-01,0.0392,5,1,TRUE,10.869989013671898,3.4479195033568044,83.95,99.9015,-0.04981602117296414,0.04114062905572956,FALSE,TRUE,0,-3.2138882833571616
0-4 km,20928,KRHV,KRHV,RHV,Reid-Hillview Airport of Santa Clara County,small_airport,06085,Santa Clara,2018-04-01,0.1006,5,1,TRUE,13.219995117187523,3.1116390643182714,79.05,100.2285,0.12383674312729293,0.6923296723881812,FALSE,TRUE,0,-2.2867117438377558
0-4 km,20928,KRHV,KRHV,RHV,Reid-Hillview Airport of Santa Clara County,small_airport,06085,Santa Clara,2018-05-01,0.049,5,1,TRUE,13.919982910156273,1.528251539135638,79.9,99.8955,-0.20071072075666763,0.20266964216001154,FALSE,TRUE,0,-2.995732273553991
0-4 km,20928,KRHV,KRHV,RHV,Reid-Hillview Airport of Santa Clara County,small_airport,06085,Santa Clara,2018-06-01,0.0528,5,1,TRUE,16.069989013671897,3.776721124881023,75.05,99.7325,-0.1809095448751594,0.18237776562946278,FALSE,TRUE,0,-2.9224818118143983
0-4 km,20928,KRHV,KRHV,RHV,Reid-Hillview Airport of Santa Clara County,small_airport,06085,Santa Clara,2018-07-01,0.05383333333333333,6,1,TRUE,19.749988810221378,4.456099119923803,64.95833333333333,99.85208333333333,-0.744862182815996,0.3629676101993106,FALSE,TRUE,0,-2.9034569974448203
0-4 km,20928,KRHV,KRHV,RHV,Reid-Hillview Airport of Santa Clara County,small_airport,06085,Santa Clara,2018-08-01,0.0614,5,1,TRUE,18.36499023437502,3.129231467399495,70,99.8585,-0.8432301362120985,0.35902540932838345,FALSE,TRUE,0,-2.774190003606755
0-4 km,20928,KRHV,KRHV,RHV,Reid-Hillview Airport of Santa Clara County,small_airport,06085,Santa Clara,2018-09-01,0.0698,5,1,TRUE,18.11499633789065,2.1182026536076415,69.5,99.563,0.46179095121280955,0.33108609484498924,FALSE,TRUE,0,-2.647896278282463
0-4 km,20928,KRHV,KRHV,RHV,Reid-Hillview Airport of Santa Clara County,small_airport,06085,Santa Clara,2018-10-01,0.061,5,1,TRUE,15.689996337890648,3.04626993247403,76.55,99.9235,-0.41979573435968737,0.5058809602845955,FALSE,TRUE,0,-2.7806208939370456
0-4 km,20928,KRHV,KRHV,RHV,Reid-Hillview Airport of Santa Clara County,small_airport,06085,Santa Clara,2018-11-01,0.0388,5,1,TRUE,14.694995117187522,4.384144745665374,71.8,99.9365,0.033412834895502674,0.25117228212870873,FALSE,TRUE,0,-3.223888366691745
0-4 km,20928,KRHV,KRHV,RHV,Reid-Hillview Airport of Santa Clara County,small_airport,06085,Santa Clara,2018-12-01,0.0448,5,1,TRUE,11.974993896484397,4.6628942745723805,72.7,100.2395,-0.4670427789169808,0.2682813858472953,FALSE,TRUE,0,-3.083471187861998
0-4 km,20928,KRHV,KRHV,RHV,Reid-Hillview Airport of Santa Clara County,small_airport,06085,Santa Clara,2019-01-01,0.06225,4,1,TRUE,11.581224060058616,3.9947277773124528,78.9375,100.045625,0.18561400930278932,-0.01535619790856449,FALSE,TRUE,0,-2.7606601513745073
0-4 km,20928,KRHV,KRHV,RHV,Reid-Hillview Airport of Santa Clara County,small_airport,06085,Santa Clara,2019-02-01,0.011,5,1,TRUE,11.554998779296898,7.66918867688257,82.35,99.2925,0.5846710149985949,-0.4920170392537492,FALSE,TRUE,0,-4.422848629194137
0-4 km,20928,KRHV,KRHV,RHV,Reid-Hillview Airport of Santa Clara County,small_airport,06085,Santa Clara,2019-03-01,0.0366,5,1,TRUE,11.159991455078147,4.723270258212723,84,100.124,-0.038991553807502466,-0.27657980992351544,FALSE,TRUE,0,-3.280751228586288
0-4 km,20928,KRHV,KRHV,RHV,Reid-Hillview Airport of Santa Clara County,small_airport,06085,Santa Clara,2019-04-01,0.0434,5,1,TRUE,13.324987792968773,2.901515533984957,82.05,99.94149999999999,-0.16948786895496126,0.39000429578858026,FALSE,TRUE,0,-3.114515809543958
0-4 km,20928,KRHV,KRHV,RHV,Reid-Hillview Airport of Santa Clara County,small_airport,06085,Santa Clara,2019-05-01,0.0356,5,1,TRUE,13.559991455078148,4.32016387136375,82,99.673,-0.1299901283645667,0.044241507583138856,FALSE,TRUE,0,-3.3077070385748164
0-4 km,20928,KRHV,KRHV,RHV,Reid-Hillview Airport of Santa Clara County,small_airport,06085,Santa Clara,2019-06-01,0.059000000000000004,5,1,TRUE,17.524987792968773,3.537130967534585,68.25,99.6065,0.304139540484281,0.043924916127104974,FALSE,TRUE,0,-2.8134107167600364
0-4 km,20928,KRHV,KRHV,RHV,Reid-Hillview Airport of Santa Clara County,small_airport,06085,Santa Clara,2019-07-01,0.0448,5,1,TRUE,18.159997558593773,4.813617549331195,70.2,99.7505,-0.8857417801512169,0.17838568061745,FALSE,TRUE,0,-3.083471187861998
0-4 km,20928,KRHV,KRHV,RHV,Reid-Hillview Airport of Santa Clara County,small_airport,06085,Santa Clara,2019-08-01,0.058,6,1,TRUE,19.183328247070335,2.916479148356042,73.16666666666667,99.72458333333333,0.15073916811854426,0.40868609762031793,FALSE,TRUE,0,-2.8302178350764176
0-4 km,20928,KRHV,KRHV,RHV,Reid-Hillview Airport of Santa Clara County,small_airport,06085,Santa Clara,2019-09-01,0.07425,4,1,TRUE,19.58124694824221,4.787414406172688,67.25,99.85249999999999,-0.5536494341797054,0.30340077796072296,FALSE,TRUE,0,-2.5869393753531518
0-4 km,20928,KRHV,KRHV,RHV,Reid-Hillview Airport of Santa Clara County,small_airport,06085,Santa Clara,2019-10-01,0.0654,5,1,TRUE,18.024987792968773,4.1759719808689715,47.8,99.8155,-0.3514420508279575,0.7466382261450389,FALSE,TRUE,0,-2.7120582224997487
0-4 km,20928,KRHV,KRHV,RHV,Reid-Hillview Airport of Santa Clara County,small_airport,06085,Santa Clara,2019-11-01,0.0798,5,1,TRUE,13.194989013671897,3.293535563223349,73.5,99.828,-0.22496656270140705,0.6945581695220917,FALSE,TRUE,0,-2.5157783134550873
0-4 km,20928,KRHV,KRHV,RHV,Reid-Hillview Airport of Santa Clara County,small_airport,06085,Santa Clara,2019-12-01,0.0298,5,1,TRUE,11.624993896484398,3.1679523210770637,83.85,100.1365,-0.7158421913859655,0.3090247316743531,FALSE,TRUE,0,-3.4802405890026082
0-4 km,20928,KRHV,KRHV,RHV,Reid-Hillview Airport of Santa Clara County,small_airport,06085,Santa Clara,2020-01-01,0.054,5,1,TRUE,11.029992675781273,3.0588004722433024,87.8,100.477,-0.6068893854135542,-0.20614344756397468,FALSE,TRUE,0,-2.900422093749666
0-4 km,20928,KRHV,KRHV,RHV,Reid-Hillview Airport of Santa Clara County,small_airport,06085,Santa Clara,2020-02-01,0.0786,5,1,TRUE,11.494995117187523,4.970753726624757,75.85,100.271,-0.337352362548696,0.8660592310261166,FALSE,TRUE,0,-2.5307411861317997
0-4 km,20928,KRHV,KRHV,RHV,Reid-Hillview Airport of Santa Clara County,small_airport,06085,Santa Clara,2020-03-01,0.0294,5,1,TRUE,11.544989013671898,2.1597615279578655,81.15,100.024,0.6283434432730768,0.40429227180696237,FALSE,TRUE,0,-3.493312670569961
0-4 km,20928,KRHV,KRHV,RHV,Reid-Hillview Airport of Santa Clara County,small_airport,06085,Santa Clara,2020-04-01,0.0252,5,1,TRUE,12.724981689453148,3.5815564625662746,80.25,100.1735,-0.3519659715118699,0.4289553049062572,FALSE,TRUE,0,-3.6419958682150857
0-4 km,20928,KRHV,KRHV,RHV,Reid-Hillview Airport of Santa Clara County,small_airport,06085,Santa Clara,2020-05-01,0.0378,5,1,TRUE,15.830010986328148,2.793597024975643,77.5,99.94200000000001,-0.40390489417069836,0.7954729878215808,FALSE,TRUE,0,-3.249335032352909
0-4 km,20928,KRHV,KRHV,RHV,Reid-Hillview Airport of Santa Clara County,small_airport,06085,Santa Clara,2020-06-01,0.034,4,1,TRUE,14.981240844726585,2.5828134429689658,79.3125,99.959375,-0.6291719681246722,0.4921309109785043,FALSE,TRUE,0,-3.3524072174927233
0-4 km,20928,KRHV,KRHV,RHV,Reid-Hillview Airport of Santa Clara County,small_airport,06085,Santa Clara,2021-05-01,0.076,1,1,TRUE,13.924981689453148,0.8602318587588648,83.25,100.0625,-0.8137340891896578,0.5812373285420319,FALSE,TRUE,0,-2.563949857128453
0-4 km,20928,KRHV,KRHV,RHV,Reid-Hillview Airport of Santa Clara County,small_airport,06085,Santa Clara,2021-06-01,0.049,5,1,TRUE,15.565002441406273,3.678135132267412,77.8,99.7765,-0.7255003687477206,0.4160371758748605,FALSE,TRUE,0,-2.995732273553991
0-4 km,20928,KRHV,KRHV,RHV,Reid-Hillview Airport of Santa Clara County,small_airport,06085,Santa Clara,2021-07-01,0.051,5,1,TRUE,17.619989013671898,3.1700806614363763,72,99.705,-0.5110823708819918,0.1727766179655647,FALSE,TRUE,0,-2.9565115604007097
0-4 km,20928,KRHV,KRHV,RHV,Reid-Hillview Airport of Santa Clara County,small_airport,06085,Santa Clara,2021-08-01,0.0402,5,1,TRUE,17.535003662109396,2.614628395153688,74.5,99.8035,-0.702142522470416,0.11896828329513888,FALSE,TRUE,0,-3.1893170226266565
0-4 km,20928,KRHV,KRHV,RHV,Reid-Hillview Airport of Santa Clara County,small_airport,06085,Santa Clara,2021-09-01,0.0352,5,1,TRUE,17.084991455078146,3.1408421386800187,76.95,99.676,-0.31372582844832325,0.12027648812821118,FALSE,TRUE,0,-3.3186961601504117
0-4 km,20928,KRHV,KRHV,RHV,Reid-Hillview Airport of Santa Clara County,small_airport,06085,Santa Clara,2021-10-01,0.0378,5,1,TRUE,13.624981689453147,3.7526062356716,76.8,99.651,0.11690171666549493,0.27460230415007825,FALSE,TRUE,0,-3.249335032352909
0-4 km,20928,KRHV,KRHV,RHV,Reid-Hillview Airport of Santa Clara County,small_airport,06085,Santa Clara,2021-11-01,0.0452,5,1,TRUE,13.129998779296898,4.786937972440552,86.25,100.262,-0.7141579969057302,0.6164678239681793,FALSE,TRUE,0,-3.074775480894444
0-4 km,20928,KRHV,KRHV,RHV,Reid-Hillview Airport of Santa Clara County,small_airport,06085,Santa Clara,2021-12-01,0.0256,5,1,TRUE,10.249981689453147,3.595917499993492,87.2,99.8895,-0.06576492300203728,0.27786613235093177,FALSE,TRUE,0,-3.6268440631944836
0-4 km,20928,KRHV,KRHV,RHV,Reid-Hillview Airport of Santa Clara County,small_airport,06085,Santa Clara,2022-01-01,0.037,5,1,TRUE,11.900000000000023,1.6548278570401342,80.45,100.6145,-0.1074734086070788,0.6963463812208186,TRUE,TRUE,1,-3.270169119255751
0-4 km,20928,KRHV,KRHV,RHV,Reid-Hillview Airport of Santa Clara County,small_airport,06085,Santa Clara,2022-02-01,0.0206,5,1,TRUE,11.604986572265648,4.788480908987893,71.7,100.35900000000001,0.4696775809306024,0.6446718584833845,TRUE,TRUE,1,-3.835061964292018
0-4 km,20928,KRHV,KRHV,RHV,Reid-Hillview Airport of Santa Clara County,small_airport,06085,Santa Clara,2022-03-01,0.0202,5,1,TRUE,11.184985351562522,2.8996821998580686,80.8,100.422,-0.1855235160905106,0.7979226336911756,TRUE,TRUE,1,-3.8537540973041704
0-4 km,20928,KRHV,KRHV,RHV,Reid-Hillview Airport of Santa Clara County,small_airport,06085,Santa Clara,2022-04-01,0.018,5,1,TRUE,11.199993896484397,3.8743694481785784,81.95,100.291,0.05810622830063755,0.8699057745999939,TRUE,TRUE,1,-3.9633162998156966
0-4 km,20928,KRHV,KRHV,RHV,Reid-Hillview Airport of Santa Clara County,small_airport,06085,Santa Clara,2022-05-01,0.0132,5,1,TRUE,12.834991455078148,4.2000586310951125,78.55,100.0185,-0.4614680108313313,0.7838978102428247,TRUE,TRUE,1,-4.254513314374922
0-4 km,20928,KRHV,KRHV,RHV,Reid-Hillview Airport of Santa Clara County,small_airport,06085,Santa Clara,2022-06-01,0.012,5,1,TRUE,16.764984130859396,2.6896942247338367,72.25,99.67699999999999,0.14600126725618046,0.39062002600244966,TRUE,TRUE,1,-4.3428059215206005
0-4 km,20928,KRHV,KRHV,RHV,Reid-Hillview Airport of Santa Clara County,small_airport,06085,Santa Clara,2022-07-01,0.0188,5,1,TRUE,16.559991455078148,5.051342478384457,77.55,99.859,-0.5623530155610925,0.4727905692221279,TRUE,TRUE,1,-3.9220733412816475
0-4 km,20928,KRHV,KRHV,RHV,Reid-Hillview Airport of Santa Clara County,small_airport,06085,Santa Clara,2022-08-01,0.012199999999999999,5,1,TRUE,17.73999023437502,2.787352789236977,78.75,99.6555,-0.4548004278070456,0.4248037798875902,TRUE,TRUE,1,-4.327538449389812
0-4 km,20928,KRHV,KRHV,RHV,Reid-Hillview Airport of Santa Clara County,small_airport,06085,Santa Clara,2022-09-01,0.017,5,1,TRUE,17.61499633789065,3.817572456549687,78.4,99.553,-0.7801934030996619,0.042941894937775914,TRUE,TRUE,1,-4.017383521085972
0-4 km,20928,KRHV,KRHV,RHV,Reid-Hillview Airport of Santa Clara County,small_airport,06085,Santa Clara,2022-10-01,0.0166,5,1,TRUE,16.2899841308594,3.703517857905319,75,99.853,-0.7804046929755399,0.4204153412513215,TRUE,TRUE,1,-4.0398563769380305
0-4 km,20928,KRHV,KRHV,RHV,Reid-Hillview Airport of Santa Clara County,small_airport,06085,Santa Clara,2022-11-01,0.0178,5,1,TRUE,12.649981689453147,4.837465640987788,68.6,99.984,-0.783321604737151,0.07848084282567584,TRUE,TRUE,1,-3.9738984091462335
0-4 km,20928,KRHV,KRHV,RHV,Reid-Hillview Airport of Santa Clara County,small_airport,06085,Santa Clara,2022-12-01,0.024166666666666666,6,1,TRUE,10.57916158040367,5.4831421467223045,82.375,100.04125,-0.5307451449435949,0.08100192363601998,TRUE,TRUE,1,-3.682234911395268
0-4 km,20928,KRHV,KRHV,RHV,Reid-Hillview Airport of Santa Clara County,small_airport,06085,Santa Clara,2023-01-01,0.0205,4,1,TRUE,9.762483215332054,5.756586423256918,71.875,100.22562500000001,0.591568019571685,0.04493659293654869,TRUE,TRUE,1,-3.83970234384852
0-4 km,20928,KRHV,KRHV,RHV,Reid-Hillview Airport of Santa Clara County,small_airport,06085,Santa Clara,2023-02-01,0.01425,4,1,TRUE,8.912492370605491,4.269333372590801,75.625,100.095625,0.39417318270337054,0.21316943719538556,TRUE,TRUE,1,-4.183175775928716
0-4 km,20928,KRHV,KRHV,RHV,Reid-Hillview Airport of Santa Clara County,small_airport,06085,Santa Clara,2023-03-01,0.01,5,1,TRUE,9.840002441406273,5.29273372504565,80.95,100.051,-0.09812310150417607,-0.08217087938733969,TRUE,TRUE,1,-4.509860006183766
0-4 km,20928,KRHV,KRHV,RHV,Reid-Hillview Airport of Santa Clara County,small_airport,06085,Santa Clara,2023-04-01,0.014,5,1,TRUE,11.219989013671897,4.160170421279335,77.55,99.982,0.12450288705398896,0.6714427867291259,TRUE,TRUE,1,-4.199705077879927
0-4 km,20928,KRHV,KRHV,RHV,Reid-Hillview Airport of Santa Clara County,small_airport,06085,Santa Clara,2023-05-01,0.014,5,1,TRUE,13.284991455078147,4.310187539583993,83.85,99.8105,-0.041063797409149935,-0.09310244964404933,TRUE,TRUE,1,-4.199705077879927
0-4 km,20928,KRHV,KRHV,RHV,Reid-Hillview Airport of Santa Clara County,small_airport,06085,Santa Clara,2023-06-01,0.0104,5,1,TRUE,15.075000000000022,2.961865860347948,79.4,99.6225,-0.33387298385953856,-0.3931632685633314,TRUE,TRUE,1,-4.474141923581687
0-4 km,20928,KRHV,KRHV,RHV,Reid-Hillview Airport of Santa Clara County,small_airport,06085,Santa Clara,2023-07-01,0.0166,5,1,TRUE,17.439984130859397,3.8283745310839064,71.85,99.664,0.24622114921541072,0.38962515619615334,TRUE,TRUE,1,-4.0398563769380305
0-4 km,20928,KRHV,KRHV,RHV,Reid-Hillview Airport of Santa Clara County,small_airport,06085,Santa Clara,2023-08-01,0.0116,5,1,TRUE,18.22998046875002,2.777890629350184,77.55,99.86,-0.1515554438099148,0.1654753668356841,TRUE,TRUE,1,-4.374058465024705
0-4 km,20928,KRHV,KRHV,RHV,Reid-Hillview Airport of Santa Clara County,small_airport,06085,Santa Clara,2023-09-01,0.0162,5,1,TRUE,17.304986572265648,2.928684024235232,80.25,99.8645,-0.3384357870834367,-0.12048743531080094,TRUE,TRUE,1,-4.06284589516273
0-4 km,20928,KRHV,KRHV,RHV,Reid-Hillview Airport of Santa Clara County,small_airport,06085,Santa Clara,2023-10-01,0.022,4,1,TRUE,15.199990844726585,3.682887092825313,79.3125,99.999375,-0.31082216536595014,0.3997272226612835,TRUE,TRUE,1,-3.7722610630529876
0-4 km,20928,KRHV,KRHV,RHV,Reid-Hillview Airport of Santa Clara County,small_airport,06085,Santa Clara,2023-11-01,0.021599999999999998,5,1,TRUE,13.799987792968773,4.541600263839097,68.5,100.236,0.04827680589442681,0.33505140516277265,TRUE,TRUE,1,-3.789805372703897
0-4 km,20928,KRHV,KRHV,RHV,Reid-Hillview Airport of Santa Clara County,small_airport,06085,Santa Clara,2023-12-01,0.015799999999999998,5,1,TRUE,12.429986572265648,3.336255198290874,83.5,100.16199999999999,-0.10511039020847225,0.3398777278186313,TRUE,TRUE,1,-4.086376392572924
0-4 km,20928,KRHV,KRHV,RHV,Reid-Hillview Airport of Santa Clara County,small_airport,06085,Santa Clara,2024-01-01,0.015,6,1,TRUE,11.795816040039085,5.222904223111862,84.95833333333333,100.05,-0.14214848029191668,-0.12933397841572572,TRUE,TRUE,1,-4.135166556742356
0-4 km,20928,KRHV,KRHV,RHV,Reid-Hillview Airport of Santa Clara County,small_airport,06085,Santa Clara,2024-02-01,0.018000000000000002,4,1,TRUE,12.118745422363304,4.661127915205589,83.3125,99.7475,-0.6044127362953254,0.1659639456298064,TRUE,TRUE,1,-3.9633162998156966
0-4 km,20928,KRHV,KRHV,RHV,Reid-Hillview Airport of Santa Clara County,small_airport,06085,Santa Clara,2024-03-01,0.013666666666666667,6,1,TRUE,11.733331298828148,3.7400590020283047,84.54166666666667,99.79541666666667,0.09961326818359895,0.4516503627699069,TRUE,TRUE,1,-4.222177933731985
0-4 km,20928,KRHV,KRHV,RHV,Reid-Hillview Airport of Santa Clara County,small_airport,06085,Santa Clara,2024-04-01,0.015,5,1,TRUE,13.074993896484397,3.3546868340438607,75.5,99.85,0.5326747015544845,0.3391771792387723,TRUE,TRUE,1,-4.135166556742356
0-4 km,20928,KRHV,KRHV,RHV,Reid-Hillview Airport of Santa Clara County,small_airport,06085,Santa Clara,2024-05-01,0.0142,5,1,TRUE,13.859991455078148,5.921035606580296,76.05,99.802,-0.5050738751991287,0.2984019775831776,TRUE,TRUE,1,-4.186459851129906
0-4 km,20928,KRHV,KRHV,RHV,Reid-Hillview Airport of Santa Clara County,small_airport,06085,Santa Clara,2024-06-01,0.016,5,1,TRUE,17.829992675781273,2.787223797521605,64.35,99.4495,-0.482930765822657,0.6422437131176595,TRUE,TRUE,1,-4.074541934925921
0-4 km,20928,KRHV,KRHV,RHV,Reid-Hillview Airport of Santa Clara County,small_airport,06085,Santa Clara,2024-07-01,0.0098,5,1,TRUE,18.084991455078146,1.7627525979803655,69.7,99.6795,0.5381540704315673,0.3781868724750877,TRUE,TRUE,1,-4.528209144851963
0-4 km,20928,KRHV,KRHV,RHV,Reid-Hillview Airport of Santa Clara County,small_airport,06085,Santa Clara,2024-08-01,0.0064,5,1,TRUE,18.11499633789065,3.4740522461989065,72.9,99.709,0.02300205078113502,0.2155031922463741,TRUE,TRUE,1,-4.9062752787720125
0-4 km,20928,KRHV,KRHV,RHV,Reid-Hillview Airport of Santa Clara County,small_airport,06085,Santa Clara,2024-09-01,0.006,4,1,TRUE,17.524987792968773,3.4958751308970357,74.3125,99.475,-0.32888670972974193,0.17555747529120244,TRUE,TRUE,1,-4.961845129926823
0-4 km,20928,KRHV,KRHV,RHV,Reid-Hillview Airport of Santa Clara County,small_airport,06085,Santa Clara,2024-10-01,0.0088,5,1,TRUE,17.740002441406272,2.910689713292704,71.75,99.8685,-0.5076159603096216,0.3223818839391558,TRUE,TRUE,1,-4.62537289330561
0-4 km,20928,KRHV,KRHV,RHV,Reid-Hillview Airport of Santa Clara County,small_airport,06085,Santa Clara,2024-11-01,0.0132,5,1,TRUE,12.759991455078147,3.632120159572851,83.1,100.0695,-0.8235719681254127,-0.42482734270663997,TRUE,TRUE,1,-4.254513314374922
0-4 km,20928,KRHV,KRHV,RHV,Reid-Hillview Airport of Santa Clara County,small_airport,06085,Santa Clara,2024-12-01,0.0152,5,1,TRUE,12.379992675781272,5.753296737503655,82.8,100.17,-0.11458603752747472,-0.1468552822124601,TRUE,TRUE,1,-4.122744036743799
0-4 km,20932,KRIR,KRIR,RIR,Flabob Airport,small_airport,06065,Riverside,2016-01-01,0.002857142857142857,7,1,FALSE,7.660699462890648,3.4417049250749585,69.75,91.84464285714286,0.08727828360147344,0.05861807679698653,FALSE,FALSE,0,-5.557828562033121
0-4 km,20932,KRIR,KRIR,RIR,Flabob Airport,small_airport,06065,Riverside,2016-02-01,0.00304,5,1,FALSE,11.374993896484398,2.533686910014911,56.95,92.08500000000001,0.16450695703028384,0.003982308857654499,FALSE,FALSE,0,-5.511510587009078
0-4 km,20932,KRIR,KRIR,RIR,Flabob Airport,small_airport,06065,Riverside,2016-03-01,0.004633333333333333,9,1,FALSE,12.813873969184051,3.198559263608268,56.77777777777778,91.785,0.009181753925570536,0.27107308073436803,FALSE,FALSE,0,-5.179053945721219
0-4 km,20932,KRIR,KRIR,RIR,Flabob Airport,small_airport,06065,Riverside,2016-04-01,0.0051125,8,1,FALSE,17.00936660766604,3.275472366765896,44.6875,91.7903125,-0.696708061820604,-0.03561097785118712,FALSE,FALSE,0,-5.097419424181147
0-4 km,20932,KRIR,KRIR,RIR,Flabob Airport,small_airport,06065,Riverside,2016-05-01,0.0043,7,1,FALSE,16.457134137834846,3.2734702122407584,53.57142857142857,91.59392857142858,-0.041882552567626914,-0.24503199455386748,FALSE,FALSE,0,-5.240048458424061
0-4 km,20932,KRIR,KRIR,RIR,Flabob Airport,small_airport,06065,Riverside,2016-06-01,0.005525,8,1,FALSE,22.91561660766604,2.45352282869785,38.1875,91.7075,0.4438186092033605,-0.6710154000366616,FALSE,FALSE,0,-5.03211432577338
0-4 km,20932,KRIR,KRIR,RIR,Flabob Airport,small_airport,06065,Riverside,2016-07-01,0.006857142857142857,7,1,FALSE,24.664287458147346,2.4638685247634537,32.785714285714285,91.54785714285714,-0.04078709971014665,-0.4477963209492927,FALSE,FALSE,0,-4.846332242804979
0-4 km,20932,KRIR,KRIR,RIR,Flabob Airport,small_airport,06065,Riverside,2016-08-01,0.0056875,8,1,FALSE,22.778115844726585,3.5394154884669016,42.625,91.68062499999999,-0.20005807448385182,-0.4943197523361498,FALSE,FALSE,0,-5.007515166760012
0-4 km,20932,KRIR,KRIR,RIR,Flabob Airport,small_airport,06065,Riverside,2016-09-01,0.005485714285714286,7,1,FALSE,21.16427437918529,6.009658903095341,45.464285714285715,91.77142857142857,-0.4882800756521997,-0.08186320502175563,FALSE,FALSE,0,-5.038153322990148
0-4 km,20932,KRIR,KRIR,RIR,Flabob Airport,small_airport,06065,Riverside,2016-10-01,0.006366666666666666,6,1,FALSE,18.09998474121096,1.558855341480655,41.583333333333336,91.71708333333333,-0.6095767049157047,-0.09554730890944389,FALSE,FALSE,0,-4.910789959126539
0-4 km,20932,KRIR,KRIR,RIR,Flabob Airport,small_airport,06065,Riverside,2016-11-01,0.00725,6,1,FALSE,15.608326212565126,5.207248016131614,34.583333333333336,91.97625,-0.02861370698113913,0.02147696786274129,FALSE,FALSE,0,-4.797542078635548
0-4 km,20932,KRIR,KRIR,RIR,Flabob Airport,small_airport,06065,Riverside,2016-12-01,0.005511111111111111,9,1,FALSE,9.016653103298633,3.049298334863959,48.638888888888886,92.06777777777778,-0.7518308816363285,0.3051018625637386,FALSE,FALSE,0,-5.03424515973539
0-4 km,20932,KRIR,KRIR,RIR,Flabob Airport,small_airport,06065,Riverside,2017-01-01,0.003977777777777778,9,1,FALSE,7.1388861762153,3.1792601661577744,75.83333333333333,91.85277777777777,-0.028085974362888497,0.2899805151786885,FALSE,FALSE,0,-5.302771716897417
0-4 km,20932,KRIR,KRIR,RIR,Flabob Airport,small_airport,06065,Riverside,2017-02-01,0.0032333333333333337,6,1,FALSE,6.912500000000023,5.024809169313876,79.375,91.5725,-0.14961332704481792,0.08683754407746196,FALSE,FALSE,0,-5.464765574185701
0-4 km,20932,KRIR,KRIR,RIR,Flabob Airport,small_airport,06065,Riverside,2017-03-01,0.004428571428571428,7,1,FALSE,14.88570992606029,2.3739123174497943,42.214285714285715,92.1075,-0.007097494338612382,-0.1878810464024952,FALSE,FALSE,0,-5.216079268311065
0-4 km,20932,KRIR,KRIR,RIR,Flabob Airport,small_airport,06065,Riverside,2017-04-01,0.0048000000000000004,5,1,FALSE,13.995001220703148,4.103921104151288,60.1,91.606,-0.11594092743844882,-0.24067581386092915,FALSE,FALSE,0,-5.149897361429764
0-4 km,20932,KRIR,KRIR,RIR,Flabob Airport,small_airport,06065,Riverside,2017-05-01,0.0038666666666666667,9,1,FALSE,17.133318413628494,2.4023801296524816,43.638888888888886,91.40694444444445,-0.29221214347329116,-0.29310397546923106,FALSE,FALSE,0,-5.325346038935956
0-4 km,20932,KRIR,KRIR,RIR,Flabob Airport,small_airport,06065,Riverside,2017-06-01,0.0042,7,1,FALSE,21.539278738839307,2.048549355404238,43.642857142857146,91.5125,0.006736451217989706,-0.19315733702682467,FALSE,FALSE,0,-5.259096653394756
0-4 km,20932,KRIR,KRIR,RIR,Flabob Airport,small_airport,06065,Riverside,2017-07-01,0.004028571428571428,7,1,FALSE,25.199993024553596,4.081188021178684,41.964285714285715,91.77678571428571,-0.36772165804417584,-0.6186492029450245,FALSE,FALSE,0,-5.292619345433399
0-4 km,20932,KRIR,KRIR,RIR,Flabob Airport,small_airport,06065,Riverside,2017-08-01,0.0055249999999999995,4,1,FALSE,25.868753051757835,2.21361256888257,37.8125,91.7075,0.5890482763506363,-0.713976111849674,FALSE,FALSE,0,-5.03211432577338
0-4 km,20932,KRIR,KRIR,RIR,Flabob Airport,small_airport,06065,Riverside,2017-09-01,0.00445,8,1,FALSE,20.665608978271507,3.271628268295848,48.125,91.6471875,0.4393100554453848,0.1754861193076311,FALSE,FALSE,0,-5.212139670306985
0-4 km,20932,KRIR,KRIR,RIR,Flabob Airport,small_airport,06065,Riverside,2017-10-01,0.006985714285714285,7,1,FALSE,17.249993896484398,3.5558172385627347,31.892857142857142,91.96035714285715,0.1231211369312692,0.3716884472968157,FALSE,FALSE,0,-4.830101047876397
0-4 km,20932,KRIR,KRIR,RIR,Flabob Airport,small_airport,06065,Riverside,2017-11-01,0.0077875,8,1,FALSE,14.859368896484398,2.7619309992533365,59.8125,91.826875,0.028076772717355175,-0.4164586851477969,FALSE,FALSE,0,-4.734425021845354
0-4 km,20932,KRIR,KRIR,RIR,Flabob Airport,small_airport,06065,Riverside,2017-12-01,0.006285714285714286,7,1,FALSE,10.80356096540181,3.2898665525597477,36,92.15892857142858,-0.5291062723944735,0.40540470178170457,FALSE,FALSE,0,-4.921839795313125
0-4 km,20932,KRIR,KRIR,RIR,Flabob Airport,small_airport,06065,Riverside,2018-01-01,0.005745,8,1,FALSE,11.99686965942385,2.1310338994739206,48.875,92.05875,0.2759599770269704,0.636337514996361,FALSE,FALSE,0,-4.998953789322417
0-4 km,20932,KRIR,KRIR,RIR,Flabob Airport,small_airport,06065,Riverside,2018-02-01,0.005511428571428572,7,1,FALSE,10.171411132812523,3.482803074558671,44.892857142857146,91.73892857142857,0.7508563964150776,0.19846400376134027,FALSE,FALSE,0,-5.034196404219912
0-4 km,20932,KRIR,KRIR,RIR,Flabob Airport,small_airport,06065,Riverside,2018-03-01,0.00276375,8,1,FALSE,9.503118133544945,3.1214888184570913,63,91.664375,0.13582308654108638,-0.13283094613338628,FALSE,FALSE,0,-5.582339478168331
0-4 km,20932,KRIR,KRIR,RIR,Flabob Airport,small_airport,06065,Riverside,2018-04-01,0.004168571428571429,7,1,FALSE,14.732132393973236,2.7457211620395596,45.607142857142854,91.71249999999999,0.8833479781132817,-0.23073179107354022,FALSE,FALSE,0,-5.265158948070301
0-4 km,20932,KRIR,KRIR,RIR,Flabob Airport,small_airport,06065,Riverside,2018-05-01,0.003005,8,1,FALSE,14.478116607666038,1.5247257206655553,62.78125,91.5278125,0.5660277344884851,-0.7374479942248205,FALSE,FALSE,0,-5.520211698461814
0-4 km,20932,KRIR,KRIR,RIR,Flabob Airport,small_airport,06065,Riverside,2018-06-01,0.005145714285714286,7,1,FALSE,19.332134137834846,2.7674677998694737,49.535714285714285,91.5225,0.026169850450535135,-0.5357102196814091,FALSE,FALSE,0,-5.0920003041978665
0-4 km,20932,KRIR,KRIR,RIR,Flabob Airport,small_airport,06065,Riverside,2018-07-01,0.004851111111111112,9,1,FALSE,26.20554334852433,2.7799269857772493,41.666666666666664,91.81055555555555,-0.18833862310570956,-0.7901532264920399,FALSE,FALSE,0,-5.141123702250193
0-4 km,20932,KRIR,KRIR,RIR,Flabob Airport,small_airport,06065,Riverside,2018-08-01,0.0058137499999999995,8,1,FALSE,24.075002288818382,2.5523152613487414,41.03125,91.7296875,0.40533164569463603,-0.5711929377962643,FALSE,FALSE,0,-4.988812649585784
0-4 km,20932,KRIR,KRIR,RIR,Flabob Airport,small_airport,06065,Riverside,2018-09-01,0.0067828571428571426,7,1,FALSE,22.28927437918529,2.612070298525599,42.67857142857143,91.56071428571428,-0.09134497255673822,-0.5700284555421249,FALSE,FALSE,0,-4.855831766196194
0-4 km,20932,KRIR,KRIR,RIR,Flabob Airport,small_airport,06065,Riverside,2018-10-01,0.0063025,8,1,FALSE,16.76874694824221,3.243996856131037,55.40625,91.7425,-0.11034570320018089,-0.15257871430173872,FALSE,FALSE,0,-4.919538523702378
0-4 km,20932,KRIR,KRIR,RIR,Flabob Airport,small_airport,06065,Riverside,2018-11-01,0.007668571428571428,7,1,FALSE,13.86070731026788,2.322818173370651,43.142857142857146,91.88357142857143,0.09538286100613035,0.03124717807958829,FALSE,FALSE,0,-4.7480512735571185
0-4 km,20932,KRIR,KRIR,RIR,Flabob Airport,small_airport,06065,Riverside,2018-12-01,0.006232857142857143,7,1,FALSE,10.246410260881719,2.1523691034133146,47.964285714285715,92.02464285714285,-0.48469210406054364,0.4482111112578406,FALSE,FALSE,0,-4.9291211420556325
0-4 km,20932,KRIR,KRIR,RIR,Flabob Airport,small_airport,06065,Riverside,2019-01-01,0.004371428571428571,7,1,FALSE,8.650000871930827,2.837773517047402,78.32142857142857,92.00035714285714,0.26056124381734225,0.2977013422912205,FALSE,FALSE,0,-5.2266613776416015
0-4 km,20932,KRIR,KRIR,RIR,Flabob Airport,small_airport,06065,Riverside,2019-02-01,0.00394375,8,1,FALSE,8.012490844726585,3.841290241381983,77.5625,91.57625,0.5305390516179912,-0.3449374897899109,FALSE,FALSE,0,-5.30963112644831
0-4 km,20932,KRIR,KRIR,RIR,Flabob Airport,small_airport,06065,Riverside,2019-03-01,0.0021,7,1,FALSE,8.449993024553594,4.003062572610164,77.17857142857143,91.7967857142857,-0.19495090204805948,0.005002315270339169,FALSE,FALSE,0,-5.7763531674910364
0-4 km,20932,KRIR,KRIR,RIR,Flabob Airport,small_airport,06065,Riverside,2019-04-01,0.00360375,8,1,FALSE,14.771863555908226,1.6271431707053552,62.59375,91.5409375,0.4378599046894921,-0.641318297774743,FALSE,FALSE,0,-5.380884090204999
0-4 km,20932,KRIR,KRIR,RIR,Flabob Airport,small_airport,06065,Riverside,2019-05-01,0.0026485714285714285,7,1,FALSE,14.26070992606029,3.0769723667302595,64.07142857142857,91.32464285714286,-0.32908675963981626,-0.49181956855845393,FALSE,FALSE,0,-5.613419577433057
0-4 km,20932,KRIR,KRIR,RIR,Flabob Airport,small_airport,06065,Riverside,2019-06-01,0.00547,8,1,FALSE,19.162496185302757,5.544355049981577,53.625,91.450625,0.13413993423479784,-0.49362713795402885,FALSE,FALSE,0,-5.040579170469328
0-4 km,20932,KRIR,KRIR,RIR,Flabob Airport,small_airport,06065,Riverside,2019-07-01,0.004291428571428571,7,1,FALSE,21.685706438337075,3.48858576747713,48,91.6425,-0.36523156348625124,-0.6589144684696809,FALSE,FALSE,0,-5.241667018259472
0-4 km,20932,KRIR,KRIR,RIR,Flabob Airport,small_airport,06065,Riverside,2019-08-01,0.00653,9,1,FALSE,23.249993896484398,4.4474844874498105,43.44444444444444,91.77111111111111,-0.2617558535282957,-0.4046827467884079,FALSE,FALSE,0,-4.888860237170335
0-4 km,20932,KRIR,KRIR,RIR,Flabob Airport,small_airport,06065,Riverside,2019-09-01,0.0057575000000000005,8,1,FALSE,19.64686737060549,5.249529821629984,45.625,91.6346875,-0.7117478292661554,-0.1723467850192544,FALSE,FALSE,0,-4.997102279813672
0-4 km,20932,KRIR,KRIR,RIR,Flabob Airport,small_airport,06065,Riverside,2019-10-01,0.0077628571428571425,7,1,FALSE,16.714279610770113,4.213069932728837,29.857142857142858,91.74607142857143,0.3503176927936293,0.33170360089586204,FALSE,FALSE,0,-4.737233269351345
0-4 km,20932,KRIR,KRIR,RIR,Flabob Airport,small_airport,06065,Riverside,2019-11-01,0.0060149999999999995,8,1,FALSE,11.940610504150413,3.103784032078178,56.625,91.5865625,-0.7560605135632696,0.293499094267949,FALSE,FALSE,0,-4.959704565427713
0-4 km,20932,KRIR,KRIR,RIR,Flabob Airport,small_airport,06065,Riverside,2019-12-01,0.004564,5,1,FALSE,8.079992675781273,4.410828647714604,70.65,92.25750000000001,0.15595480861965488,-0.03963341455087159,FALSE,FALSE,0,-5.191438004920941
0-4 km,20932,KRIR,KRIR,RIR,Flabob Airport,small_airport,06065,Riverside,2020-01-01,0.00617625,8,1,FALSE,10.096860504150413,3.7062798639387915,56.34375,92.19125,0.7721858267335702,-0.023207492321647986,FALSE,FALSE,0,-4.936978316482428
0-4 km,20932,KRIR,KRIR,RIR,Flabob Airport,small_airport,06065,Riverside,2020-02-01,0.004555714285714286,7,1,FALSE,12.250002615792434,3.606962483184176,50.07142857142857,91.74,0.9410427499886505,-0.05403780559677162,FALSE,FALSE,0,-5.192928279869794
0-4 km,20932,KRIR,KRIR,RIR,Flabob Airport,small_airport,06065,Riverside,2020-03-01,0.002968,5,1,FALSE,10.394989013671898,3.745434507788538,71.75,91.8745,0.40028920750058217,0.37245735640904515,FALSE,FALSE,0,-5.5294930895595105
0-4 km,20932,KRIR,KRIR,RIR,Flabob Airport,small_airport,06065,Riverside,2020-07-01,0.004,5,1,FALSE,21.764996337890647,3.8434551295614643,45.85,91.592,0.5967371416446413,-0.5636911676352545,FALSE,FALSE,0,-5.298317366548036
0-4 km,20932,KRIR,KRIR,RIR,Flabob Airport,small_airport,06065,Riverside,2020-08-01,0.005333333333333333,6,1,FALSE,24.883320109049503,3.563323642298959,41.625,91.54041666666667,0.014664017012549787,-0.4447284875258276,FALSE,FALSE,0,-5.061928588483807
0-4 km,20932,KRIR,KRIR,RIR,Flabob Airport,small_airport,06065,Riverside,2020-09-01,0.008,5,1,FALSE,26.084991455078146,2.2684370376909544,31.85,91.7995,-0.03639899050182738,-0.19432878833302006,FALSE,FALSE,0,-4.710530701645918
0-4 km,20932,KRIR,KRIR,RIR,Flabob Airport,small_airport,06065,Riverside,2020-10-01,0.0078,5,1,FALSE,20.684991455078148,2.7554430695229137,41.7,91.8835,-0.13952454312367418,0.24050533878717478,FALSE,FALSE,0,-4.733003557497977
0-4 km,20932,KRIR,KRIR,RIR,Flabob Airport,small_airport,06065,Riverside,2020-11-01,0.0156,5,1,FALSE,16.259985351562523,1.590870735829444,32.25,91.902,-0.026947031824891193,0.4304486545328303,FALSE,FALSE,0,-4.098352583619639
0-4 km,20932,KRIR,KRIR,RIR,Flabob Airport,small_airport,06065,Riverside,2020-12-01,0.0078,5,1,FALSE,8.354986572265648,2.5971977277780076,58.7,91.9425,0.15534011641933482,-0.07927961529735675,FALSE,FALSE,0,-4.733003557497977
0-4 km,20932,KRIR,KRIR,RIR,Flabob Airport,small_airport,06065,Riverside,2021-01-01,0.0058000000000000005,5,1,FALSE,9.779992675781273,3.6104177395725148,65.05,91.98299999999999,0.9518850592871126,0.007959958876835314,FALSE,FALSE,0,-4.990832666800076
0-4 km,20932,KRIR,KRIR,RIR,Flabob Airport,small_airport,06065,Riverside,2021-02-01,0.0058,5,1,FALSE,9.814978027343773,3.8691121995533635,59.55,91.80499999999999,0.7874909784903894,-0.0993085248859982,FALSE,FALSE,0,-4.990832666800076
0-4 km,20932,KRIR,KRIR,RIR,Flabob Airport,small_airport,06065,Riverside,2021-03-01,0.0044,5,1,FALSE,11.169995117187522,3.2287308411144884,53.55,91.7635,0.5569917219391853,-0.2708595622459253,FALSE,FALSE,0,-5.221356325411908
0-4 km,20932,KRIR,KRIR,RIR,Flabob Airport,small_airport,06065,Riverside,2021-04-01,0.0048142857142857145,7,1,FALSE,14.896421595982165,3.8222629971155624,43.714285714285715,91.69464285714285,0.605275459512137,0.10632159817986175,FALSE,FALSE,0,-5.147437335588901
0-4 km,20932,KRIR,KRIR,RIR,Flabob Airport,small_airport,06065,Riverside,2021-05-01,0.004241428571428571,7,1,FALSE,14.285699462890648,3.6099235939859176,57.857142857142854,91.49857142857142,0.62471255520669,-0.41518308827748734,FALSE,FALSE,0,-5.25116118967026
0-4 km,20932,KRIR,KRIR,RIR,Flabob Airport,small_airport,06065,Riverside,2021-06-01,0.005257142857142857,7,1,FALSE,24.18571951729913,2.912039759057112,38.17857142857143,91.47607142857143,-0.3743561780303172,-0.6221265443044214,FALSE,FALSE,0,-5.07403161065505
0-4 km,20932,KRIR,KRIR,RIR,Flabob Airport,small_airport,06065,Riverside,2021-07-01,0.004142857142857143,7,1,FALSE,24.9107125418527,3.066315607057125,44.75,91.69071428571428,0.6273249094341191,-0.6874401159010562,FALSE,FALSE,0,-5.27014648958134
0-4 km,20932,KRIR,KRIR,RIR,Flabob Airport,small_airport,06065,Riverside,2021-08-01,0.0046612500000000005,8,1,FALSE,23.7499824523926,3.5245778526213756,43.1875,91.816875,0.826700174848721,-0.36325333545999405,FALSE,FALSE,0,-5.17411056309385
0-4 km,20932,KRIR,KRIR,RIR,Flabob Airport,small_airport,06065,Riverside,2021-09-01,0.00428,7,1,FALSE,21.73928658621654,2.7085861331576826,49.642857142857146,91.69357142857143,-0.2823287499302155,-0.6163993050350511,FALSE,FALSE,0,-5.243829181263967
0-4 km,20932,KRIR,KRIR,RIR,Flabob Airport,small_airport,06065,Riverside,2021-10-01,0.0032166666666666667,9,1,FALSE,14.241659206814258,4.943209237336246,56.916666666666664,91.60888888888888,-0.7741497104514822,-0.0752724712231089,FALSE,FALSE,0,-5.468710352476718
0-4 km,20932,KRIR,KRIR,RIR,Flabob Airport,small_airport,06065,Riverside,2021-11-01,0.0081525,8,1,FALSE,15.7499824523926,3.1859314433846784,46.5,91.9846875,-0.2771263458663913,0.18845046358772372,FALSE,FALSE,0,-4.693728212969883
0-4 km,20932,KRIR,KRIR,RIR,Flabob Airport,small_airport,06065,Riverside,2021-12-01,0.005061428571428571,7,1,FALSE,8.31070207868306,3.435096212905837,72.39285714285714,91.63357142857143,0.36725866518838385,-0.1263111039389385,FALSE,FALSE,0,-5.105809768823217
0-4 km,20932,KRIR,KRIR,RIR,Flabob Airport,small_airport,06065,Riverside,2022-01-01,0.00712375,8,1,FALSE,9.631219482421898,2.5790548398668167,52.03125,92.2234375,-0.0596169492391192,0.5495347421569969,TRUE,FALSE,0,-4.812963408755715
0-4 km,20932,KRIR,KRIR,RIR,Flabob Airport,small_airport,06065,Riverside,2022-02-01,0.004314285714285714,7,1,FALSE,10.40355398995538,3.408527107796413,45.392857142857146,91.98678571428572,0.7789509574641685,0.3983215190936381,TRUE,FALSE,0,-5.237356666758349
0-4 km,20932,KRIR,KRIR,RIR,Flabob Airport,small_airport,06065,Riverside,2022-03-01,0.00444375,8,1,FALSE,11.768754577636741,1.3820579616065232,57.125,91.9065625,0.6035331127137293,0.0016557918697189845,TRUE,FALSE,0,-5.213287117363461
0-4 km,20932,KRIR,KRIR,RIR,Flabob Airport,small_airport,06065,Riverside,2022-04-01,0.0030557142857142857,7,1,FALSE,13.860711669921898,3.078351913612131,54.285714285714285,91.63107142857143,0.7868321623228723,-0.21603017075409753,TRUE,FALSE,0,-5.5076284575525705
0-4 km,20932,KRIR,KRIR,RIR,Flabob Airport,small_airport,06065,Riverside,2022-05-01,0.00347625,8,1,FALSE,17.062497711181663,2.8648166634373373,50.65625,91.4546875,0.6491740630374485,-0.43473381494501023,TRUE,FALSE,0,-5.408969636651632
0-4 km,20932,KRIR,KRIR,RIR,Flabob Airport,small_airport,06065,Riverside,2022-06-01,0.006093333333333333,6,1,FALSE,23.42499694824221,3.4950932958273753,41.708333333333336,91.62375,-0.13109784826184342,-0.6053689230438891,TRUE,FALSE,0,-4.948599903176803
0-4 km,20932,KRIR,KRIR,RIR,Flabob Airport,small_airport,06065,Riverside,2022-07-01,0.00431875,8,1,FALSE,23.11248931884768,6.484785138360636,46.375,91.68656250000001,-0.4292653169369057,-0.5519995013227383,TRUE,FALSE,0,-5.23651696564259
0-4 km,20932,KRIR,KRIR,RIR,Flabob Airport,small_airport,06065,Riverside,2022-08-01,0.0042985714285714285,7,1,FALSE,24.621418980189755,3.6300209815006736,45.785714285714285,91.68571428571428,-0.20248204720925406,-0.5714805044281228,TRUE,FALSE,0,-5.2403180365359505
0-4 km,20932,KRIR,KRIR,RIR,Flabob Airport,small_airport,06065,Riverside,2022-09-01,0.00522,8,1,FALSE,24.071862792968773,5.096011139603296,50.3125,91.540625,-0.6293524598957372,-0.3622630568288559,TRUE,FALSE,0,-5.079985372231049
0-4 km,20932,KRIR,KRIR,RIR,Flabob Airport,small_airport,06065,Riverside,2022-10-01,0.00677,7,1,FALSE,20.032128906250023,3.3224585536148283,46.42857142857143,91.84535714285714,-0.173916561365084,-0.21886143404692474,TRUE,FALSE,0,-4.857485114602581
0-4 km,20932,KRIR,KRIR,RIR,Flabob Airport,small_airport,06065,Riverside,2022-11-01,0.0054225,8,1,FALSE,11.524995422363304,5.622409777335235,55.71875,91.835625,-0.425208524508902,-0.07129735532619823,TRUE,FALSE,0,-5.047947828980235
0-4 km,20932,KRIR,KRIR,RIR,Flabob Airport,small_airport,06065,Riverside,2022-12-01,0.0038333333333333336,6,1,FALSE,8.11249694824221,4.631061205370133,72.08333333333333,91.85916666666667,-0.026908677553414584,-0.1575108973399977,TRUE,FALSE,0,-5.332218918223718
0-4 km,20932,KRIR,KRIR,RIR,Flabob Airport,small_airport,06065,Riverside,2023-01-01,0.0038,5,1,FALSE,5.620001220703148,3.867756023610833,81.45,91.9465,0.2404642847270612,0.20924897487099367,TRUE,FALSE,0,-5.339139361068292
0-4 km,20932,KRIR,KRIR,RIR,Flabob Airport,small_airport,06065,Riverside,2023-02-01,0.003525,4,1,FALSE,7.6187301635742415,3.5765717541668143,57.625,91.736875,0.05915277200552971,-0.2120387861539166,TRUE,FALSE,0,-5.398137701830247
0-4 km,20932,KRIR,KRIR,RIR,Flabob Airport,small_airport,06065,Riverside,2023-03-01,0.00276,9,1,FALSE,7.138882785373287,3.449033586063287,81.86111111111111,91.69472222222223,0.47389746085747847,-0.11362205133731876,TRUE,FALSE,0,-5.583336321580334
0-4 km,20932,KRIR,KRIR,RIR,Flabob Airport,small_airport,06065,Riverside,2023-04-01,0.00356,8,1,FALSE,13.924993133544945,2.432041213978533,54.0625,91.5765625,0.6163653532715622,-0.22297559304769898,TRUE,FALSE,0,-5.390432655455842
0-4 km,20932,KRIR,KRIR,RIR,Flabob Airport,small_airport,06065,Riverside,2023-05-01,0.00358,7,1,FALSE,16.982141113281273,3.5070493260747457,55.285714285714285,91.555,0.2984975271745965,-0.3012241961783134,TRUE,FALSE,0,-5.386056280856043
0-4 km,20932,KRIR,KRIR,RIR,Flabob Airport,small_airport,06065,Riverside,2023-06-01,0.00334125,8,1,FALSE,19.390615081787132,4.200585270515225,52.6875,91.49906250000001,-0.13749547724185018,-0.5651157630544973,TRUE,FALSE,0,-5.439592953905991
0-4 km,20932,KRIR,KRIR,RIR,Flabob Airport,small_airport,06065,Riverside,2023-07-01,0.006244285714285714,7,1,FALSE,24.97142508370538,4.995577619508483,41.892857142857146,91.69392857142857,-0.13172047872809464,-0.6177428681942326,TRUE,FALSE,0,-4.927542298230523
0-4 km,20932,KRIR,KRIR,RIR,Flabob Airport,small_airport,06065,Riverside,2023-08-01,0.0039900000000000005,8,1,FALSE,24.428125000000023,4.363567469503929,47.78125,91.76125,-0.24098766614668748,-0.5410782328942759,TRUE,FALSE,0,-5.30031936921871
0-4 km,20932,KRIR,KRIR,RIR,Flabob Airport,small_airport,06065,Riverside,2023-09-01,0.0042928571428571425,7,1,FALSE,21.028558349609398,2.4624935300392026,61.42857142857143,91.73428571428572,0.14274542167478796,-0.6497312906040459,TRUE,FALSE,0,-5.241397076295354
0-4 km,20932,KRIR,KRIR,RIR,Flabob Airport,small_airport,06065,Riverside,2023-10-01,0.00646125,8,1,FALSE,17.824998474121116,3.5919138348662263,57.125,91.7603125,0.22995458549876566,-0.053580603390730105,TRUE,FALSE,0,-4.898032318481414
0-4 km,20932,KRIR,KRIR,RIR,Flabob Airport,small_airport,06065,Riverside,2023-11-01,0.005824,5,1,FALSE,13.419982910156273,3.673033690977533,41.25,91.8815,0.11697020896768531,0.5183020712538775,TRUE,FALSE,0,-4.987309468792759
0-4 km,20932,KRIR,KRIR,RIR,Flabob Airport,small_airport,06065,Riverside,2023-12-01,0.006511428571428572,7,1,FALSE,9.303547886439755,3.4737079118764362,66.75,91.93214285714286,0.5409645449671487,0.21886782089356652,TRUE,FALSE,0,-4.891329608735715
0-4 km,20932,KRIR,KRIR,RIR,Flabob Airport,small_airport,06065,Riverside,2024-01-01,0.005871111111111112,9,1,FALSE,9.772207302517383,3.246877821116476,68.66666666666667,91.77222222222223,0.34840133424989017,0.10046209811389469,TRUE,FALSE,0,-4.98042945203919
0-4 km,20932,KRIR,KRIR,RIR,Flabob Airport,small_airport,06065,Riverside,2024-02-01,0.0038183333333333333,6,1,FALSE,7.754164632161481,4.272630019104179,83.66666666666667,91.8275,-0.3678437665377754,0.27059220368514975,TRUE,FALSE,0,-5.335327192181937
0-4 km,20932,KRIR,KRIR,RIR,Flabob Airport,small_airport,06065,Riverside,2024-03-01,0.0017777777777777779,9,1,FALSE,9.008338758680578,1.999373343358816,81.19444444444444,91.41638888888889,-0.006369337922319856,0.07913377397493253,TRUE,FALSE,0,-5.886104031450156
0-4 km,20932,KRIR,KRIR,RIR,Flabob Airport,small_airport,06065,Riverside,2024-04-01,0.002925714285714286,7,1,FALSE,15.264267403738861,2.4408760470274102,54.642857142857146,91.525,0.3934216765304274,-0.6140228636546369,TRUE,FALSE,0,-5.540206960683301
0-4 km,20932,KRIR,KRIR,RIR,Flabob Airport,small_airport,06065,Riverside,2024-05-01,0.0036425,8,1,FALSE,16.17499694824221,5.93877368474079,53.25,91.5315625,0.18959592197237707,-0.29486809271231684,TRUE,FALSE,0,-5.372502264737413
0-4 km,20932,KRIR,KRIR,RIR,Flabob Airport,small_airport,06065,Riverside,2024-06-01,0.004411428571428571,7,1,FALSE,22.403558349609398,3.4162625733452154,44.892857142857146,91.4575,0.21213114727535765,-0.675827412503457,TRUE,FALSE,0,-5.219242159719573
0-4 km,20932,KRIR,KRIR,RIR,Flabob Airport,small_airport,06065,Riverside,2024-07-01,0.005115714285714286,7,1,FALSE,24.67499912806922,4.04060637689442,39.964285714285715,91.66857142857143,0.6569393500153605,-0.30758897781695843,TRUE,FALSE,0,-5.096893707880596
0-4 km,20932,KRIR,KRIR,RIR,Flabob Airport,small_airport,06065,Riverside,2024-08-01,0.004,5,1,FALSE,24.24499511718752,4.451199091411781,43.65,91.6765,-0.12341867296943061,-0.6886795928210958,TRUE,FALSE,0,-5.298317366548036
0-4 km,20932,KRIR,KRIR,RIR,Flabob Airport,small_airport,06065,Riverside,2024-09-01,0.00538,8,1,FALSE,22.1406074523926,4.759675474450055,48.03125,91.5471875,-0.022068504664339322,-0.2895951493058145,TRUE,FALSE,0,-5.054587181625439
0-4 km,20932,KRIR,KRIR,RIR,Flabob Airport,small_airport,06065,Riverside,2024-10-01,0.00759,7,1,FALSE,20.63928920200895,2.432357338255302,44.392857142857146,91.81285714285714,-0.16029216353886735,-0.6345481306885586,TRUE,FALSE,0,-4.757156542985973
0-4 km,20932,KRIR,KRIR,RIR,Flabob Airport,small_airport,06065,Riverside,2024-11-01,0.00698625,8,1,FALSE,12.51249465942385,3.464613621461716,53.875,91.8771875,0.3934269839234008,-0.36759645630142895,TRUE,FALSE,0,-4.830033966047721
0-4 km,20932,KRIR,KRIR,RIR,Flabob Airport,small_airport,06065,Riverside,2024-12-01,0.009464285714285715,7,1,FALSE,13.189281354631719,3.7634489015423265,43.214285714285715,92.12428571428572,-0.08903720268895285,0.16473082249589518,TRUE,FALSE,0,-4.559787180140273
0-4 km,21063,KSGS,KSGS,SGS,South St Paul Municipal Airport/Richard E Fleming Field,small_airport,27037,Dakota,2016-01-01,0.0016666666666666668,6,1,FALSE,-8.812521362304665,3.9049514156469862,85.58333333333333,97.27916666666667,-0.2676096508426572,-0.14705630889928906,FALSE,FALSE,0,-5.926926025970411
0-4 km,21063,KSGS,KSGS,SGS,South St Paul Municipal Airport/Richard E Fleming Field,small_airport,27037,Dakota,2016-02-01,0.0022500000000000003,4,1,FALSE,-6.143759155273415,5.793220685916196,84.25,97.83625,-0.0493354246292027,-0.011665291894739499,FALSE,FALSE,0,-5.72910028264049
0-4 km,21063,KSGS,KSGS,SGS,South St Paul Municipal Airport/Richard E Fleming Field,small_airport,27037,Dakota,2016-03-01,0.0018333333333333333,6,1,FALSE,1.1541483561198145,5.412310336621172,83.70833333333333,96.995,-0.4728390253778272,0.17873932962619504,FALSE,FALSE,0,-5.866301404153976
0-4 km,21063,KSGS,KSGS,SGS,South St Paul Municipal Airport/Richard E Fleming Field,small_airport,27037,Dakota,2016-04-01,0.002,5,1,FALSE,8.839984130859397,6.027412103214434,78.25,97.53,-0.17246014659756306,-0.03644716670944701,FALSE,FALSE,0,-5.809142990314028
0-4 km,21063,KSGS,KSGS,SGS,South St Paul Municipal Airport/Richard E Fleming Field,small_airport,27037,Dakota,2016-05-01,0.0034,5,1,FALSE,16.014996337890647,6.182323441988102,75,97.39150000000001,-0.4521891527425696,-0.24554097478921197,FALSE,FALSE,0,-5.426150738057922
0-4 km,21063,KSGS,KSGS,SGS,South St Paul Municipal Airport/Richard E Fleming Field,small_airport,27037,Dakota,2016-06-01,0.0015,4,1,FALSE,19.543740844726585,3.2574576436786558,79.125,97.413125,-0.3779546340124682,0.03377002872752781,FALSE,FALSE,0,-5.991464547107982
0-4 km,21063,KSGS,KSGS,SGS,South St Paul Municipal Airport/Richard E Fleming Field,small_airport,27037,Dakota,2016-07-01,0.0014,5,1,FALSE,22.209991455078146,5.265244879978473,83.55,97.1225,0.09577790012502455,-0.28069199835457415,FALSE,FALSE,0,-6.032286541628237
0-4 km,21063,KSGS,KSGS,SGS,South St Paul Municipal Airport/Richard E Fleming Field,small_airport,27037,Dakota,2016-08-01,0.0022,5,1,FALSE,22.284997558593773,4.784404159438465,74.75,97.4805,-0.369916105295421,-0.6501865472340845,FALSE,FALSE,0,-5.744604469176456
0-4 km,21063,KSGS,KSGS,SGS,South St Paul Municipal Airport/Richard E Fleming Field,small_airport,27037,Dakota,2016-09-01,0.0014,5,1,FALSE,17.470007324218773,3.536931833650537,68.3,97.5455,-0.41155379310633955,-0.16206833549955346,FALSE,FALSE,0,-6.032286541628237
0-4 km,21063,KSGS,KSGS,SGS,South St Paul Municipal Airport/Richard E Fleming Field,small_airport,27037,Dakota,2016-10-01,0.0038,5,1,FALSE,10.464996337890648,4.1134136123381,73.95,97.8155,-0.29951899694135775,-0.2878972551411453,FALSE,FALSE,0,-5.339139361068292
0-4 km,21063,KSGS,KSGS,SGS,South St Paul Municipal Airport/Richard E Fleming Field,small_airport,27037,Dakota,2016-11-01,0.003,5,1,FALSE,4.594982910156273,5.889978560469677,76.3,97.9605,0.049603783150235815,0.3051009491836527,FALSE,FALSE,0,-5.521460917862246
0-4 km,21063,KSGS,KSGS,SGS,South St Paul Municipal Airport/Richard E Fleming Field,small_airport,27037,Dakota,2016-12-01,0.0015,4,1,FALSE,-6.6562637329101335,4.797599434097891,82.125,97.211875,-0.3267158362388677,-0.4392609661157142,FALSE,FALSE,0,-5.991464547107982
0-4 km,21063,KSGS,KSGS,SGS,South St Paul Municipal Airport/Richard E Fleming Field,small_airport,27037,Dakota,2017-01-01,0.001,5,1,FALSE,-9.190014648437478,6.788131304960892,78.1,97.5955,-0.34183770180231116,-0.06843821232201007,FALSE,FALSE,0,-6.214608098422191
0-4 km,21063,KSGS,KSGS,SGS,South St Paul Municipal Airport/Richard E Fleming Field,small_airport,27037,Dakota,2017-02-01,0.0016666666666666668,3,1,FALSE,-2.5916707356770607,8.918864302623396,78.91666666666667,96.715,-0.10661409534849135,0.2531431298245323,FALSE,FALSE,0,-5.926926025970411
0-4 km,21063,KSGS,KSGS,SGS,South St Paul Municipal Airport/Richard E Fleming Field,small_airport,27037,Dakota,2017-03-01,0.0022,5,1,FALSE,-1.7600036621093522,3.3980382851754536,75.8,97.64,0.0732014907932882,0.6467097391298097,FALSE,FALSE,0,-5.744604469176456
0-4 km,21063,KSGS,KSGS,SGS,South St Paul Municipal Airport/Richard E Fleming Field,small_airport,27037,Dakota,2017-04-01,0.0026,5,1,FALSE,9.464990234375023,4.999749126425201,73.15,97.51350000000001,-0.5882965210228158,0.09785439608008059,FALSE,FALSE,0,-5.626821433520073
0-4 km,21063,KSGS,KSGS,SGS,South St Paul Municipal Airport/Richard E Fleming Field,small_airport,27037,Dakota,2017-05-01,0.0011666666666666668,6,1,FALSE,9.73748677571617,5.330268404142144,78.95833333333333,97.03416666666666,-0.14293894564334161,0.5116940663885249,FALSE,FALSE,0,-6.134565390748655
0-4 km,21063,KSGS,KSGS,SGS,South St Paul Municipal Airport/Richard E Fleming Field,small_airport,27037,Dakota,2017-06-01,0.002,5,1,FALSE,16.704986572265646,3.6230678432124908,88,96.99799999999999,-0.46023980320432795,0.307567774936256,FALSE,FALSE,0,-5.809142990314028
0-4 km,21063,KSGS,KSGS,SGS,South St Paul Municipal Airport/Richard E Fleming Field,small_airport,27037,Dakota,2017-07-01,0.002,5,1,FALSE,22.195001220703148,3.772232054230566,79.1,97.4345,-0.0474075837957636,-0.31893374128907637,FALSE,FALSE,0,-5.809142990314028
0-4 km,21063,KSGS,KSGS,SGS,South St Paul Municipal Airport/Richard E Fleming Field,small_airport,27037,Dakota,2017-08-01,0.003,4,1,FALSE,17.824983215332054,5.948412223551891,89.0625,97.32,-0.4815822025886253,0.12221926732373983,FALSE,FALSE,0,-5.521460917862246
0-4 km,21063,KSGS,KSGS,SGS,South St Paul Municipal Airport/Richard E Fleming Field,small_airport,27037,Dakota,2017-09-01,0.003,4,1,FALSE,20.356240844726585,8.337922409039045,70.625,97.58937499999999,-0.053110028809744775,-0.651136251500225,FALSE,FALSE,0,-5.521460917862246
0-4 km,21063,KSGS,KSGS,SGS,South St Paul Municipal Airport/Richard E Fleming Field,small_airport,27037,Dakota,2017-10-01,0.002,5,1,FALSE,7.284985351562523,4.977362838197264,80.9,97.7955,-0.12127152207554165,0.123662426000692,FALSE,FALSE,0,-5.809142990314028
0-4 km,21063,KSGS,KSGS,SGS,South St Paul Municipal Airport/Richard E Fleming Field,small_airport,27037,Dakota,2017-11-01,0.0018,5,1,FALSE,0.9849914550781478,4.361180314723926,79.9,97.3825,-0.11312437605017533,0.20078327868730872,FALSE,FALSE,0,-5.8781358618009785
0-4 km,21063,KSGS,KSGS,SGS,South St Paul Municipal Airport/Richard E Fleming Field,small_airport,27037,Dakota,2017-12-01,0.0018,5,1,FALSE,-9.055010986328103,4.779858244923229,83.15,97.7805,0.6963262419455324,0.311040472262289,FALSE,FALSE,0,-5.8781358618009785
0-4 km,21063,KSGS,KSGS,SGS,South St Paul Municipal Airport/Richard E Fleming Field,small_airport,27037,Dakota,2018-01-01,0.0026,5,1,FALSE,-9.465008544921853,5.547772470974961,76.45,97.666,-0.7648132821567829,-0.44510937808275747,FALSE,FALSE,0,-5.626821433520073
0-4 km,21063,KSGS,KSGS,SGS,South St Paul Municipal Airport/Richard E Fleming Field,small_airport,27037,Dakota,2018-02-01,6.000000000000001e-4,5,1,FALSE,-10.705004882812478,4.546205116593857,83.95,97.54599999999999,-0.24235456166204866,-0.1279944508041103,FALSE,FALSE,0,-6.437751649736401
0-4 km,21063,KSGS,KSGS,SGS,South St Paul Municipal Airport/Richard E Fleming Field,small_airport,27037,Dakota,2018-03-01,0.0016,5,1,FALSE,-2.8200134277343523,5.177759911503492,84.4,97.681,-0.3626156847401729,0.1192164639506292,FALSE,FALSE,0,-5.952243833954701
0-4 km,21063,KSGS,KSGS,SGS,South St Paul Municipal Airport/Richard E Fleming Field,small_airport,27037,Dakota,2018-04-01,0.003,4,1,FALSE,-0.018759155273414763,3.317768845274326,66.3125,97.791875,-0.734852135001935,-0.16399364184565973,FALSE,FALSE,0,-5.521460917862246
0-4 km,21063,KSGS,KSGS,SGS,South St Paul Municipal Airport/Richard E Fleming Field,small_airport,27037,Dakota,2018-05-01,0.0024000000000000002,5,1,FALSE,16.79998779296877,5.189776646461443,81.2,97.2205,-0.8240821829548949,0.02548372320763594,FALSE,FALSE,0,-5.683979847360021
0-4 km,21063,KSGS,KSGS,SGS,South St Paul Municipal Airport/Richard E Fleming Field,small_airport,27037,Dakota,2018-06-01,0.0024000000000000002,5,1,FALSE,18.384991455078147,3.1746150148469683,85.75,97.4245,-0.7288470961429134,0.4777028336367073,FALSE,FALSE,0,-5.683979847360021
0-4 km,21063,KSGS,KSGS,SGS,South St Paul Municipal Airport/Richard E Fleming Field,small_airport,27037,Dakota,2018-07-01,0.0018333333333333333,6,1,FALSE,22.320825195312523,6.146742262618882,74.08333333333333,97.55041666666666,-0.2905222999301193,-0.2897811443130006,FALSE,FALSE,0,-5.866301404153976
0-4 km,21063,KSGS,KSGS,SGS,South St Paul Municipal Airport/Richard E Fleming Field,small_airport,27037,Dakota,2018-08-01,0.0026,5,1,FALSE,21.595001220703146,6.077249361687077,69.2,97.56,-0.6635689646063176,-0.20910547090138812,FALSE,FALSE,0,-5.626821433520073
0-4 km,21063,KSGS,KSGS,SGS,South St Paul Municipal Airport/Richard E Fleming Field,small_airport,27037,Dakota,2018-09-01,0.003,5,1,FALSE,16.525000000000023,5.8705179116834625,74.8,97.6725,0.4374815742455271,-0.006041041212329479,FALSE,FALSE,0,-5.521460917862246
0-4 km,21063,KSGS,KSGS,SGS,South St Paul Municipal Airport/Richard E Fleming Field,small_airport,27037,Dakota,2018-10-01,0.00125,4,1,FALSE,5.499993896484398,3.2683706708712768,80.5,97.520625,0.20529955577423653,0.42173309313352386,FALSE,FALSE,0,-6.0968250627658085
0-4 km,21063,KSGS,KSGS,SGS,South St Paul Municipal Airport/Richard E Fleming Field,small_airport,27037,Dakota,2018-11-01,0.001,5,1,FALSE,-4.060015869140602,4.644755369837647,86.35,97.6375,0.23286051712528236,0.16106735850867793,FALSE,FALSE,0,-6.214608098422191
0-4 km,21063,KSGS,KSGS,SGS,South St Paul Municipal Airport/Richard E Fleming Field,small_airport,27037,Dakota,2018-12-01,0.00175,4,1,FALSE,-7.7500137329101335,3.6184788766565004,90.0625,97.6575,-0.3763877524413666,-0.569799279791337,FALSE,FALSE,0,-5.896154367303657
0-4 km,21063,KSGS,KSGS,SGS,South St Paul Municipal Airport/Richard E Fleming Field,small_airport,27037,Dakota,2019-01-01,0.001,4,1,FALSE,-14.893759155273415,5.994422478064611,82.3125,98.026875,-0.4962399295662052,0.28180218888856684,FALSE,FALSE,0,-6.214608098422191
0-4 km,21063,KSGS,KSGS,SGS,South St Paul Municipal Airport/Richard E Fleming Field,small_airport,27037,Dakota,2019-02-01,0.001,5,1,FALSE,-11.145001220703103,4.392791311925921,79,97.557,-0.3260508208488609,-0.21313559385617892,FALSE,FALSE,0,-6.214608098422191
0-4 km,21063,KSGS,KSGS,SGS,South St Paul Municipal Airport/Richard E Fleming Field,small_airport,27037,Dakota,2019-03-01,0.002,5,1,FALSE,-3.9600128173827898,3.6525994218545925,82.6,97.50750000000001,-0.12362693013391199,0.5422346046984367,FALSE,FALSE,0,-5.809142990314028
0-4 km,21063,KSGS,KSGS,SGS,South St Paul Municipal Airport/Richard E Fleming Field,small_airport,27037,Dakota,2019-04-01,0.0022,5,1,FALSE,7.599981689453148,5.7614473675437115,71.85,97.147,-0.4702753417235392,0.18705928048896195,FALSE,FALSE,0,-5.744604469176456
0-4 km,21063,KSGS,KSGS,SGS,South St Paul Municipal Airport/Richard E Fleming Field,small_airport,27037,Dakota,2019-05-01,0.0036,5,1,FALSE,9.664996337890647,4.931683788909693,84.65,97.4305,-0.6554460857538751,0.48497278535375804,FALSE,FALSE,0,-5.381698975487088
0-4 km,21063,KSGS,KSGS,SGS,South St Paul Municipal Airport/Richard E Fleming Field,small_airport,27037,Dakota,2019-06-01,0.008,5,1,FALSE,16.669995117187522,4.652986610715711,75.85,97.1455,0.2759698574388595,-0.2767112806597224,FALSE,FALSE,0,-4.710530701645918
0-4 km,21063,KSGS,KSGS,SGS,South St Paul Municipal Airport/Richard E Fleming Field,small_airport,27037,Dakota,2019-07-01,6.000000000000001e-4,5,1,FALSE,22.144995117187523,4.562526931489709,82.05,97.34,-0.10134196563702118,-0.195421859494405,FALSE,FALSE,0,-6.437751649736401
0-4 km,21063,KSGS,KSGS,SGS,South St Paul Municipal Airport/Richard E Fleming Field,small_airport,27037,Dakota,2019-08-01,0.0021666666666666666,6,1,FALSE,19.424986775716167,5.212159894249686,66.04166666666667,97.57166666666666,-0.6122344233457099,-0.2989778617951398,FALSE,FALSE,0,-5.755075769043752
0-4 km,21063,KSGS,KSGS,SGS,South St Paul Municipal Airport/Richard E Fleming Field,small_airport,27037,Dakota,2019-09-01,0.00125,4,1,FALSE,18.537500000000023,7.351197415050488,86.3125,97.27125,-0.3093024040631371,-0.1652048378362708,FALSE,FALSE,0,-6.0968250627658085
0-4 km,21063,KSGS,KSGS,SGS,South St Paul Municipal Airport/Richard E Fleming Field,small_airport,27037,Dakota,2019-10-01,8e-4,5,1,FALSE,4.064984130859398,7.536838094572832,76.85,97.3385,-0.509565545200892,-0.37168844161077874,FALSE,FALSE,0,-6.319968614080018
0-4 km,21063,KSGS,KSGS,SGS,South St Paul Municipal Airport/Richard E Fleming Field,small_airport,27037,Dakota,2019-11-01,8e-4,5,1,FALSE,-3.245013427734352,5.8801889282556425,81.15,97.918,-0.3089465369585622,-0.072589957454882,FALSE,FALSE,0,-6.319968614080018
0-4 km,21063,KSGS,KSGS,SGS,South St Paul Municipal Airport/Richard E Fleming Field,small_airport,27037,Dakota,2019-12-01,0.002,5,1,FALSE,-6.040011596679665,2.965750318432307,89.6,97.2645,-0.5986097413599347,-0.030855592447989865,FALSE,FALSE,0,-5.809142990314028
0-4 km,21063,KSGS,KSGS,SGS,South St Paul Municipal Airport/Richard E Fleming Field,small_airport,27037,Dakota,2020-01-01,0.0014,5,1,FALSE,-9.645016479492165,6.395778478197105,90,97.82849999999999,-0.6840993222782795,0.3608600440660559,FALSE,FALSE,0,-6.032286541628237
0-4 km,21063,KSGS,KSGS,SGS,South St Paul Municipal Airport/Richard E Fleming Field,small_airport,27037,Dakota,2020-02-01,0.0012000000000000001,5,1,FALSE,-8.175012207031227,6.395777783984254,78.4,97.67,-0.07669426725736854,-0.11723078345402815,FALSE,FALSE,0,-6.119297918617867
0-4 km,21063,KSGS,KSGS,SGS,South St Paul Municipal Airport/Richard E Fleming Field,small_airport,27037,Dakota,2020-03-01,0.0018,5,1,FALSE,-1.6650146484374773,6.644800205329014,87.9,97.665,-0.4153854205695439,0.09260987844870111,FALSE,FALSE,0,-5.8781358618009785
0-4 km,21063,KSGS,KSGS,SGS,South St Paul Municipal Airport/Richard E Fleming Field,small_airport,27037,Dakota,2020-04-01,0.0016,5,1,FALSE,3.339984130859398,4.695149394159428,71.45,97.219,-0.3375815936475789,0.18630815641898119,FALSE,FALSE,0,-5.952243833954701
0-4 km,21063,KSGS,KSGS,SGS,South St Paul Municipal Airport/Richard E Fleming Field,small_airport,27037,Dakota,2020-05-01,0.0018,5,1,FALSE,13.325006103515648,3.9354265682322938,71.95,97.393,-0.5381069492709456,0.4036496046442039,FALSE,FALSE,0,-5.8781358618009785
0-4 km,21063,KSGS,KSGS,SGS,South St Paul Municipal Airport/Richard E Fleming Field,small_airport,27037,Dakota,2020-06-01,0.0022,5,1,FALSE,20.894989013671896,5.673342789111074,72.5,97.2745,-0.6916730671036155,-0.33572440667580117,FALSE,FALSE,0,-5.744604469176456
0-4 km,21063,KSGS,KSGS,SGS,South St Paul Municipal Airport/Richard E Fleming Field,small_airport,27037,Dakota,2020-07-01,0.0092,5,1,FALSE,23.224987792968772,7.475786321226357,78.9,97.257,-0.5736791444878226,-0.20629581211436918,FALSE,FALSE,0,-4.585367558691911
0-4 km,21063,KSGS,KSGS,SGS,South St Paul Municipal Airport/Richard E Fleming Field,small_airport,27037,Dakota,2020-08-01,0.0028333333333333335,6,1,FALSE,21.983331298828148,5.1854863040609915,65.66666666666667,97.33041666666666,-0.6261913125652345,-0.5831881139726571,FALSE,FALSE,0,-5.5640205322810425
0-4 km,21063,KSGS,KSGS,SGS,South St Paul Municipal Airport/Richard E Fleming Field,small_airport,27037,Dakota,2020-09-01,0.0024000000000000002,5,1,FALSE,15.684997558593773,4.593357924695685,66.75,97.2525,-0.7974223372579592,0.08711130257546168,FALSE,FALSE,0,-5.683979847360021
0-4 km,21063,KSGS,KSGS,SGS,South St Paul Municipal Airport/Richard E Fleming Field,small_airport,27037,Dakota,2020-10-01,0.0016,5,1,FALSE,4.964984130859397,4.19954991926764,77.15,97.44200000000001,-0.6148943514416767,0.06342004674350063,FALSE,FALSE,0,-5.952243833954701
0-4 km,21063,KSGS,KSGS,SGS,South St Paul Municipal Airport/Richard E Fleming Field,small_airport,27037,Dakota,2020-11-01,0.0026,5,1,FALSE,1.1649841308593978,1.8822692963827057,81.2,97.654,0.6673686658879876,0.4008329234748361,FALSE,FALSE,0,-5.626821433520073
0-4 km,21063,KSGS,KSGS,SGS,South St Paul Municipal Airport/Richard E Fleming Field,small_airport,27037,Dakota,2020-12-01,0.0016,5,1,FALSE,-4.805017089843727,5.467734397640986,86.6,97.4075,-0.005990716787534831,-0.3007707375192954,FALSE,FALSE,0,-5.952243833954701
0-4 km,21063,KSGS,KSGS,SGS,South St Paul Municipal Airport/Richard E Fleming Field,small_airport,27037,Dakota,2021-01-01,0.002,5,1,FALSE,-8.770007324218728,3.8750386589634864,87.35,97.7255,-0.1765753875383204,-0.11047152125775636,FALSE,FALSE,0,-5.809142990314028
0-4 km,21063,KSGS,KSGS,SGS,South St Paul Municipal Airport/Richard E Fleming Field,small_airport,27037,Dakota,2021-02-01,0.0036,5,1,FALSE,-12.660012817382789,4.25030499147333,79.35,97.9415,-0.41724901519773816,-0.5078886992689396,FALSE,FALSE,0,-5.381698975487088
0-4 km,21063,KSGS,KSGS,SGS,South St Paul Municipal Airport/Richard E Fleming Field,small_airport,27037,Dakota,2021-03-01,0.0016,5,1,FALSE,2.1350036621093977,6.878402195854085,86.95,97.302,-0.8356375219824688,-0.3204964895665056,FALSE,FALSE,0,-5.952243833954701
0-4 km,21063,KSGS,KSGS,SGS,South St Paul Municipal Airport/Richard E Fleming Field,small_airport,27037,Dakota,2021-04-01,0.0026,5,1,FALSE,7.654992675781273,4.340166312920756,79.75,97.259,0.38038437440563067,0.053475782551755266,FALSE,FALSE,0,-5.626821433520073
0-4 km,21063,KSGS,KSGS,SGS,South St Paul Municipal Airport/Richard E Fleming Field,small_airport,27037,Dakota,2021-05-01,0.002,5,1,FALSE,10.724993896484397,7.669452079076374,82.45,97.7905,-0.3653081729222077,0.2586630405419515,FALSE,FALSE,0,-5.809142990314028
0-4 km,21063,KSGS,KSGS,SGS,South St Paul Municipal Airport/Richard E Fleming Field,small_airport,27037,Dakota,2021-06-01,0.002,5,1,FALSE,19.654998779296896,6.127386538540611,79.75,97.1915,-0.8046112864060713,0.09460168386476679,FALSE,FALSE,0,-5.809142990314028
0-4 km,21063,KSGS,KSGS,SGS,South St Paul Municipal Airport/Richard E Fleming Field,small_airport,27037,Dakota,2021-07-01,0.0016,5,1,FALSE,21.654998779296896,4.364852016361859,72.55,97.5685,-0.4400699521704882,-0.16807927787997456,FALSE,FALSE,0,-5.952243833954701
0-4 km,21063,KSGS,KSGS,SGS,South St Paul Municipal Airport/Richard E Fleming Field,small_airport,27037,Dakota,2021-08-01,0.001,4,1,FALSE,21.61248931884768,4.489732759452922,69.5,97.513125,-0.7719903020011013,-0.14875224295118059,FALSE,FALSE,0,-6.214608098422191
0-4 km,21063,KSGS,KSGS,SGS,South St Paul Municipal Airport/Richard E Fleming Field,small_airport,27037,Dakota,2021-09-01,0.0024000000000000002,5,1,FALSE,18.11499633789065,4.594323379804126,63.45,97.2675,-0.22679563484367105,-0.10403904768126276,FALSE,FALSE,0,-5.683979847360021
0-4 km,21063,KSGS,KSGS,SGS,South St Paul Municipal Airport/Richard E Fleming Field,small_airport,27037,Dakota,2021-10-01,0.002,6,1,FALSE,13.829166666666689,5.661178718368265,75.45833333333333,97.50375,-0.3239999282393822,-0.013183582137817876,FALSE,FALSE,0,-5.809142990314028
0-4 km,21063,KSGS,KSGS,SGS,South St Paul Municipal Airport/Richard E Fleming Field,small_airport,27037,Dakota,2021-11-01,0.0014,5,1,FALSE,3.7649841308593976,6.32288653166979,77.2,96.806,-0.302388187631195,-0.2890189408354859,FALSE,FALSE,0,-6.032286541628237
0-4 km,21063,KSGS,KSGS,SGS,South St Paul Municipal Airport/Richard E Fleming Field,small_airport,27037,Dakota,2021-12-01,0.0014,5,1,FALSE,-7.130010986328102,6.4739700617181954,86.5,96.9225,-0.3773242569813321,-0.06601233387685032,FALSE,FALSE,0,-6.032286541628237
0-4 km,21063,KSGS,KSGS,SGS,South St Paul Municipal Airport/Richard E Fleming Field,small_airport,27037,Dakota,2022-01-01,0.0014,5,1,FALSE,-13.085015869140602,4.688045597725012,81.95,97.249,-0.12991415300852524,0.09737960810081198,TRUE,FALSE,0,-6.032286541628237
0-4 km,21063,KSGS,KSGS,SGS,South St Paul Municipal Airport/Richard E Fleming Field,small_airport,27037,Dakota,2022-02-01,0.0018,5,1,FALSE,-9.65502014160154,6.42281756089797,84.55,97.389,-0.4903648454862905,0.1223973072898177,TRUE,FALSE,0,-5.8781358618009785
0-4 km,21063,KSGS,KSGS,SGS,South St Paul Municipal Airport/Richard E Fleming Field,small_airport,27037,Dakota,2022-03-01,8e-4,5,1,FALSE,-3.6650024414062274,5.439766421726169,88.9,96.899,-0.13054350319042435,0.6727943234475947,TRUE,FALSE,0,-6.319968614080018
0-4 km,21063,KSGS,KSGS,SGS,South St Paul Municipal Airport/Richard E Fleming Field,small_airport,27037,Dakota,2022-04-01,0.0012000000000000001,5,1,FALSE,6.579998779296898,5.459300329886973,84.75,96.908,-0.6709949416135293,-0.44201823819297986,TRUE,FALSE,0,-6.119297918617867
0-4 km,21063,KSGS,KSGS,SGS,South St Paul Municipal Airport/Richard E Fleming Field,small_airport,27037,Dakota,2022-05-01,0.0026,5,1,FALSE,14.629986572265647,4.5906569612352985,69.45,97.5275,0.1449596824951206,0.15328974668275938,TRUE,FALSE,0,-5.626821433520073
0-4 km,21063,KSGS,KSGS,SGS,South St Paul Municipal Airport/Richard E Fleming Field,small_airport,27037,Dakota,2022-06-01,0.002,4,1,FALSE,18.906243896484398,5.423289373980792,62.875,97.410625,-0.6213718574256957,-0.5835735227542722,TRUE,FALSE,0,-5.809142990314028
0-4 km,21063,KSGS,KSGS,SGS,South St Paul Municipal Airport/Richard E Fleming Field,small_airport,27037,Dakota,2022-07-01,0.0022,5,1,FALSE,21.389996337890647,7.754795166030118,75.95,97.346,-0.14373579872869494,-0.2627127622276808,TRUE,FALSE,0,-5.744604469176456
0-4 km,21063,KSGS,KSGS,SGS,South St Paul Municipal Airport/Richard E Fleming Field,small_airport,27037,Dakota,2022-08-01,0.0018,5,1,FALSE,20.720001220703146,4.418854307151383,74.6,97.3995,-0.08860132811534331,-0.3267565323365018,TRUE,FALSE,0,-5.8781358618009785
0-4 km,21063,KSGS,KSGS,SGS,South St Paul Municipal Airport/Richard E Fleming Field,small_airport,27037,Dakota,2022-09-01,0.002,5,1,FALSE,20.604992675781272,5.378308316895806,61.2,97.2545,-0.040563548918825035,-0.5086809000427166,TRUE,FALSE,0,-5.809142990314028
0-4 km,21063,KSGS,KSGS,SGS,South St Paul Municipal Airport/Richard E Fleming Field,small_airport,27037,Dakota,2022-10-01,0.003,5,1,FALSE,6.299987792968773,4.743950130385405,60.75,97.443,-0.5459700939202946,0.1124140157480566,TRUE,FALSE,0,-5.521460917862246
0-4 km,21063,KSGS,KSGS,SGS,South St Paul Municipal Airport/Richard E Fleming Field,small_airport,27037,Dakota,2022-11-01,0.001,5,1,FALSE,-0.21001586914060227,2.950754343841191,66.25,97.8035,-0.07979812516289045,-0.0067324379813728935,TRUE,FALSE,0,-6.214608098422191
0-4 km,21063,KSGS,KSGS,SGS,South St Paul Municipal Airport/Richard E Fleming Field,small_airport,27037,Dakota,2022-12-01,8.333333333333334e-4,6,1,FALSE,-10.166670227050759,6.268512583175853,85.83333333333333,97.84958333333333,-0.2593210735490103,-0.17115924134305077,TRUE,FALSE,0,-6.3016194754118215
0-4 km,325427,US-0710,19PN,19PN,Walnut Grove Airport,small_airport,42071,Lancaster,2016-01-01,0.06416666666666666,6,1,FALSE,-3.6708587646484148,3.123190447915703,65.70833333333333,98.61291666666666,-0.47768388782207144,-0.1083957219170885,FALSE,FALSE,0,-2.7308071882248264
0-4 km,325427,US-0710,19PN,19PN,Walnut Grove Airport,small_airport,42071,Lancaster,2016-02-01,0.017,4,1,FALSE,-2.256254577636696,5.553629019243432,74.8125,98.848125,-0.5207426074905042,-0.14721874756034128,FALSE,FALSE,0,-4.017383521085972
0-4 km,325427,US-0710,19PN,19PN,Walnut Grove Airport,small_airport,42071,Lancaster,2016-03-01,0.01916666666666667,6,1,FALSE,8.466653442382835,5.454728478823283,71.79166666666667,98.26416666666667,-0.5781483307695124,-0.40908378303085824,FALSE,FALSE,0,-3.903724202613451
0-4 km,325427,US-0710,19PN,19PN,Walnut Grove Airport,small_airport,42071,Lancaster,2016-04-01,0.0128,5,1,FALSE,9.494995117187523,3.569321521580157,65.6,98.788,-0.5178440953717571,-0.14721503105052902,FALSE,FALSE,0,-4.283086686818978
0-4 km,325427,US-0710,19PN,19PN,Walnut Grove Airport,small_airport,42071,Lancaster,2016-05-01,0.030000000000000002,5,1,FALSE,14.769995117187523,3.8847342418628314,84.65,98.259,-0.575397824236577,0.09837672114884705,FALSE,FALSE,0,-3.4737680744969905
0-4 km,325427,US-0710,19PN,19PN,Walnut Grove Airport,small_airport,42071,Lancaster,2016-06-01,0.0208,5,1,FALSE,20.73999633789065,6.939823821831882,80.15,97.9655,-0.43113123067304393,-0.10444522286939484,FALSE,FALSE,0,-3.825845309187094
0-4 km,325427,US-0710,19PN,19PN,Walnut Grove Airport,small_airport,42071,Lancaster,2016-07-01,0.0265,4,1,FALSE,22.45623931884768,2.7309665724830037,84.9375,98.304375,0.057879989741722836,0.5421366486048488,FALSE,FALSE,0,-3.5935692743096115
0-4 km,325427,US-0710,19PN,19PN,Walnut Grove Airport,small_airport,42071,Lancaster,2016-08-01,0.0125,4,1,FALSE,23.199990844726585,6.916948505805447,77.75,98.75875,-0.4066680209080992,-0.18739805592662273,FALSE,FALSE,0,-4.305065593537753
0-4 km,325427,US-0710,19PN,19PN,Walnut Grove Airport,small_airport,42071,Lancaster,2016-09-01,0.0188,5,1,FALSE,21.259991455078147,4.196720940055722,71.55,98.584,-0.4885179810115344,0.12048839380870388,FALSE,FALSE,0,-3.9220733412816475
0-4 km,325427,US-0710,19PN,19PN,Walnut Grove Airport,small_airport,42071,Lancaster,2016-10-01,0.0166,5,1,FALSE,14.139984130859398,3.6712927853764565,72.75,98.592,0.140965911248254,-0.1956359447111556,FALSE,FALSE,0,-4.0398563769380305
0-4 km,325427,US-0710,19PN,19PN,Walnut Grove Airport,small_airport,42071,Lancaster,2016-11-01,0.0582,5,1,FALSE,7.354986572265648,4.909039946619189,64.2,98.641,-0.4237532740471946,-0.10681252777956121,FALSE,FALSE,0,-2.8268337370921772
0-4 km,325427,US-0710,19PN,19PN,Walnut Grove Airport,small_airport,42071,Lancaster,2016-12-01,0.13899999999999998,3,1,FALSE,-0.6499898274739356,3.6966646370938823,69.41666666666667,98.82,0.19387343631725173,-0.11596895252422179,FALSE,FALSE,0,-1.966112856372833
0-4 km,325427,US-0710,19PN,19PN,Walnut Grove Airport,small_airport,42071,Lancaster,2017-01-01,0.026333333333333334,6,1,FALSE,0.9333231608073144,4.059079811516812,73.45833333333333,98.35041666666666,-0.5451724975533261,0.22291914794223108,FALSE,FALSE,0,-3.5996483203859935
0-4 km,325427,US-0710,19PN,19PN,Walnut Grove Airport,small_airport,42071,Lancaster,2017-02-01,0.034749999999999996,4,1,FALSE,6.7187362670898665,3.826318946345126,80.875,97.9475,-0.574582030415937,-0.6212210695057142,FALSE,FALSE,0,-3.3312050098421206
0-4 km,325427,US-0710,19PN,19PN,Walnut Grove Airport,small_airport,42071,Lancaster,2017-03-01,0.04125,4,1,FALSE,3.4374938964843977,3.4532537830281402,83.3125,98.2675,-0.30979637872098537,0.4655779806907711,FALSE,FALSE,0,-3.164150925178954
0-4 km,325427,US-0710,19PN,19PN,Walnut Grove Airport,small_airport,42071,Lancaster,2017-04-01,0.023,5,1,FALSE,9.509991455078147,6.676341516716161,81.35,98.1705,-0.4136333051723433,0.19717744350618083,FALSE,FALSE,0,-3.7297014486341915
0-4 km,325427,US-0710,19PN,19PN,Walnut Grove Airport,small_airport,42071,Lancaster,2017-05-01,0.017,6,1,FALSE,15.012490844726585,5.163279634840369,87.66666666666667,97.74916666666667,-0.8550306446753708,-0.2724975920706334,FALSE,FALSE,0,-4.017383521085972
0-4 km,325427,US-0710,19PN,19PN,Walnut Grove Airport,small_airport,42071,Lancaster,2017-06-01,0.052,5,1,FALSE,22.2899841308594,5.507360040494835,77.05,97.9175,-0.6532576654084069,-0.22314207563043825,FALSE,FALSE,0,-2.9374633654300153
0-4 km,325427,US-0710,19PN,19PN,Walnut Grove Airport,small_airport,42071,Lancaster,2017-07-01,0.0304,5,1,FALSE,22.594995117187523,3.9328575462718534,83.2,98.3345,-0.10097152870729895,-0.025235863101210093,FALSE,FALSE,0,-3.4609473860679296
0-4 km,325427,US-0710,19PN,19PN,Walnut Grove Airport,small_airport,42071,Lancaster,2017-08-01,0.0428,5,1,FALSE,21.61999511718752,3.0919033262449847,76.65,98.4085,-0.7129907412763034,-0.20902149606721868,FALSE,FALSE,0,-3.128121461599737
0-4 km,325427,US-0710,19PN,19PN,Walnut Grove Airport,small_airport,42071,Lancaster,2017-09-01,0.0266,5,1,FALSE,19.955004882812524,4.4402341797505045,68.45,98.6155,-0.5003611048187351,0.5442716042251563,FALSE,FALSE,0,-3.5899395062590327
0-4 km,325427,US-0710,19PN,19PN,Walnut Grove Airport,small_airport,42071,Lancaster,2017-10-01,0.0134,5,1,FALSE,17.029980468750022,7.3432946030727475,70.15,98.813,-0.5234779710339957,-0.12909215175541808,FALSE,FALSE,0,-4.240527072400182
0-4 km,325427,US-0710,19PN,19PN,Walnut Grove Airport,small_airport,42071,Lancaster,2017-11-01,0.0224,5,1,FALSE,7.029992675781273,3.113889697676478,67.35,98.688,-0.5653809226305605,-0.423614833836019,FALSE,FALSE,0,-3.7550192566184815
0-4 km,325427,US-0710,19PN,19PN,Walnut Grove Airport,small_airport,42071,Lancaster,2017-12-01,0.0186,5,1,FALSE,-3.1350097656249774,3.5811489690555796,76.35,98.7195,-0.13010212111254793,-0.08764064428116516,FALSE,FALSE,0,-3.9322257127456655
0-4 km,325427,US-0710,19PN,19PN,Walnut Grove Airport,small_airport,42071,Lancaster,2018-01-01,0.0306,5,1,FALSE,-7.130004882812477,5.866413144079435,67.1,99.3855,-0.7971323103135759,-0.2056733986409424,FALSE,FALSE,0,-3.454598158389271
0-4 km,325427,US-0710,19PN,19PN,Walnut Grove Airport,small_airport,42071,Lancaster,2018-02-01,0.0078,5,1,FALSE,1.1549926757812727,3.112826535763718,79.95,99.1055,-0.08805814642062718,-0.4613174149235686,FALSE,FALSE,0,-4.733003557497977
0-4 km,325427,US-0710,19PN,19PN,Walnut Grove Airport,small_airport,42071,Lancaster,2018-03-01,0.0372,5,1,FALSE,-1.0150146484374774,6.5199481746538215,75.15,98.12599999999999,-0.6634509962735001,0.05867887503552045,FALSE,FALSE,0,-3.2649197633696074
0-4 km,325427,US-0710,19PN,19PN,Walnut Grove Airport,small_airport,42071,Lancaster,2018-04-01,0.0232,5,1,FALSE,6.579992675781273,4.863166025265608,75.2,98.213,-0.3828051048843536,0.31048728089969085,FALSE,FALSE,0,-3.7214026458194964
0-4 km,325427,US-0710,19PN,19PN,Walnut Grove Airport,small_airport,42071,Lancaster,2018-05-01,0.0138,5,1,FALSE,18.10998535156252,3.5733033029853556,82.4,98.462,-0.5698680257635343,-0.7014368703544419,FALSE,FALSE,0,-4.213128098212068
0-4 km,325427,US-0710,19PN,19PN,Walnut Grove Airport,small_airport,42071,Lancaster,2018-06-01,0.0158,5,1,FALSE,20.30499267578127,3.223268588882835,83.1,98.16499999999999,-0.3126161450053055,-0.3788243116784092,FALSE,FALSE,0,-4.086376392572924
0-4 km,325427,US-0710,19PN,19PN,Walnut Grove Airport,small_airport,42071,Lancaster,2018-07-01,0.004666666666666666,6,1,FALSE,21.87915954589846,4.405635853996483,76.5,98.72375,-0.29517746125413735,-0.26647392811971965,FALSE,FALSE,0,-5.173154223594031
0-4 km,325427,US-0710,19PN,19PN,Walnut Grove Airport,small_airport,42071,Lancaster,2018-08-01,0.0108,5,1,FALSE,23.135003662109398,4.003768780811156,79.65,98.55799999999999,-0.913247891243687,-0.09470462622631302,FALSE,FALSE,0,-4.439655747510518
0-4 km,325427,US-0710,19PN,19PN,Walnut Grove Airport,small_airport,42071,Lancaster,2018-09-01,0.0072,5,1,FALSE,19.950000000000024,3.9190204189796085,83.6,98.8655,-0.49097625039459974,-0.37535777404014703,FALSE,FALSE,0,-4.803621124711929
0-4 km,325427,US-0710,19PN,19PN,Walnut Grove Airport,small_airport,42071,Lancaster,2018-10-01,0.030799999999999998,5,1,FALSE,13.729992675781272,5.104202732542299,76.75,98.15899999999999,-0.588972048236547,-0.28921554200392025,FALSE,FALSE,0,-3.4482889891960062
0-4 km,325427,US-0710,19PN,19PN,Walnut Grove Airport,small_airport,42071,Lancaster,2018-11-01,0.095,5,1,FALSE,0.9349792480468977,4.04905972847968,71.55,98.4405,-0.22580319246718472,0.5248485820238566,FALSE,FALSE,0,-2.3434070875143007
0-4 km,325427,US-0710,19PN,19PN,Walnut Grove Airport,small_airport,42071,Lancaster,2018-12-01,0.0448,5,1,FALSE,3.1799926757812726,4.448649193716297,82.45,97.99,-0.26903794032977274,0.4694533739503269,FALSE,FALSE,0,-3.083471187861998
0-4 km,325427,US-0710,19PN,19PN,Walnut Grove Airport,small_airport,42071,Lancaster,2019-01-01,0.0754,5,1,FALSE,-2.9750122070312273,5.02089912697059,77.5,98.251,-0.26034168048947803,0.07845771999503603,FALSE,FALSE,0,-2.5717725828096625
0-4 km,325427,US-0710,19PN,19PN,Walnut Grove Airport,small_airport,42071,Lancaster,2019-02-01,0.0402,5,1,FALSE,-1.8150024414062274,4.824069894606531,70.6,98.9405,-0.5054763193191153,-0.3087997865981856,FALSE,FALSE,0,-3.1893170226266565
0-4 km,325427,US-0710,19PN,19PN,Walnut Grove Airport,small_airport,42071,Lancaster,2019-03-01,0.092,5,1,FALSE,3.2949890136718976,5.789074536609085,79.7,98.12650000000001,-0.11210402128780234,0.0656294460434387,FALSE,FALSE,0,-2.375155785828881
0-4 km,325427,US-0710,19PN,19PN,Walnut Grove Airport,small_airport,42071,Lancaster,2019-04-01,0.0726,5,1,FALSE,11.569982910156273,3.4800657190086004,78.25,97.5355,-0.2506119511930078,-0.3941592627673105,FALSE,FALSE,0,-2.6091102532473065
0-4 km,325427,US-0710,19PN,19PN,Walnut Grove Airport,small_airport,42071,Lancaster,2019-05-01,0.045000000000000005,4,1,FALSE,15.743745422363304,3.2189442360576765,87,98.388125,-0.03937845280730792,0.14103314551451407,FALSE,FALSE,0,-3.0791138824930417
0-4 km,325427,US-0710,19PN,19PN,Walnut Grove Airport,small_airport,42071,Lancaster,2019-06-01,0.03525,4,1,FALSE,21.281236267089866,5.033871331259209,80,97.886875,-0.36584797995033547,-0.3184704254692691,FALSE,FALSE,0,-3.3173158976814534
0-4 km,325427,US-0710,19PN,19PN,Walnut Grove Airport,small_airport,42071,Lancaster,2019-07-01,0.041749999999999995,4,1,FALSE,24.56874237060549,2.6471391176444627,77.8125,98.17375,-0.5531744370612772,-0.3853020454237011,FALSE,FALSE,0,-3.152386083599368
0-4 km,325427,US-0710,19PN,19PN,Walnut Grove Airport,small_airport,42071,Lancaster,2019-08-01,0.0064,5,1,FALSE,21.895001220703147,3.274994338758939,77,98.4215,0.09298152162084669,0.13450134273947875,FALSE,FALSE,0,-4.9062752787720125
0-4 km,325427,US-0710,19PN,19PN,Walnut Grove Airport,small_airport,42071,Lancaster,2019-09-01,0.0266,5,1,FALSE,19.97497558593752,2.7206564852028614,77.4,98.58500000000001,0.07415529415393066,-0.038927081900857335,FALSE,FALSE,0,-3.5899395062590327
0-4 km,325427,US-0710,19PN,19PN,Walnut Grove Airport,small_airport,42071,Lancaster,2019-10-01,0.0362,5,1,FALSE,12.294995117187522,5.343416031929103,75,98.7335,-0.5948593382965341,-0.35462991388444404,FALSE,FALSE,0,-3.291446517703036
0-4 km,325427,US-0710,19PN,19PN,Walnut Grove Airport,small_airport,42071,Lancaster,2019-11-01,0.0338,5,1,FALSE,3.409985351562523,3.9896274190706293,69.55,98.79950000000001,-0.6865809711473632,-0.09338515517505923,FALSE,FALSE,0,-3.3581378922017087
0-4 km,325427,US-0710,19PN,19PN,Walnut Grove Airport,small_airport,42071,Lancaster,2019-12-01,0.0552,5,1,FALSE,1.8049865722656477,3.240582846832589,85.25,98.4025,-0.08766360446634242,0.25625337649284585,FALSE,FALSE,0,-2.8788385220824915
0-4 km,325427,US-0710,19PN,19PN,Walnut Grove Airport,small_airport,42071,Lancaster,2020-01-01,0.0104,5,1,FALSE,1.9749938964843978,5.002952686303679,84,98.626,-0.5736788469405929,-0.12738411997700008,FALSE,FALSE,0,-4.474141923581687
0-4 km,325427,US-0710,19PN,19PN,Walnut Grove Airport,small_airport,42071,Lancaster,2020-02-01,0.059750000000000004,4,1,FALSE,-1.4312652587890398,4.102123323718536,68.75,98.55937499999999,-0.47619242933597905,0.042422233761051795,FALSE,FALSE,0,-2.800988196761479
0-4 km,325427,US-0710,19PN,19PN,Walnut Grove Airport,small_airport,42071,Lancaster,2020-03-01,0.0362,5,1,FALSE,6.464990234375023,7.149039171465954,75.3,98.818,-0.6494362429560361,-0.22397154430732993,FALSE,FALSE,0,-3.291446517703036
0-4 km,325427,US-0710,19PN,19PN,Walnut Grove Airport,small_airport,42071,Lancaster,2020-04-01,0.026,5,1,FALSE,7.889996337890648,5.487396828839787,72.65,97.529,-0.5948354403867464,0.36225793672743617,FALSE,FALSE,0,-3.611918412977808
0-4 km,325427,US-0710,19PN,19PN,Walnut Grove Airport,small_airport,42071,Lancaster,2020-05-01,0.0276,5,1,FALSE,13.169995117187522,3.26828265047341,76.75,98.4685,-0.05512537731643556,-0.5822129415166246,FALSE,FALSE,0,-3.55434856115633
0-4 km,325427,US-0710,19PN,19PN,Walnut Grove Airport,small_airport,42071,Lancaster,2020-06-01,0.0286,5,1,FALSE,17.36499023437502,3.8776672421236196,71.55,98.662,-0.2127464744991426,0.05462305982936278,FALSE,FALSE,0,-3.519980917652122
0-4 km,325427,US-0710,19PN,19PN,Walnut Grove Airport,small_airport,42071,Lancaster,2020-07-01,0.0236,5,1,FALSE,23.344995117187523,3.2159788205557343,83.9,98.3225,-0.6676112520515288,0.011173535322830053,FALSE,FALSE,0,-3.70500883604382
0-4 km,325427,US-0710,19PN,19PN,Walnut Grove Airport,small_airport,42071,Lancaster,2020-08-01,0.018666666666666665,6,1,FALSE,21.891656494140648,4.219580693585558,83.79166666666667,98.34958333333333,-0.744737700632592,0.009537407249777632,FALSE,FALSE,0,-3.9288301237445276
0-4 km,325427,US-0710,19PN,19PN,Walnut Grove Airport,small_airport,42071,Lancaster,2020-09-01,0.0096,5,1,FALSE,17.199993896484397,3.992104711836596,79.95,98.4415,-0.7206236530937591,-0.0885369726720488,FALSE,FALSE,0,-4.546901277864116
0-4 km,325427,US-0710,19PN,19PN,Walnut Grove Airport,small_airport,42071,Lancaster,2020-10-01,0.0065,4,1,FALSE,11.47498474121096,5.785433195912168,79.3125,98.58125,-0.41574486042631004,0.2860725847466923,FALSE,FALSE,0,-4.892852258439873
0-4 km,325427,US-0710,19PN,19PN,Walnut Grove Airport,small_airport,42071,Lancaster,2020-11-01,0.0168,5,1,FALSE,8.919982910156273,4.192356550980375,74.2,98.699,-0.2526935165624937,-0.4528674427516548,FALSE,FALSE,0,-4.028556821684098
0-4 km,325427,US-0710,19PN,19PN,Walnut Grove Airport,small_airport,42071,Lancaster,2020-12-01,0.009,5,1,FALSE,0.47498779296877275,4.5440297274578025,82.4,98.631,0.3271132819618654,0.10231840673704223,FALSE,FALSE,0,-4.605170185988092
0-4 km,325427,US-0710,19PN,19PN,Walnut Grove Airport,small_airport,42071,Lancaster,2021-01-01,0.013,1,1,FALSE,-0.05002441406247726,1.8117663786414169,96,98.215,0.7727265461278482,0.6347390683653611,FALSE,FALSE,0,-4.268697949366879
0-4 km,325427,US-0710,19PN,19PN,Walnut Grove Airport,small_airport,42071,Lancaster,2021-02-01,0.017,4,1,FALSE,-3.200010681152321,3.0398155183868214,84.75,99.12,-0.5092778175558393,-0.2867149881356224,FALSE,FALSE,0,-4.017383521085972
0-4 km,325427,US-0710,19PN,19PN,Walnut Grove Airport,small_airport,42071,Lancaster,2021-03-01,0.014,5,1,FALSE,5.149987792968773,5.249318515039496,72.7,98.67049999999999,-0.6766009819222785,-0.09583335509679058,FALSE,FALSE,0,-4.199705077879927
0-4 km,325427,US-0710,19PN,19PN,Walnut Grove Airport,small_airport,42071,Lancaster,2021-04-01,0.06733333333333333,3,1,FALSE,7.01666666666669,4.9378350483450575,73,98.40083333333332,-0.3888198608006784,-0.16566487951722642,FALSE,FALSE,0,-2.683357588511839
0-4 km,325427,US-0710,19PN,19PN,Walnut Grove Airport,small_airport,42071,Lancaster,2021-05-01,0.02725,4,1,FALSE,15.531243896484398,4.495739159163899,71.875,98.655,-0.3718421898153561,0.04896905616355775,FALSE,FALSE,0,-3.5666618213896872
0-4 km,325427,US-0710,19PN,19PN,Walnut Grove Airport,small_airport,42071,Lancaster,2021-06-01,0.0076,5,1,FALSE,21.029998779296896,4.378700339250019,90.7,98.2305,-0.29549662094006096,-0.290858296750084,FALSE,FALSE,0,-4.755993075722675
0-4 km,325427,US-0710,19PN,19PN,Walnut Grove Airport,small_airport,42071,Lancaster,2021-07-01,0.013,5,1,FALSE,21.884991455078147,3.6654463160743953,83.5,98.184,-0.3131238731266506,0.3855162496914966,FALSE,FALSE,0,-4.268697949366879
0-4 km,325427,US-0710,19PN,19PN,Walnut Grove Airport,small_airport,42071,Lancaster,2021-08-01,0.011,5,1,FALSE,22.54998779296877,3.5534920636011504,86.1,98.5125,-0.8929186804632533,0.16606849789201072,FALSE,FALSE,0,-4.422848629194137
0-4 km,325427,US-0710,19PN,19PN,Walnut Grove Airport,small_airport,42071,Lancaster,2021-09-01,0.0154,5,1,FALSE,21.254992675781274,4.281996978918563,71.65,98.3205,-0.8009142553205245,-0.07748080518008393,FALSE,FALSE,0,-4.110473944151984
0-4 km,325427,US-0710,19PN,19PN,Walnut Grove Airport,small_airport,42071,Lancaster,2021-10-01,0.10833333333333334,6,1,FALSE,15.616652425130232,4.4548451603560455,76.5,98.4375,-0.310975534217215,-0.26110854089228175,FALSE,FALSE,0,-2.213353959266103
0-4 km,325427,US-0710,19PN,19PN,Walnut Grove Airport,small_airport,42071,Lancaster,2021-11-01,0.0376,5,1,FALSE,6.744976806640648,2.227501103884026,65.45,98.7025,-0.17275663694739046,-0.48659515063799447,FALSE,FALSE,0,-3.2545030025113517
0-4 km,325427,US-0710,19PN,19PN,Walnut Grove Airport,small_airport,42071,Lancaster,2021-12-01,0.009,4,1,FALSE,5.868737792968773,7.886847027326278,77.75,98.2375,-0.6890670384121996,-0.3661200539346255,FALSE,FALSE,0,-4.605170185988092
0-4 km,325427,US-0710,19PN,19PN,Walnut Grove Airport,small_airport,42071,Lancaster,2022-01-01,0.028,5,1,FALSE,-4.840008544921853,5.260715603216447,73.55,97.9735,-0.33698711084234734,0.14158650052195793,TRUE,FALSE,0,-3.540459448995663
0-4 km,325427,US-0710,19PN,19PN,Walnut Grove Airport,small_airport,42071,Lancaster,2022-02-01,0.0076,5,1,FALSE,2.8349914550781476,5.352163416020206,77.15,98.6705,-0.43917466761038276,-0.10716050445850989,TRUE,FALSE,0,-4.755993075722675
0-4 km,325427,US-0710,19PN,19PN,Walnut Grove Airport,small_airport,42071,Lancaster,2022-03-01,0.008333333333333333,3,1,FALSE,8.308323160807314,2.3363929622417827,80.83333333333333,98.265,-0.8107420939969293,-0.4375899569893988,TRUE,FALSE,0,-4.674163057475043
0-4 km,325427,US-0710,19PN,19PN,Walnut Grove Airport,small_airport,42071,Lancaster,2022-04-01,0.0048000000000000004,5,1,FALSE,8.809991455078148,4.3571396542320855,62.35,98.682,-0.45184213633103565,-0.0964822785380263,TRUE,FALSE,0,-5.149897361429764
0-4 km,325427,US-0710,19PN,19PN,Walnut Grove Airport,small_airport,42071,Lancaster,2022-05-01,0.00525,4,1,FALSE,16.84375152587893,3.410296507850955,70.5,98.76125,-0.24466192522811367,0.5418712553975231,TRUE,FALSE,0,-5.075173815233827
0-4 km,325427,US-0710,19PN,19PN,Walnut Grove Airport,small_airport,42071,Lancaster,2022-06-01,0.0106,5,1,FALSE,20.999987792968774,3.646370007712742,66.25,98.32849999999999,-0.30876427357183434,0.08996329471668897,TRUE,FALSE,0,-4.456750180869818
0-4 km,325427,US-0710,19PN,19PN,Walnut Grove Airport,small_airport,42071,Lancaster,2022-07-01,0.0105,4,1,FALSE,24.424981689453148,2.9518732376827406,71.1875,98.36375,0.0652661798433023,-0.3787298231405707,TRUE,FALSE,0,-4.4654082436129325
0-4 km,325427,US-0710,19PN,19PN,Walnut Grove Airport,small_airport,42071,Lancaster,2022-08-01,0.013,5,1,FALSE,23.594995117187523,4.343232982000536,78.35,98.372,-0.3753157492072338,-0.0818915817688409,TRUE,FALSE,0,-4.268697949366879
0-4 km,325427,US-0710,19PN,19PN,Walnut Grove Airport,small_airport,42071,Lancaster,2022-09-01,0.0274,5,1,FALSE,19.324981689453146,2.5080155505741493,75,98.1735,0.16712608926329348,0.3915403507553711,TRUE,FALSE,0,-3.5613661338149765
0-4 km,325427,US-0710,19PN,19PN,Walnut Grove Airport,small_airport,42071,Lancaster,2022-10-01,0.024399999999999998,5,1,FALSE,10.990002441406272,4.56466211812672,77.6,98.22749999999999,-0.21413308817122995,-0.03744589363447478,TRUE,FALSE,0,-3.673006104957646
0-4 km,325427,US-0710,19PN,19PN,Walnut Grove Airport,small_airport,42071,Lancaster,2022-11-01,0.0222,5,1,FALSE,9.189996337890648,4.767896876915816,75.15,98.53,-0.15135263547461789,-0.11710070544743513,TRUE,FALSE,0,-3.763603000309873
0-4 km,325427,US-0710,19PN,19PN,Walnut Grove Airport,small_airport,42071,Lancaster,2022-12-01,0.0288,5,1,FALSE,2.7299865722656476,6.311708682957415,76.95,98.8725,-0.9207918495067783,0.12223494102094537,TRUE,FALSE,0,-3.513246885470778
0-4 km,325427,US-0710,19PN,19PN,Walnut Grove Airport,small_airport,42071,Lancaster,2023-01-01,0.0256,5,1,FALSE,4.394989013671898,3.887702616126526,81.05,98.3015,-0.7298042425646324,-0.08461597603610489,TRUE,FALSE,0,-3.6268440631944836
0-4 km,325427,US-0710,19PN,19PN,Walnut Grove Airport,small_airport,42071,Lancaster,2023-02-01,0.00975,4,1,FALSE,5.512490844726585,4.1837610407388786,77.75,98.268125,-0.11833569900961158,0.023525124974370468,TRUE,FALSE,0,-4.532849524408466
0-4 km,325427,US-0710,19PN,19PN,Walnut Grove Airport,small_airport,42071,Lancaster,2023-03-01,0.02,6,1,FALSE,3.6666453043620018,4.087203930883003,75.95833333333333,98.22333333333333,-0.47160541086575464,-0.2171779452718909,TRUE,FALSE,0,-3.863232841258714
0-4 km,325427,US-0710,19PN,19PN,Walnut Grove Airport,small_airport,42071,Lancaster,2023-04-01,0.056,4,1,FALSE,13.387498474121116,6.078468949005942,62.75,98.22375,-0.6290513140637426,0.1989499010996788,TRUE,FALSE,0,-2.864704011147587
0-4 km,325427,US-0710,19PN,19PN,Walnut Grove Airport,small_airport,42071,Lancaster,2023-05-01,0.0134,5,1,FALSE,15.524987792968773,2.536892312682239,65.9,98.8155,-0.5045300633066774,-0.37737957687192725,TRUE,FALSE,0,-4.240527072400182
0-4 km,325427,US-0710,19PN,19PN,Walnut Grove Airport,small_airport,42071,Lancaster,2023-06-01,0.0094,5,1,FALSE,18.954992675781273,3.356844194530324,73.65,98.064,-0.4254826845431698,0.358957826691517,TRUE,FALSE,0,-4.56594947283481
0-4 km,325427,US-0710,19PN,19PN,Walnut Grove Airport,small_airport,42071,Lancaster,2023-07-01,0.010499999999999999,4,1,FALSE,23.799981689453148,2.8862753555379275,80.5,98.17625,-0.49368236689724865,-0.23053794403518366,TRUE,FALSE,0,-4.4654082436129325
0-4 km,325427,US-0710,19PN,19PN,Walnut Grove Airport,small_airport,42071,Lancaster,2023-08-01,0.0086,5,1,FALSE,21.644995117187523,2.7407908338799127,84.15,98.1565,-0.20745366689976671,-0.3154256960468561,TRUE,FALSE,0,-4.645992180508347
0-4 km,325427,US-0710,19PN,19PN,Walnut Grove Airport,small_airport,42071,Lancaster,2023-09-01,0.0086,5,1,FALSE,18.17000122070315,5.2671086910231955,75.4,98.8545,-0.4903372416090285,0.13445705038536415,TRUE,FALSE,0,-4.645992180508347
0-4 km,325427,US-0710,19PN,19PN,Walnut Grove Airport,small_airport,42071,Lancaster,2023-10-01,0.0125,4,1,FALSE,14.524987792968773,3.5252336891213165,72.6875,98.130625,0.19518771372831778,-0.2324046420633596,TRUE,FALSE,0,-4.305065593537753
0-4 km,325427,US-0710,19PN,19PN,Walnut Grove Airport,small_airport,42071,Lancaster,2023-11-01,0.0114,5,1,FALSE,4.159979248046898,4.521817379725067,67.85,99.0265,-0.5147336246715415,0.20968564033043224,TRUE,FALSE,0,-4.390058806371146
0-4 km,325427,US-0710,19PN,19PN,Walnut Grove Airport,small_airport,42071,Lancaster,2023-12-01,0.0154,5,1,FALSE,2.0549865722656477,2.6906252373501083,81.7,99.1715,-0.24444787848358057,-0.4146444589739656,TRUE,FALSE,0,-4.110473944151984
0-4 km,325427,US-0710,19PN,19PN,Walnut Grove Airport,small_airport,42071,Lancaster,2024-01-01,0.02666666666666667,6,1,FALSE,2.1874786376953352,3.531314730618656,86.91666666666667,97.77958333333333,-0.10430069126509926,-0.16663338483928886,TRUE,FALSE,0,-3.5875269598536486
0-4 km,325427,US-0710,19PN,19PN,Walnut Grove Airport,small_airport,42071,Lancaster,2024-02-01,0.0095,4,1,FALSE,1.0062423706054915,6.185491453357544,74.25,97.86250000000001,0.04907093134518284,0.2610201532927834,TRUE,FALSE,0,-4.55638002181866
0-4 km,325427,US-0710,19PN,19PN,Walnut Grove Airport,small_airport,42071,Lancaster,2024-03-01,0.017,4,1,FALSE,7.12500915527346,3.4901703445788064,67.8125,98.219375,-0.7800156471352845,0.1961416094701211,TRUE,FALSE,0,-4.017383521085972
0-4 km,325427,US-0710,19PN,19PN,Walnut Grove Airport,small_airport,42071,Lancaster,2024-04-01,0.0163,10,1,FALSE,14.214996337890648,3.965399881553637,77.3,97.6365,0.13866698254289167,-0.0064432583916658485,TRUE,FALSE,0,-4.057048777478403
0-4 km,325427,US-0710,19PN,19PN,Walnut Grove Airport,small_airport,42071,Lancaster,2024-05-01,0.008666666666666666,9,1,FALSE,16.75833197699655,2.9261048934453724,86.27777777777777,98.04833333333333,-0.37675405665303363,-0.0059249477590027876,TRUE,FALSE,0,-4.639071737663772
0-4 km,325427,US-0710,19PN,19PN,Walnut Grove Airport,small_airport,42071,Lancaster,2024-06-01,0.0036666666666666666,9,1,FALSE,21.827756076388912,5.058727966017342,82.16666666666667,98.26916666666666,-0.21031318000276147,-0.5154703262812309,TRUE,FALSE,0,-5.367310238034988
0-4 km,325427,US-0710,19PN,19PN,Walnut Grove Airport,small_airport,42071,Lancaster,2024-07-01,0.0179,10,1,FALSE,24.319982910156273,4.355183589825411,84.95,98.0535,-0.26406452535750685,-0.1727510591032708,TRUE,FALSE,0,-3.96859335691654
0-4 km,325427,US-0710,19PN,19PN,Walnut Grove Airport,small_airport,42071,Lancaster,2024-08-01,0.016,9,1,FALSE,22.124990505642383,2.8374166448841343,76.25,98.43277777777777,-0.17807025285670688,0.17977217201325374,TRUE,FALSE,0,-4.074541934925921
0-4 km,325427,US-0710,19PN,19PN,Walnut Grove Airport,small_airport,42071,Lancaster,2024-09-01,0.009555555555555555,9,1,FALSE,19.313887532552105,3.5126905217322366,74.16666666666667,98.68555555555555,0.7098940419423836,-0.28253695059895945,TRUE,FALSE,0,-4.551102964717816
0-4 km,325427,US-0710,19PN,19PN,Walnut Grove Airport,small_airport,42071,Lancaster,2024-10-01,0.031875,8,1,FALSE,13.181237792968773,3.9207594834544794,69.125,98.50125,-0.34979630951119833,0.10721375065765164,TRUE,FALSE,0,-3.4150427884842083
0-4 km,3467,KCRW,KCRW,CRW,Yeager Airport,medium_airport,54039,Kanawha,2016-02-01,0.0039,1,1,FALSE,1.4750000000000227,3.949762858443043,48.75,97.375,0.9114471004093778,-0.41141728592189414,FALSE,FALSE,0,-5.318520073865556
0-4 km,3467,KCRW,KCRW,CRW,Yeager Airport,medium_airport,54039,Kanawha,2016-03-01,0.0034,1,1,FALSE,11.649987792968773,4.63849267232006,89.25,95.7375,0.9701424336276327,-0.2425358911069744,FALSE,FALSE,0,-5.426150738057922
0-4 km,3467,KCRW,KCRW,CRW,Yeager Airport,medium_airport,54039,Kanawha,2016-04-01,0.005433333333333333,3,1,FALSE,13.475000000000023,3.4391557863620728,66.16666666666667,96.88416666666666,0.012923665014260862,-0.11949376863853879,FALSE,FALSE,0,-5.046262471739407
0-4 km,3467,KCRW,KCRW,CRW,Yeager Airport,medium_airport,54039,Kanawha,2016-05-01,0.0056500000000000005,2,1,FALSE,17.374978637695335,4.512839817007201,87.375,96.60125,0.38023384338490396,-0.676514642389939,FALSE,FALSE,0,-5.013138424314374
0-4 km,3467,KCRW,KCRW,CRW,Yeager Airport,medium_airport,54039,Kanawha,2016-06-01,0.00245,2,1,FALSE,20.975000000000023,3.7335467562774296,87.125,96.07124999999999,0.08154872214924697,0.4230319848216096,FALSE,FALSE,0,-5.669381047938868
0-4 km,3467,KCRW,KCRW,CRW,Yeager Airport,medium_airport,54039,Kanawha,2016-07-01,0.0032500000000000003,2,1,FALSE,24.787500000000023,3.689413987145784,74.5,96.555,-0.9895632685660283,-0.005350277063243161,FALSE,FALSE,0,-5.4608362960458114
0-4 km,3467,KCRW,KCRW,CRW,Yeager Airport,medium_airport,54039,Kanawha,2016-08-01,0.0017000000000000001,2,1,FALSE,23.074990844726585,4.494509822271904,91.625,96.7125,0.15550813849030432,-0.561480773206855,FALSE,FALSE,0,-5.914503505971854
0-4 km,3467,KCRW,KCRW,CRW,Yeager Airport,medium_airport,54039,Kanawha,2016-09-01,0.004,2,1,FALSE,23.612481689453148,2.3419823217342737,73.625,96.63624999999999,0.040234138013997944,0.022159273948726965,FALSE,FALSE,0,-5.298317366548036
0-4 km,3467,KCRW,KCRW,CRW,Yeager Airport,medium_airport,54039,Kanawha,2016-10-01,0.0054666666666666665,3,1,FALSE,16.18330281575523,3.5738579559836583,78.75,96.89833333333334,0.5547832736581038,-0.2898457364650082,FALSE,FALSE,0,-5.0410945015809645
0-4 km,3467,KCRW,KCRW,CRW,Yeager Airport,medium_airport,54039,Kanawha,2016-11-01,0.00285,2,1,FALSE,6.262506103515648,4.517487453451741,60,97.015,-0.48215133055860515,-0.30458701417005873,FALSE,FALSE,0,-5.559682130682444
0-4 km,3467,KCRW,KCRW,CRW,Yeager Airport,medium_airport,54039,Kanawha,2016-12-01,0.0027,3,1,FALSE,4.799971516927106,3.7348701077890123,86.91666666666667,96.91916666666667,0.5070121536685086,0.1465142759581749,FALSE,FALSE,0,-5.599422459331958
0-4 km,3467,KCRW,KCRW,CRW,Yeager Airport,medium_airport,54039,Kanawha,2017-01-01,0.0035,3,1,FALSE,-2.7000081380208107,3.6238814138693467,83.41666666666667,96.57000000000001,-0.3386149549191964,-0.10736349080484146,FALSE,FALSE,0,-5.403677882205863
0-4 km,3467,KCRW,KCRW,CRW,Yeager Airport,medium_airport,54039,Kanawha,2017-02-01,0.0027,1,1,FALSE,15.574975585937523,3.790202726287172,92.75,96.0275,0.1846866879241525,-0.982797449784851,FALSE,FALSE,0,-5.599422459331958
0-4 km,3467,KCRW,KCRW,CRW,Yeager Airport,medium_airport,54039,Kanawha,2017-03-01,0.0041,1,1,FALSE,7.075006103515648,1.8896098078443935,70.25,96.8825,-0.95257758762888,-0.30429580928291383,FALSE,FALSE,0,-5.2785147392518565
0-4 km,3467,KCRW,KCRW,CRW,Yeager Airport,medium_airport,54039,Kanawha,2017-04-01,0.0021333333333333334,3,1,FALSE,12.041670735677107,4.728662348896606,89.58333333333333,96.34666666666666,-0.06653652906049759,0.526102431654576,FALSE,FALSE,0,-5.765657878374289
0-4 km,3467,KCRW,KCRW,CRW,Yeager Airport,medium_airport,54039,Kanawha,2017-05-01,0.0034,3,1,FALSE,15.999983723958357,2.741471766758338,86.33333333333333,96.295,0.2065164910095109,-0.3280517049960593,FALSE,FALSE,0,-5.426150738057922
0-4 km,3467,KCRW,KCRW,CRW,Yeager Airport,medium_airport,54039,Kanawha,2017-06-01,0.00315,2,1,FALSE,21.949990844726585,4.144080461116992,84.75,96.435,-0.35842298393253985,-0.7574842550135406,FALSE,FALSE,0,-5.48464694473953
0-4 km,3467,KCRW,KCRW,CRW,Yeager Airport,medium_airport,54039,Kanawha,2017-07-01,0.0031333333333333335,3,1,FALSE,21.87500406901044,4.216741287567501,84.33333333333333,96.55666666666667,-0.28632949566652,-0.16646807157217888,FALSE,FALSE,0,-5.488671095039256
0-4 km,3467,KCRW,KCRW,CRW,Yeager Airport,medium_airport,54039,Kanawha,2017-08-01,0.0024999999999999996,2,1,FALSE,22.562493896484398,2.651061317608747,88.5,96.46375,0.1183760806593388,-0.18837880684459923,FALSE,FALSE,0,-5.654992310486769
0-4 km,3467,KCRW,KCRW,CRW,Yeager Airport,medium_airport,54039,Kanawha,2017-09-01,0.022333333333333334,3,1,FALSE,20.858331298828148,2.9468475391227877,75.33333333333333,96.53416666666666,-0.10931776672793385,-0.019710856583918263,FALSE,FALSE,0,-3.757872325600888
0-4 km,3467,KCRW,KCRW,CRW,Yeager Airport,medium_airport,54039,Kanawha,2017-10-01,0.0031000000000000003,2,1,FALSE,19.012475585937523,4.244649075123723,80.625,96.94624999999999,-0.13875135266331984,-0.746511933778557,FALSE,FALSE,0,-5.496768305271875
0-4 km,3467,KCRW,KCRW,CRW,Yeager Airport,medium_airport,54039,Kanawha,2017-11-01,0.005266666666666667,3,1,FALSE,8.124993896484398,3.0938928525158156,75.83333333333333,96.81583333333333,-0.21958427052727325,-0.20225872320417845,FALSE,FALSE,0,-5.0725106978143435
0-4 km,3467,KCRW,KCRW,CRW,Yeager Airport,medium_airport,54039,Kanawha,2017-12-01,0.0049499999999999995,2,1,FALSE,-1.0000061035156023,1.315225399649652,81.125,96.2275,0.699115036054371,-0.3672884886039731,FALSE,FALSE,0,-5.1243640594245985
0-4 km,3467,KCRW,KCRW,CRW,Yeager Airport,medium_airport,54039,Kanawha,2018-01-01,0.0045,3,1,FALSE,-8.108343505859352,3.697103773121386,74,97.97083333333333,0.11249446942459111,0.32214607045914884,FALSE,FALSE,0,-5.2030071867437115
0-4 km,3467,KCRW,KCRW,CRW,Yeager Airport,medium_airport,54039,Kanawha,2018-02-01,0.00245,2,1,FALSE,6.062493896484398,7.237168809731605,94.125,97.0275,-0.036436059244207064,-0.5878149328190523,FALSE,FALSE,0,-5.669381047938868
0-4 km,3467,KCRW,KCRW,CRW,Yeager Airport,medium_airport,54039,Kanawha,2018-03-01,0.0027,3,1,FALSE,1.6416564941406477,4.843657837971272,74.75,96.86083333333333,-0.2069509893434331,-0.26214670415361335,FALSE,FALSE,0,-5.599422459331958
0-4 km,3467,KCRW,KCRW,CRW,Yeager Airport,medium_airport,54039,Kanawha,2018-04-01,0.00715,2,1,FALSE,2.2874847412109602,2.8504522668025003,75,96.80250000000001,-0.6138783718397168,0.7893946179782605,FALSE,FALSE,0,-4.809737351729366
0-4 km,3467,KCRW,KCRW,CRW,Yeager Airport,medium_airport,54039,Kanawha,2018-05-01,0.0044666666666666665,3,1,FALSE,20.40832926432294,3.3225179313516593,87.16666666666667,96.555,-0.11086115435101,-0.7366753449504396,FALSE,FALSE,0,-5.209086232820094
0-4 km,3467,KCRW,KCRW,CRW,Yeager Airport,medium_airport,54039,Kanawha,2018-06-01,0.0049,1,1,FALSE,24.049981689453148,4.129241802255321,85.5,96.5,-0.9687011858512966,-0.2482297575438767,FALSE,FALSE,0,-5.132802928070463
0-4 km,3467,KCRW,KCRW,CRW,Yeager Airport,medium_airport,54039,Kanawha,2018-07-01,0.0035333333333333336,3,1,FALSE,23.09998982747398,5.912432338323661,86.33333333333333,96.57916666666667,-0.9871698039372754,-0.06283979222750319,FALSE,FALSE,0,-5.39629777490824
0-4 km,3467,KCRW,KCRW,CRW,Yeager Airport,medium_airport,54039,Kanawha,2018-08-01,0.0029666666666666665,3,1,FALSE,24.225000000000023,4.290690056463339,85.83333333333333,96.73666666666666,-0.4667032084709269,-0.37634646227866136,FALSE,FALSE,0,-5.529829167532763
0-4 km,3467,KCRW,KCRW,CRW,Yeager Airport,medium_airport,54039,Kanawha,2018-09-01,0.0020499999999999997,2,1,FALSE,18.949990844726585,3.204098636321528,96.875,96.65125,0.8256458968697268,-0.2613101933004325,FALSE,FALSE,0,-5.792613688362817
0-4 km,3467,KCRW,KCRW,CRW,Yeager Airport,medium_airport,54039,Kanawha,2018-10-01,0.0042,2,1,FALSE,16.212503051757835,2.735096409829757,85.75,96.78,-0.02753308939533039,0.10550607544551005,FALSE,FALSE,0,-5.259096653394756
0-4 km,3467,KCRW,KCRW,CRW,Yeager Airport,medium_airport,54039,Kanawha,2018-11-01,0.002,2,1,FALSE,2.3374877929687727,4.454122569662203,79.625,97.13374999999999,0.16067812222388708,-0.1407673957302224,FALSE,FALSE,0,-5.809142990314028
0-4 km,3467,KCRW,KCRW,CRW,Yeager Airport,medium_airport,54039,Kanawha,2018-12-01,9.333333333333333e-4,3,1,FALSE,6.34997965494794,6.626947797666372,91.41666666666667,96.25583333333333,-0.12336121346903371,-0.1074263124244781,FALSE,FALSE,0,-6.248509650097873
0-4 km,3467,KCRW,KCRW,CRW,Yeager Airport,medium_airport,54039,Kanawha,2019-01-01,0.0026,2,1,FALSE,-4.112493896484352,4.462230862031111,71,96.7375,-0.726946602808036,0.6672168771217369,FALSE,FALSE,0,-5.626821433520073
0-4 km,3467,KCRW,KCRW,CRW,Yeager Airport,medium_airport,54039,Kanawha,2019-02-01,0.0043,3,1,FALSE,2.849989827473981,6.265951012960398,63.416666666666664,96.98083333333334,-0.4858334485991585,-0.3957391648874573,FALSE,FALSE,0,-5.240048458424061
0-4 km,3467,KCRW,KCRW,CRW,Yeager Airport,medium_airport,54039,Kanawha,2019-03-01,0.0015999999999999999,2,1,FALSE,7.400003051757835,6.037380470131877,91.125,96.01125,-0.546393748853965,-0.405470816556977,FALSE,FALSE,0,-5.952243833954701
0-4 km,3467,KCRW,KCRW,CRW,Yeager Airport,medium_airport,54039,Kanawha,2019-04-01,0.0030666666666666668,3,1,FALSE,9.424981689453148,1.6078963885474837,71.83333333333333,96.175,-0.3370914290499609,-0.09269824350753579,FALSE,FALSE,0,-5.504931615911036
0-4 km,3467,KCRW,KCRW,CRW,Yeager Airport,medium_airport,54039,Kanawha,2019-05-01,0.0035499999999999998,2,1,FALSE,18.387490844726585,4.396625063213545,81.875,96.455,-0.2446171374325451,0.05321698910012479,FALSE,FALSE,0,-5.392628046019278
0-4 km,3467,KCRW,KCRW,CRW,Yeager Airport,medium_airport,54039,Kanawha,2019-06-01,0.0024,3,1,FALSE,18.758325195312523,2.3350208026980916,75.16666666666667,96.46833333333333,-0.17966199411646222,-0.672951937856963,FALSE,FALSE,0,-5.683979847360021
0-4 km,3467,KCRW,KCRW,CRW,Yeager Airport,medium_airport,54039,Kanawha,2019-07-01,0.00195,2,1,FALSE,24.374993896484398,3.3309049252739977,89,96.33125,0.7658385345531493,0.3305893361824688,FALSE,FALSE,0,-5.825950108630408
0-4 km,3467,KCRW,KCRW,CRW,Yeager Airport,medium_airport,54039,Kanawha,2019-08-01,0.0021333333333333334,3,1,FALSE,21.78332926432294,3.4443278745615338,86.5,96.50083333333333,0.5001870912465937,-0.38169694594807324,FALSE,FALSE,0,-5.765657878374289
0-4 km,3467,KCRW,KCRW,CRW,Yeager Airport,medium_airport,54039,Kanawha,2019-09-01,0.0038,3,1,FALSE,21.824995930989605,3.3893059086646664,85.66666666666667,96.61166666666666,-0.3363216565217533,-0.2346934808765604,FALSE,FALSE,0,-5.339139361068292
0-4 km,3467,KCRW,KCRW,CRW,Yeager Airport,medium_airport,54039,Kanawha,2019-10-01,0.0026,2,1,FALSE,12.949990844726585,4.780847336142725,72.25,96.80625,-0.9008842991434355,0.03923486821395811,FALSE,FALSE,0,-5.626821433520073
0-4 km,3467,KCRW,KCRW,CRW,Yeager Airport,medium_airport,54039,Kanawha,2019-11-01,0.004866666666666667,3,1,FALSE,4.058302815755231,2.5622045195339904,69.66666666666667,96.97166666666666,-0.4701096773626273,-0.03386028373815631,FALSE,FALSE,0,-5.1384686656061405
0-4 km,3467,KCRW,KCRW,CRW,Yeager Airport,medium_airport,54039,Kanawha,2019-12-01,0.0056,2,1,FALSE,0.5999847412109602,2.123796215255233,80.25,97.14625000000001,-0.1428708704398607,0.26795058564576235,FALSE,FALSE,0,-5.0206856299497575
0-4 km,3467,KCRW,KCRW,CRW,Yeager Airport,medium_airport,54039,Kanawha,2020-01-01,0.0015999999999999999,3,1,FALSE,6.774977620442731,5.8639868180203925,92.16666666666667,96.2925,-0.8912680227656495,-0.004344767070119299,FALSE,FALSE,0,-5.952243833954701
0-4 km,3467,KCRW,KCRW,CRW,Yeager Airport,medium_airport,54039,Kanawha,2020-02-01,0.0028,2,1,FALSE,-2.1875213623046648,4.225160089037553,82.375,97.5625,0.12306295179891119,-0.003597010470574702,FALSE,FALSE,0,-5.572754212249797
0-4 km,3467,KCRW,KCRW,CRW,Yeager Airport,medium_airport,54039,Kanawha,2020-03-01,0.0032,3,1,FALSE,10.566654459635439,3.87742144131123,85.08333333333333,96.47083333333333,-0.5392451255758176,-0.40615862548326576,FALSE,FALSE,0,-5.472670753692814
0-4 km,3467,KCRW,KCRW,CRW,Yeager Airport,medium_airport,54039,Kanawha,2020-04-01,0.00475,2,1,FALSE,12.787469482421898,1.3527529460680752,79.75,95.39375,-0.2733360531177782,-0.391998754078455,FALSE,FALSE,0,-5.158555424172878
0-4 km,3467,KCRW,KCRW,CRW,Yeager Airport,medium_airport,54039,Kanawha,2020-05-01,0.0044,3,1,FALSE,18.350010172526066,4.702456843153864,86.91666666666667,96.51166666666667,-0.29796307943175737,-0.8780305652567705,FALSE,FALSE,0,-5.221356325411908
0-4 km,3467,KCRW,KCRW,CRW,Yeager Airport,medium_airport,54039,Kanawha,2020-06-01,0.01185,2,1,FALSE,20.23749694824221,3.3695181125678233,85.5,96.50375,0.9654830885152583,-0.017312852994936234,FALSE,FALSE,0,-4.354411467640908
0-4 km,3467,KCRW,KCRW,CRW,Yeager Airport,medium_airport,54039,Kanawha,2020-07-01,0.0030666666666666668,3,1,FALSE,22.591658528645855,2.362806177213967,85.08333333333333,96.47833333333334,-0.010171531034881767,0.3991551220754795,FALSE,FALSE,0,-5.504931615911036
0-4 km,3467,KCRW,KCRW,CRW,Yeager Airport,medium_airport,54039,Kanawha,2020-08-01,0.0037333333333333333,3,1,FALSE,20.516646321614605,4.968533307200573,93.25,96.29666666666667,-0.43797574471442846,-0.18623550529528135,FALSE,FALSE,0,-5.353125603043032
0-4 km,3467,KCRW,KCRW,CRW,Yeager Airport,medium_airport,54039,Kanawha,2020-09-01,0.0035499999999999998,2,1,FALSE,19.725000000000023,3.1843317828741178,78,96.60375,-0.040142069588337825,-0.38682586406193775,FALSE,FALSE,0,-5.392628046019278
0-4 km,3467,KCRW,KCRW,CRW,Yeager Airport,medium_airport,54039,Kanawha,2020-10-01,0.0018,2,1,FALSE,11.762506103515648,5.67181190280401,79.875,96.38624999999999,-0.22190881727259176,0.24538154137152662,FALSE,FALSE,0,-5.8781358618009785
0-4 km,3467,KCRW,KCRW,CRW,Yeager Airport,medium_airport,54039,Kanawha,2020-11-01,0.0013,2,1,FALSE,12.212487792968773,4.400693690549785,91.75,96.59625,0.47542199297658055,-0.3074995180792792,FALSE,FALSE,0,-6.074846156047033
0-4 km,3467,KCRW,KCRW,CRW,Yeager Airport,medium_airport,54039,Kanawha,2020-12-01,0.003266666666666667,3,1,FALSE,0.9249715169271061,4.512627058003883,92.33333333333333,96.66583333333334,-0.31969112944806466,0.23273102251634628,FALSE,FALSE,0,-5.456922396724675
0-4 km,3467,KCRW,KCRW,CRW,Yeager Airport,medium_airport,54039,Kanawha,2021-01-01,0.00325,2,1,FALSE,-0.8625091552734148,2.74395147473288,85.875,96.54625,-0.24361493321824684,0.5890869749106231,FALSE,FALSE,0,-5.4608362960458114
0-4 km,3467,KCRW,KCRW,CRW,Yeager Airport,medium_airport,54039,Kanawha,2021-02-01,0.0019666666666666665,3,1,FALSE,0.03331909179689774,4.065148822705102,94,96.41083333333333,0.03639820120031945,0.30409056168057275,FALSE,FALSE,0,-5.820316290912153
0-4 km,3467,KCRW,KCRW,CRW,Yeager Airport,medium_airport,54039,Kanawha,2021-03-01,0.0074,2,1,FALSE,11.874993896484398,6.251477584736801,73.75,96.97749999999999,-0.7311907731367153,-0.6794386150769496,FALSE,FALSE,0,-4.779523573132869
0-4 km,3467,KCRW,KCRW,CRW,Yeager Airport,medium_airport,54039,Kanawha,2021-04-01,0.004066666666666666,3,1,FALSE,12.216648356119814,4.398261749806371,73.08333333333333,96.51833333333333,0.35573664883940787,-0.028956173035896204,FALSE,FALSE,0,-5.285072139798016
0-4 km,3467,KCRW,KCRW,CRW,Yeager Airport,medium_airport,54039,Kanawha,2021-05-01,0.0030499999999999998,2,1,FALSE,17.712503051757835,5.055038673626873,69.25,96.9075,-0.978939240359037,0.031122105900216704,FALSE,FALSE,0,-5.509038397863689
0-4 km,3467,KCRW,KCRW,CRW,Yeager Airport,medium_airport,54039,Kanawha,2021-06-01,0.0020666666666666667,3,1,FALSE,20.96667887369794,5.257720977493948,81.83333333333333,96.4575,0.46471249610229715,-0.2651574818911558,FALSE,FALSE,0,-5.787164083595252
0-4 km,3467,KCRW,KCRW,CRW,Yeager Airport,medium_airport,54039,Kanawha,2021-07-01,0.0044,2,1,FALSE,22.62500915527346,2.6481211501829383,85.25,96.3925,0.051148913773296445,0.15422380125791607,FALSE,FALSE,0,-5.221356325411908
0-4 km,3467,KCRW,KCRW,CRW,Yeager Airport,medium_airport,54039,Kanawha,2021-08-01,0.0019,3,1,FALSE,22.591658528645855,3.7796721855023843,85.91666666666667,96.7325,-0.24069103459421948,0.08290293803852493,FALSE,FALSE,0,-5.843044541989709
0-4 km,3467,KCRW,KCRW,CRW,Yeager Airport,medium_airport,54039,Kanawha,2021-09-01,0.0021000000000000003,2,1,FALSE,23.062493896484398,1.7467151808763175,70.375,96.5975,-0.7592138762831053,0.2403147302097838,FALSE,FALSE,0,-5.7763531674910364
0-4 km,3467,KCRW,KCRW,CRW,Yeager Airport,medium_airport,54039,Kanawha,2021-10-01,0.0034000000000000002,3,1,FALSE,17.874983723958355,4.107684983523321,70,96.5525,0.02621644548501637,-0.35105723076863365,FALSE,FALSE,0,-5.426150738057921
0-4 km,3467,KCRW,KCRW,CRW,Yeager Airport,medium_airport,54039,Kanawha,2021-11-01,0.0029666666666666665,3,1,FALSE,5.799971516927106,2.5923857135483286,68,96.83,-0.1871861421664138,-0.38303051049267584,FALSE,FALSE,0,-5.529829167532763
0-4 km,3467,KCRW,KCRW,CRW,Yeager Airport,medium_airport,54039,Kanawha,2021-12-01,0.0024000000000000002,2,1,FALSE,4.337503051757835,4.455836363013936,73.125,96.66375,-0.1650094432857066,0.022637323211214755,FALSE,FALSE,0,-5.683979847360021
0-4 km,3467,KCRW,KCRW,CRW,Yeager Airport,medium_airport,54039,Kanawha,2022-01-01,0.0029333333333333334,3,1,FALSE,-3.5333516438801857,6.125221382361515,86,95.79916666666666,0.0904646956195192,0.2965254176580269,TRUE,FALSE,0,-5.538268036178628
0-4 km,3467,KCRW,KCRW,CRW,Yeager Airport,medium_airport,54039,Kanawha,2022-02-01,0.0033,2,1,FALSE,7.774987792968773,6.612150491825861,81.75,96.435,-0.6709772306305334,-0.6528188113814729,TRUE,FALSE,0,-5.44914025628262
0-4 km,3467,KCRW,KCRW,CRW,Yeager Airport,medium_airport,54039,Kanawha,2022-03-01,0.004266666666666667,3,1,FALSE,13.308323160807314,5.2358103646673095,80.33333333333333,96.44166666666666,0.20755343144775734,-0.9423036654156927,TRUE,FALSE,0,-5.246357627617326
0-4 km,3467,KCRW,KCRW,CRW,Yeager Airport,medium_airport,54039,Kanawha,2022-04-01,0.00545,2,1,FALSE,14.587503051757835,4.492470827939292,81.625,96.76249999999999,-0.5279212057587959,-0.7609169648614608,TRUE,FALSE,0,-5.043675148174456
0-4 km,3467,KCRW,KCRW,CRW,Yeager Airport,medium_airport,54039,Kanawha,2022-05-01,0.0035666666666666668,3,1,FALSE,17.22498982747398,3.306595263593737,77.41666666666667,96.38416666666666,0.8971992571478441,0.005275170389222854,TRUE,FALSE,0,-5.388971734816168
0-4 km,3467,KCRW,KCRW,CRW,Yeager Airport,medium_airport,54039,Kanawha,2022-06-01,0.0033,2,1,FALSE,21.187493896484398,2.143947218821868,66.5,96.4475,-0.6466034115999713,0.705507216882939,TRUE,FALSE,0,-5.44914025628262
0-4 km,3467,KCRW,KCRW,CRW,Yeager Airport,medium_airport,54039,Kanawha,2022-07-01,0.0024666666666666665,3,1,FALSE,23.616672770182316,1.876888831276977,85.25,96.64416666666666,-0.2041792480002065,-0.17197493172935654,TRUE,FALSE,0,-5.66456176150292
0-4 km,3467,KCRW,KCRW,CRW,Yeager Airport,medium_airport,54039,Kanawha,2022-08-01,0.0025,2,1,FALSE,23.112512207031273,4.125704721358778,90,96.59,-0.06138098001428727,-0.7811049637820721,TRUE,FALSE,0,-5.654992310486769
0-4 km,3467,KCRW,KCRW,CRW,Yeager Airport,medium_airport,54039,Kanawha,2022-09-01,0.004166666666666667,3,1,FALSE,18.516656494140648,2.628203198387358,77.58333333333333,96.39416666666666,-0.14750649833451543,0.1628765559226076,TRUE,FALSE,0,-5.265527543725046
0-4 km,3467,KCRW,KCRW,CRW,Yeager Airport,medium_airport,54039,Kanawha,2022-10-01,0.0027,2,1,FALSE,7.350000000000023,4.255384450030052,59.625,96.7775,-0.10943395285670834,-0.08456281195341159,TRUE,FALSE,0,-5.599422459331958
0-4 km,3467,KCRW,KCRW,CRW,Yeager Airport,medium_airport,54039,Kanawha,2022-11-01,0.0028666666666666667,3,1,FALSE,7.600000000000023,3.665819533218498,83.41666666666667,96.67416666666666,-0.835662993485659,0.2780288512717313,TRUE,FALSE,0,-5.555362469537927
0-4 km,3467,KCRW,KCRW,CRW,Yeager Airport,medium_airport,54039,Kanawha,2022-12-01,0.008966666666666666,3,1,FALSE,7.058323160807315,5.281205698202844,89.25,96.8125,-0.07648920209693964,-0.32585376242011305,TRUE,FALSE,0,-4.608509087253606
0-4 km,3467,KCRW,KCRW,CRW,Yeager Airport,medium_airport,54039,Kanawha,2023-01-01,0.00285,2,1,FALSE,5.28748474121096,5.7605104914064285,90.25,96.46000000000001,-0.8478345790405195,-0.24671964620457926,TRUE,FALSE,0,-5.559682130682444
0-4 km,3467,KCRW,KCRW,CRW,Yeager Airport,medium_airport,54039,Kanawha,2023-02-01,0.0029,2,1,FALSE,5.824975585937523,3.8551186918212297,81.5,96.50125,-0.5994320603270955,-0.09592443412180318,TRUE,FALSE,0,-5.546778725846536
0-4 km,3467,KCRW,KCRW,CRW,Yeager Airport,medium_airport,54039,Kanawha,2023-03-01,0.004,3,1,FALSE,9.016656494140648,3.9857004288266213,91.5,95.83,0.6352552766363381,-0.278252008266081,TRUE,FALSE,0,-5.298317366548036
0-4 km,3467,KCRW,KCRW,CRW,Yeager Airport,medium_airport,54039,Kanawha,2023-04-01,0.005733333333333333,3,1,FALSE,13.974989827473982,2.6398289996510487,79.66666666666667,95.89416666666666,-0.3537587240821099,0.20893078997060438,TRUE,FALSE,0,-5.000684963243088
0-4 km,3467,KCRW,KCRW,CRW,Yeager Airport,medium_airport,54039,Kanawha,2023-05-01,0.0131,2,1,FALSE,18.23749694824221,5.143158239080094,78.5,96.6825,-0.6882874281328446,-0.4737088148319335,TRUE,FALSE,0,-4.261580481598014
0-4 km,3467,KCRW,KCRW,CRW,Yeager Airport,medium_airport,54039,Kanawha,2023-06-01,0.006866666666666667,3,1,FALSE,20.216648356119816,3.804265842347275,77.25,96.21249999999999,0.8242881123912913,0.3952994764532282,TRUE,FALSE,0,-4.845120855618682
0-4 km,3467,KCRW,KCRW,CRW,Yeager Airport,medium_airport,54039,Kanawha,2023-07-01,0.030500000000000003,2,1,FALSE,22.23749694824221,2.72857719758764,69.75,96.3125,-0.9397142478369376,0.0461979345541689,TRUE,FALSE,0,-3.4577677331505496
0-4 km,3467,KCRW,KCRW,CRW,Yeager Airport,medium_airport,54039,Kanawha,2023-08-01,0.0276,2,1,FALSE,20.524987792968773,5.577696681969144,84.875,96.29875,-0.9136379858046093,0.3733031473476185,TRUE,FALSE,0,-3.55434856115633
0-4 km,3467,KCRW,KCRW,CRW,Yeager Airport,medium_airport,54039,Kanawha,2023-09-01,0.004,2,1,FALSE,19.962487792968773,1.8205005648674901,77,96.71125,0.45939017943612714,-0.0874553030506483,TRUE,FALSE,0,-5.298317366548036
0-4 km,3467,KCRW,KCRW,CRW,Yeager Airport,medium_airport,54039,Kanawha,2023-10-01,0.003266666666666667,3,1,FALSE,16.95832722981773,7.095784749177332,72.83333333333333,96.51416666666667,-0.6702472771582944,-0.019236430189923465,TRUE,FALSE,0,-5.456922396724675
0-4 km,3467,KCRW,KCRW,CRW,Yeager Airport,medium_airport,54039,Kanawha,2023-11-01,0.0049,2,1,FALSE,12.174981689453148,2.3594022715215295,64.875,96.43875,-0.6825814058934314,-0.5671960053545483,TRUE,FALSE,0,-5.132802928070463
0-4 km,3467,KCRW,KCRW,CRW,Yeager Airport,medium_airport,54039,Kanawha,2023-12-01,0.0041,3,1,FALSE,9.041650390625023,5.744438205754978,80.83333333333333,97.05333333333334,-0.6653104671809313,0.007444863550662244,TRUE,FALSE,0,-5.2785147392518565
0-4 km,3474,KCXL,KCXL,CXL,Calexico International Airport,small_airport,06025,Imperial,2016-01-01,0.005366666666666667,3,1,FALSE,10.816634114583357,3.6541888896552113,47.75,98.41,-0.5990495002480142,0.7877903119224174,FALSE,FALSE,0,-5.056679232597663
0-4 km,3474,KCXL,KCXL,CXL,Calexico International Airport,small_airport,06025,Imperial,2016-02-01,0.0024,2,1,FALSE,15.97498474121096,3.2484544313887844,35,98.58875,0.028762509201468462,0.9962416483626213,FALSE,FALSE,0,-5.683979847360021
0-4 km,3474,KCXL,KCXL,CXL,Calexico International Airport,small_airport,06025,Imperial,2016-03-01,0.012,3,1,FALSE,16.183333333333355,4.302528304417663,47.833333333333336,98.25666666666666,-0.36169030471696967,0.13014440523374238,FALSE,FALSE,0,-4.3428059215206005
0-4 km,3474,KCXL,KCXL,CXL,Calexico International Airport,small_airport,06025,Imperial,2016-04-01,0.008433333333333334,3,1,FALSE,20.791670735677105,4.06398577957583,40.583333333333336,98.0225,-0.5169750568525474,0.4072250749980784,FALSE,FALSE,0,-4.663505763001055
0-4 km,3474,KCXL,KCXL,CXL,Calexico International Airport,small_airport,06025,Imperial,2016-05-01,0.04,1,1,FALSE,23.899987792968773,1.7720038742213777,41,97.9775,-0.28216642597336444,0.9593654715766134,FALSE,FALSE,0,-3.1941832122778293
0-4 km,3474,KCXL,KCXL,CXL,Calexico International Airport,small_airport,06025,Imperial,2016-06-01,0.0139,2,1,FALSE,34.01250610351565,3.164029609263147,25.875,97.64,-0.06315369884497174,0.10066533147629847,FALSE,FALSE,0,-4.2063940660307235
0-4 km,3474,KCXL,KCXL,CXL,Calexico International Airport,small_airport,06025,Imperial,2016-07-01,0.026099999999999998,2,1,FALSE,30.950006103515648,3.5933425326303663,31.25,97.5875,-0.7077375734302884,-0.6740793978274018,FALSE,FALSE,0,-3.6082215510964817
0-4 km,3474,KCXL,KCXL,CXL,Calexico International Airport,small_airport,06025,Imperial,2016-08-01,0.034633333333333335,3,1,FALSE,29.19166463216148,2.5824799760490578,41.75,97.7375,-0.396528741591663,0.04391957108797775,FALSE,FALSE,0,-3.334473749619247
0-4 km,3474,KCXL,KCXL,CXL,Calexico International Airport,small_airport,06025,Imperial,2016-09-01,0.0087,2,1,FALSE,26.399987792968773,5.338918085803305,44.5,97.90375,-0.8572020950669039,-0.2717826010792397,FALSE,FALSE,0,-4.6356293934728
0-4 km,3474,KCXL,KCXL,CXL,Calexico International Airport,small_airport,06025,Imperial,2016-10-01,0.015533333333333333,3,1,FALSE,22.449995930989605,1.4405809410465662,45.583333333333336,97.9275,-0.513541353404728,0.1327812044493287,FALSE,FALSE,0,-4.102376733919365
0-4 km,3474,KCXL,KCXL,CXL,Calexico International Airport,small_airport,06025,Imperial,2016-11-01,0.0296,2,1,FALSE,21.924981689453148,5.2024746343273804,29.75,98.18375,-0.8135075187607808,0.5090772394280787,FALSE,FALSE,0,-3.486755270023802
0-4 km,3474,KCXL,KCXL,CXL,Calexico International Airport,small_airport,06025,Imperial,2016-12-01,0.014266666666666667,3,1,FALSE,13.541660563151064,3.1396713052694327,51.5,98.30833333333334,-0.6568954056160389,-0.07774923429117153,FALSE,FALSE,0,-4.182083476530107
0-4 km,3474,KCXL,KCXL,CXL,Calexico International Airport,small_airport,06025,Imperial,2017-01-01,0.008733333333333333,3,1,FALSE,13.449985758463564,2.630045341579679,56.75,98.46916666666667,0.08890337818307081,0.37893835029186423,FALSE,FALSE,0,-4.632198858376011
0-4 km,3474,KCXL,KCXL,CXL,Calexico International Airport,small_airport,06025,Imperial,2017-02-01,0.0014,1,1,FALSE,14.475000000000023,2.572084359956622,67.5,98.2025,0.4665477020761303,0.8844960382542606,FALSE,FALSE,0,-6.032286541628237
0-4 km,3474,KCXL,KCXL,CXL,Calexico International Airport,small_airport,06025,Imperial,2017-03-01,0.010033333333333333,3,1,FALSE,17.874993896484398,5.766927607411715,55.833333333333336,98.14833333333334,-0.9916726353109389,0.09863661410414055,FALSE,FALSE,0,-4.50683428526723
0-4 km,3474,KCXL,KCXL,CXL,Calexico International Airport,small_airport,06025,Imperial,2017-05-01,0.0057,3,1,FALSE,20.17500203450523,4.521024786499247,41.333333333333336,97.6125,-0.09315563571339007,-0.11942161909691329,FALSE,FALSE,0,-5.005647752585217
0-4 km,3474,KCXL,KCXL,CXL,Calexico International Airport,small_airport,06025,Imperial,2017-06-01,0.029650000000000003,2,1,FALSE,24.600000000000023,1.7713518011828673,43.875,97.69874999999999,-0.2528667098295328,-0.3971413400372464,FALSE,FALSE,0,-3.4851226165999165
0-4 km,3474,KCXL,KCXL,CXL,Calexico International Airport,small_airport,06025,Imperial,2017-07-01,0.035333333333333335,3,1,FALSE,27.324995930989605,2.841382096557187,50.083333333333336,97.965,0.03712592444982791,-0.6341429751619417,FALSE,FALSE,0,-3.315019685421103
0-4 km,3474,KCXL,KCXL,CXL,Calexico International Airport,small_airport,06025,Imperial,2017-08-01,0.00885,2,1,FALSE,28.237481689453148,3.851462643806141,40.875,97.79375,-0.8470835949428079,-0.5032139386532231,FALSE,FALSE,0,-4.62028382379814
0-4 km,3474,KCXL,KCXL,CXL,Calexico International Airport,small_airport,06025,Imperial,2017-09-01,0.00465,2,1,FALSE,24.087503051757835,3.1998507107217673,60.5,97.81125,-0.1760122431041226,-0.6342397800348283,FALSE,FALSE,0,-5.176099733823787
0-4 km,3474,KCXL,KCXL,CXL,Calexico International Airport,small_airport,06025,Imperial,2017-10-01,0.004366666666666666,3,1,FALSE,21.374983723958355,3.5061963911017378,35.333333333333336,97.95083333333334,0.010275286425773723,0.31737166322398785,FALSE,FALSE,0,-5.22754829565983
0-4 km,3474,KCXL,KCXL,CXL,Calexico International Airport,small_airport,06025,Imperial,2017-11-01,0.033166666666666664,3,1,FALSE,21.141656494140648,1.7964826651439028,45.083333333333336,98.0925,-0.8167661137327785,0.5193719186488591,FALSE,FALSE,0,-3.3765047690717838
0-4 km,3474,KCXL,KCXL,CXL,Calexico International Airport,small_airport,06025,Imperial,2017-12-01,0.02085,2,1,FALSE,12.537469482421898,3.449994175920069,35.625,98.55625,-0.4927073574234167,0.8695930467256601,FALSE,FALSE,0,-3.8235543574405377
0-4 km,3474,KCXL,KCXL,CXL,Calexico International Airport,small_airport,06025,Imperial,2018-01-01,0.004353333333333333,3,1,FALSE,17.98334147135419,3.869556500029037,32,98.51833333333333,-0.28430947186820077,0.8968340502877693,FALSE,FALSE,0,-5.230035859131631
0-4 km,3474,KCXL,KCXL,CXL,Calexico International Airport,small_airport,06025,Imperial,2018-02-01,0.00716,2,1,FALSE,15.887490844726585,4.389621817023874,46.75,98.13625,-0.0784048750342613,-0.05758431191627189,FALSE,FALSE,0,-4.808511110006122
0-4 km,3474,KCXL,KCXL,CXL,Calexico International Airport,small_airport,06025,Imperial,2018-03-01,0.004036666666666667,3,1,FALSE,14.225000000000023,2.597857038361001,58.75,98.1575,0.9212762470436991,-0.16240776267162235,FALSE,FALSE,0,-5.291010791365599
0-4 km,3474,KCXL,KCXL,CXL,Calexico International Airport,small_airport,06025,Imperial,2018-04-01,0.0063750000000000005,2,1,FALSE,22.274987792968773,4.141846629922167,50.75,97.8775,0.9556940061728691,-0.0779142638996176,FALSE,FALSE,0,-4.909659376756253
0-4 km,3474,KCXL,KCXL,CXL,Calexico International Airport,small_airport,06025,Imperial,2018-05-01,0.010616666666666667,3,1,FALSE,18.891656494140648,2.9299994535516722,54.25,97.77166666666666,-0.847477080335328,-0.2721971815789183,FALSE,FALSE,0,-4.455314430443714
0-4 km,3474,KCXL,KCXL,CXL,Calexico International Airport,small_airport,06025,Imperial,2018-06-01,0.012140000000000001,2,1,FALSE,23.749993896484398,2.670238743708823,42.875,97.71000000000001,-0.12621216104696759,-0.38650155629967964,FALSE,FALSE,0,-4.332094265925672
0-4 km,3474,KCXL,KCXL,CXL,Calexico International Airport,small_airport,06025,Imperial,2018-07-01,0.026099999999999998,2,1,FALSE,30.249993896484398,7.422025405785005,44,97.91,-0.10087894281875603,-0.3467280839227287,FALSE,FALSE,0,-3.6082215510964817
0-4 km,3474,KCXL,KCXL,CXL,Calexico International Airport,small_airport,06025,Imperial,2018-08-01,0.011559999999999999,3,1,FALSE,29.308323160807316,2.269429191190787,41.583333333333336,97.86,-0.15636518645336417,-0.40978843636327067,FALSE,FALSE,0,-4.377238117942085
0-4 km,3474,KCXL,KCXL,CXL,Calexico International Airport,small_airport,06025,Imperial,2018-11-01,0.0317,1,1,FALSE,17.649987792968773,0.9384167261333195,53.5,98.5,0.7459372457728578,-0.6660162350639833,FALSE,FALSE,0,-3.4203802010789293
0-4 km,3474,KCXL,KCXL,CXL,Calexico International Airport,small_airport,06025,Imperial,2018-12-01,0.00574,2,1,FALSE,13.937493896484398,3.9564733574828574,29.625,98.42375,-0.9159891586118265,0.35625510155458373,FALSE,FALSE,0,-4.999695354057922
0-4 km,3474,KCXL,KCXL,CXL,Calexico International Airport,small_airport,06025,Imperial,2019-02-01,0.02410333333333333,3,1,FALSE,14.224989827473982,2.741667705531771,52.666666666666664,98.22166666666666,-0.13144851645682565,-0.15330362651841087,FALSE,FALSE,0,-3.6847546395369863
0-4 km,3474,KCXL,KCXL,CXL,Calexico International Airport,small_airport,06025,Imperial,2019-03-01,0.00152,1,1,FALSE,11.749963378906273,4.019951562732401,52,97.895,-0.9950372207451758,0.09950341366865999,FALSE,FALSE,0,-5.983496377458805
0-4 km,3474,KCXL,KCXL,CXL,Calexico International Airport,small_airport,06025,Imperial,2019-05-01,0.01987,2,1,FALSE,20.587487792968773,2.1734161121767266,51.125,97.75625,-0.3806225769051537,-0.8242332184212925,FALSE,FALSE,0,-3.8694425578930276
0-4 km,3474,KCXL,KCXL,CXL,Calexico International Airport,small_airport,06025,Imperial,2019-06-01,0.0143,3,1,FALSE,22.108321126302105,1.4850285731800519,47.666666666666664,97.59916666666666,0.14780036628964535,-0.6567047939081886,FALSE,FALSE,0,-4.179902450583747
0-4 km,3474,KCXL,KCXL,CXL,Calexico International Airport,small_airport,06025,Imperial,2019-07-01,0.024800000000000003,2,1,FALSE,25.975000000000023,3.8254653651897184,36.625,97.8,-0.9197764099409453,-0.388677157254467,FALSE,FALSE,0,-3.6573807870545654
0-4 km,3474,KCXL,KCXL,CXL,Calexico International Airport,small_airport,06025,Imperial,2019-08-01,0.031166666666666665,3,1,FALSE,28.524987792968773,3.0230687276209043,45.25,97.93,-0.9793949544017387,0.011814316915635031,FALSE,FALSE,0,-3.4368245593053066
0-4 km,3474,KCXL,KCXL,CXL,Calexico International Airport,small_airport,06025,Imperial,2019-09-01,0.009486666666666668,3,1,FALSE,25.758335367838566,3.902711308696334,44.75,97.77833333333334,-0.9995291590476088,0.02312850388152339,FALSE,FALSE,0,-4.557650670020115
0-4 km,3474,KCXL,KCXL,CXL,Calexico International Airport,small_airport,06025,Imperial,2019-10-01,0.004235,2,1,FALSE,23.075006103515648,4.601504963260599,26.375,97.80250000000001,-0.6584449920755795,0.6785894452525899,FALSE,FALSE,0,-5.252388434659637
0-4 km,3474,KCXL,KCXL,CXL,Calexico International Airport,small_airport,06025,Imperial,2019-11-01,0.00699,3,1,FALSE,16.924971516927105,4.769324597250293,52.666666666666664,97.765,-0.4842470973339094,0.17978789919998947,FALSE,FALSE,0,-4.829564519203954
0-4 km,3474,KCXL,KCXL,CXL,Calexico International Airport,small_airport,06025,Imperial,2019-12-01,0.00506,2,1,FALSE,16.174981689453148,5.035511745113751,51.375,98.245,-0.32690382474580104,-0.2564175596572709,FALSE,FALSE,0,-5.1060454789009135
0-4 km,3474,KCXL,KCXL,CXL,Calexico International Airport,small_airport,06025,Imperial,2020-01-01,0.014253333333333333,3,1,FALSE,14.558312988281273,4.060848900230354,44.166666666666664,98.64333333333333,0.8347427613076065,0.49855442313080367,FALSE,FALSE,0,-4.182957220578705
0-4 km,3474,KCXL,KCXL,CXL,Calexico International Airport,small_airport,06025,Imperial,2020-02-01,0.004945000000000001,2,1,FALSE,17.92499694824221,2.42575519495912,41.875,98.04875000000001,-0.2782243336492106,0.1452287332274958,FALSE,FALSE,0,-5.1252047488393915
0-4 km,3474,KCXL,KCXL,CXL,Calexico International Airport,small_airport,06025,Imperial,2020-03-01,0.00998,2,1,FALSE,16.34998474121096,1.562690476271979,53.375,98.21000000000001,0.95899868063979965,-0.2829603034044992,FALSE,FALSE,0,-4.511679842900753
0-4 km,3474,KCXL,KCXL,CXL,Calexico International Airport,small_airport,06025,Imperial,2021-04-01,0.0018166666666666667,3,1,FALSE,18.59998982747398,2.375462192314802,44.25,97.99833333333333,0.38860822120344257,0.6269701020391608,FALSE,FALSE,0,-5.872201126281164
0-4 km,3474,KCXL,KCXL,CXL,Calexico International Airport,small_airport,06025,Imperial,2021-05-01,0.0019950000000000002,2,1,FALSE,17.699990844726585,2.957261155394802,49.5,97.8575,0.8531065392176838,-0.4523027616275378,FALSE,FALSE,0,-5.810811047414724
0-4 km,3474,KCXL,KCXL,CXL,Calexico International Airport,small_airport,06025,Imperial,2021-06-01,0.013266666666666666,3,1,FALSE,28.733331298828148,3.0157503945620467,33.333333333333336,97.47166666666666,-0.6651650861933694,-0.19170936887594994,FALSE,FALSE,0,-4.249829465062495
0-4 km,3474,KCXL,KCXL,CXL,Calexico International Airport,small_airport,06025,Imperial,2021-07-01,0.0177,2,1,FALSE,30.812493896484398,1.2405305612890534,40.75,97.62125,-0.03402235821184607,0.7750745578165184,FALSE,FALSE,0,-3.979231755121596
0-4 km,3474,KCXL,KCXL,CXL,Calexico International Airport,small_airport,06025,Imperial,2021-08-01,0.0021433333333333335,3,1,FALSE,30.241662597656273,1.469694420764179,41.083333333333336,97.95916666666666,0.08203460300365832,0.8806970651966572,FALSE,FALSE,0,-5.762471471004881
0-4 km,3474,KCXL,KCXL,CXL,Calexico International Airport,small_airport,06025,Imperial,2021-09-01,0.016055,2,1,FALSE,27.962503051757835,2.661923828692713,42.875,97.83375000000001,-0.6330420561961699,0.6744510724199102,FALSE,FALSE,0,-4.071311863111528
0-4 km,3474,KCXL,KCXL,CXL,Calexico International Airport,small_airport,06025,Imperial,2021-10-01,0.004183333333333333,3,1,FALSE,19.949985758463566,6.978203171925057,41.666666666666664,97.82583333333334,-0.6710377211569779,0.42066585753529445,FALSE,FALSE,0,-5.262306929025003
0-4 km,3474,KCXL,KCXL,CXL,Calexico International Airport,small_airport,06025,Imperial,2021-11-01,0.225545,2,1,FALSE,20.624993896484398,3.328754463412606,39.25,98.23125,-0.8623333771932646,0.42658464023154163,FALSE,FALSE,0,-1.4848116782957224
0-4 km,3474,KCXL,KCXL,CXL,Calexico International Airport,small_airport,06025,Imperial,2021-12-01,0.011176666666666666,3,1,FALSE,14.033319091796898,4.234264227537613,58.916666666666664,98.14666666666666,-0.2015624199854442,0.04908610269249131,FALSE,FALSE,0,-4.408233726843056
0-4 km,3474,KCXL,KCXL,CXL,Calexico International Airport,small_airport,06025,Imperial,2022-01-01,0.016443333333333334,3,1,FALSE,16.124983723958355,1.566252289672727,35.833333333333336,98.44416666666667,-0.7852803578047418,0.4236859863190448,TRUE,FALSE,0,-4.04879774726613
0-4 km,3474,KCXL,KCXL,CXL,Calexico International Airport,small_airport,06025,Imperial,2022-02-01,0.00352,2,1,FALSE,15.21247253417971,3.699052278683445,45.75,98.12125,0.12126760677131156,-0.014928756730223147,TRUE,FALSE,0,-5.399243285137997
0-4 km,3474,KCXL,KCXL,CXL,Calexico International Airport,small_airport,06025,Imperial,2022-03-01,0.008,3,1,FALSE,15.791660563151064,2.4201221038913387,51.583333333333336,98.27166666666668,-0.9300043410910633,-0.18069022993826056,TRUE,FALSE,0,-4.710530701645918
0-4 km,3474,KCXL,KCXL,CXL,Calexico International Airport,small_airport,06025,Imperial,2022-04-01,0.0076100000000000004,2,1,FALSE,16.387506103515648,3.553604838964307,58.375,97.87875,0.2250025226673758,-0.16837583513391707,TRUE,FALSE,0,-4.754830960542498
0-4 km,3474,KCXL,KCXL,CXL,Calexico International Airport,small_airport,06025,Imperial,2022-05-01,0.0038766666666666667,3,1,FALSE,21.075006103515648,3.5443233496629407,48.416666666666664,97.6825,-0.3901059479305302,-0.3985727651951067,TRUE,FALSE,0,-5.323293352618214
0-4 km,3474,KCXL,KCXL,CXL,Calexico International Airport,small_airport,06025,Imperial,2022-06-01,0.010920000000000001,2,1,FALSE,29.100000000000023,0.8134963069606258,33.5,97.71625,-0.8023887850053617,0.04001897472046295,TRUE,FALSE,0,-4.429537617344933
0-4 km,3474,KCXL,KCXL,CXL,Calexico International Airport,small_airport,06025,Imperial,2022-07-01,0.017153333333333333,3,1,FALSE,27.17499186197919,4.699094723817221,42.5,97.77833333333334,-0.9104469708262871,0.14457336322886205,TRUE,FALSE,0,-4.008901080404633
0-4 km,3474,KCXL,KCXL,CXL,Calexico International Airport,small_airport,06025,Imperial,2022-08-01,0.005435000000000001,2,1,FALSE,27.837487792968773,0.9963018620398287,50.25,97.9225,-0.32729929397320423,-0.636003874286138,TRUE,FALSE,0,-5.046003437934047
0-4 km,3474,KCXL,KCXL,CXL,Calexico International Airport,small_airport,06025,Imperial,2022-09-01,0.005706666666666666,3,1,FALSE,29.216658528645855,6.576789745548617,42.5,97.64416666666666,-0.6337601502359439,-0.07690088216293826,TRUE,FALSE,0,-5.004653222418709
0-4 km,3474,KCXL,KCXL,CXL,Calexico International Airport,small_airport,06025,Imperial,2022-10-01,0.006295,2,1,FALSE,25.337487792968773,2.0224500374410583,43.875,98.13624999999999,-0.5686473521334396,0.8220015735069994,TRUE,FALSE,0,-4.920566097007388
0-4 km,3474,KCXL,KCXL,CXL,Calexico International Airport,small_airport,06025,Imperial,2022-11-01,0.008663333333333334,3,1,FALSE,17.433323160807316,3.549944933474494,39.333333333333336,98.23916666666666,-0.4188049265928717,0.07253409413443065,TRUE,FALSE,0,-4.639416624716683
0-4 km,3474,KCXL,KCXL,CXL,Calexico International Airport,small_airport,06025,Imperial,2022-12-01,0.007015,2,1,FALSE,10.987512207031273,3.5312960808879272,60.875,98.22125,0.07655697983732768,0.2009136944413903,TRUE,FALSE,0,-4.826440492920621
0-4 km,3474,KCXL,KCXL,CXL,Calexico International Airport,small_airport,06025,Imperial,2023-01-01,0.00546,3,1,FALSE,12.608310953776064,4.005326108234845,55.75,98.6775,-0.3273402490186824,0.7086010357415926,TRUE,FALSE,0,-5.042125961187627
0-4 km,3474,KCXL,KCXL,CXL,Calexico International Airport,small_airport,06025,Imperial,2023-02-01,0.019465,2,1,FALSE,14.024987792968773,3.242161055041696,33.375,98.51875000000001,0.6657275274433374,0.6266492064082219,TRUE,FALSE,0,-3.889039169037771
0-4 km,3474,KCXL,KCXL,CXL,Calexico International Airport,small_airport,06025,Imperial,2023-03-01,0.0032533333333333333,3,1,FALSE,13.633335367838564,2.641636180239187,66,98.21666666666667,-0.4405013159832676,-0.21327514370975778,TRUE,FALSE,0,-5.4600522897336035
0-4 km,3474,KCXL,KCXL,CXL,Calexico International Airport,small_airport,06025,Imperial,2023-04-01,0.004823333333333333,3,1,FALSE,18.65832926432294,3.483334425343912,39.5,97.945,0.20081082462484168,0.08200864850864753,TRUE,FALSE,0,-5.145882443504282
0-4 km,3474,KCXL,KCXL,CXL,Calexico International Airport,small_airport,06025,Imperial,2023-05-01,0.00447,2,1,FALSE,20.699975585937523,1.9980124339151597,48.375,97.805,0.7247493182351519,-0.6844311854155534,TRUE,FALSE,0,-5.2084766625482475
0-4 km,3474,KCXL,KCXL,CXL,Calexico International Airport,small_airport,06025,Imperial,2023-06-01,0.0066033333333333335,3,1,FALSE,23.058323160807316,2.2919469985997223,45.166666666666664,97.68833333333333,-0.24215689636215568,-0.10257918812560973,TRUE,FALSE,0,-4.87916853135395
0-4 km,3474,KCXL,KCXL,CXL,Calexico International Airport,small_airport,06025,Imperial,2023-07-01,0.00938,2,1,FALSE,29.98749694824221,1.9101090605195492,36.375,97.7825,0.9671740234901265,0.011309648677514841,TRUE,FALSE,0,-4.567874401244395
0-4 km,3474,KCXL,KCXL,CXL,Calexico International Airport,small_airport,06025,Imperial,2023-08-01,0.0037333333333333333,3,1,FALSE,31.783319091796898,3.733808021950402,32.083333333333336,97.7225,-0.27855752433624664,0.1434830183508991,TRUE,FALSE,0,-5.353125603043032
0-4 km,3474,KCXL,KCXL,CXL,Calexico International Airport,small_airport,06025,Imperial,2023-09-01,0.005595,2,1,FALSE,26.624963378906273,2.7148833415069022,46.125,97.83875,-0.07937962709128893,0.18601806275063404,TRUE,FALSE,0,-5.0214434928128595
0-4 km,3474,KCXL,KCXL,CXL,Calexico International Airport,small_airport,06025,Imperial,2023-10-01,0.004633333333333333,3,1,FALSE,20.53332926432294,2.687995022754145,54.083333333333336,98.03333333333333,-0.5214994637746289,0.29830582048518467,TRUE,FALSE,0,-5.179053945721219
0-4 km,3474,KCXL,KCXL,CXL,Calexico International Airport,small_airport,06025,Imperial,2023-11-01,0.00255,2,1,FALSE,16.074990844726585,3.045115602700199,60,98.1825,-0.5020867104268523,0.7693695278616436,TRUE,FALSE,0,-5.640807675494813
0-4 km,3474,KCXL,KCXL,CXL,Calexico International Airport,small_airport,06025,Imperial,2023-12-01,0.008643333333333333,3,1,FALSE,11.366652425130232,2.7716785861895654,63.5,98.5175,0.6851412041506169,0.3241882767450426,TRUE,FALSE,0,-4.641488448662203
0-4 km,3474,KCXL,KCXL,CXL,Calexico International Airport,small_airport,06025,Imperial,2024-01-01,0.010353333333333334,3,1,FALSE,15.824995930989607,2.3686641472184573,59,98.185,-0.6125828884233774,-0.6357530483046427,TRUE,FALSE,0,-4.478243892415705
0-4 km,3474,KCXL,KCXL,CXL,Calexico International Airport,small_airport,06025,Imperial,2024-02-01,0.00234,2,1,FALSE,14.949990844726585,6.133439283601996,49.75,98.40875,-0.8384355900099094,0.5010604166960031,TRUE,FALSE,0,-5.701784471993528
0-4 km,3474,KCXL,KCXL,CXL,Calexico International Airport,small_airport,06025,Imperial,2024-03-01,0.003456666666666667,3,1,FALSE,14.791650390625023,2.9288801225438896,64.25,97.74583333333334,-0.07827506419117004,0.1422781208479635,TRUE,FALSE,0,-5.413354176536395
0-4 km,3474,KCXL,KCXL,CXL,Calexico International Airport,small_airport,06025,Imperial,2024-04-01,0.00822,2,1,FALSE,21.725000000000023,2.98957283293235,38.75,97.78125,0.07480064462025676,-0.2814295323309036,TRUE,FALSE,0,-4.686380241413635
0-4 km,3474,KCXL,KCXL,CXL,Calexico International Airport,small_airport,06025,Imperial,2024-05-01,0.00545,3,1,FALSE,19.65833943684898,3.2603969532152273,50.416666666666664,97.86416666666666,0.3223839977504297,0.07384030421873328,TRUE,FALSE,0,-5.043675148174456
0-4 km,3474,KCXL,KCXL,CXL,Calexico International Airport,small_airport,06025,Imperial,2024-06-01,0.007005,2,1,FALSE,26.799981689453148,1.350774636998218,45.375,97.67125,0.3964373781315616,0.3916388563885419,TRUE,FALSE,0,-4.827688932533459
0-4 km,3474,KCXL,KCXL,CXL,Calexico International Airport,small_airport,06025,Imperial,2024-07-01,0.021173333333333332,3,1,FALSE,27.933312988281273,2.4720983203337754,41.75,97.77666666666667,0.3251806155231473,-0.013114715746882777,TRUE,FALSE,0,-3.80886491332552
0-4 km,3474,KCXL,KCXL,CXL,Calexico International Airport,small_airport,06025,Imperial,2024-08-01,0.012450000000000001,2,1,FALSE,29.824975585937523,2.4253879542554175,45.5,97.78999999999999,0.3067678245990809,-0.2305335018660727,TRUE,FALSE,0,-4.308776172934289
0-4 km,3474,KCXL,KCXL,CXL,Calexico International Airport,small_airport,06025,Imperial,2024-09-01,0.008576666666666666,3,1,FALSE,25.491672770182316,2.523790131268684,50.25,97.64833333333334,-0.07680521723317792,0.32020086856389496,TRUE,FALSE,0,-4.648425694659048
0-4 km,3474,KCXL,KCXL,CXL,Calexico International Airport,small_airport,06025,Imperial,2024-10-01,0.01193,2,1,FALSE,23.575006103515648,3.592852348343966,31.5,98.07249999999999,-0.26489751772096104,0.7288099704125839,TRUE,FALSE,0,-4.348205086198371
0-4 km,3474,KCXL,KCXL,CXL,Calexico International Airport,small_airport,06025,Imperial,2024-11-01,0.020776666666666666,3,1,FALSE,17.84998982747398,1.9772048991996105,40.25,98.15416666666667,0.5526485820665131,0.27023708143489894,TRUE,FALSE,0,-3.826916218797588
0-4 km,3474,KCXL,KCXL,CXL,Calexico International Airport,small_airport,06025,Imperial,2024-12-01,0.0173,2,1,FALSE,17.78748474121096,1.6105262424395388,33.875,98.4625,-0.7068286868888332,0.5694006985572215,TRUE,FALSE,0,-4.000854219134761
0-4 km,3644,KLGB,KLGB,LGB,Long Beach International Airport,large_airport,06037,Los Angeles,2016-01-01,0.0075,2,1,FALSE,10.012490844726585,3.0252725761944763,60,92.4875,-0.7293622001799183,0.6835890079298333,FALSE,FALSE,0,-4.767689115485866
0-4 km,3644,KLGB,KLGB,LGB,Long Beach International Airport,large_airport,06037,Los Angeles,2016-02-01,0.0062,5,1,FALSE,11.379986572265647,1.9092580792698788,48.65,92.20400000000001,0.10400293362451624,0.1380850925916515,FALSE,FALSE,0,-4.933674252960127
0-4 km,3644,KLGB,KLGB,LGB,Long Beach International Airport,large_airport,06037,Los Angeles,2016-03-01,0.003,5,1,FALSE,11.774987792968773,3.515726126853531,60.9,91.759,0.1753981814882826,0.10043028588314641,FALSE,FALSE,0,-5.521460917862246
0-4 km,3644,KLGB,KLGB,LGB,Long Beach International Airport,large_airport,06037,Los Angeles,2016-04-01,0.0046,5,1,FALSE,16.339990234375023,3.127211202280994,49.5,91.79599999999999,-0.5548055588610096,-0.05097484157062045,FALSE,FALSE,0,-5.184988681241033
0-4 km,3644,KLGB,KLGB,LGB,Long Beach International Airport,large_airport,06037,Los Angeles,2016-05-01,0.0032500000000000003,4,1,FALSE,16.012490844726585,3.6157612797913545,56.75,91.54375,-0.16068535917773963,-0.2814501539907584,FALSE,FALSE,0,-5.4608362960458114
0-4 km,3644,KLGB,KLGB,LGB,Long Beach International Airport,large_airport,06037,Los Angeles,2016-06-01,0.0034000000000000002,5,1,FALSE,22.904992675781273,2.969626003382502,38.35,91.6925,0.5084951739618467,-0.6648596110803534,FALSE,FALSE,0,-5.426150738057921
0-4 km,3644,KLGB,KLGB,LGB,Long Beach International Airport,large_airport,06037,Los Angeles,2016-07-01,0.0028,5,1,FALSE,24.445001220703148,2.6652511281434714,34.3,91.571,0.2349507449538931,-0.4514471177701123,FALSE,FALSE,0,-5.572754212249797
0-4 km,3644,KLGB,KLGB,LGB,Long Beach International Airport,large_airport,06037,Los Angeles,2016-08-01,0.0034000000000000002,5,1,FALSE,22.569989013671897,3.838905631022707,43.85,91.6605,0.005847187849700386,-0.5064571896263095,FALSE,FALSE,0,-5.426150738057921
0-4 km,3644,KLGB,KLGB,LGB,Long Beach International Airport,large_airport,06037,Los Angeles,2016-09-01,0.0044,5,1,FALSE,21.03499145507815,4.71462625490381,42.9,91.7475,-0.2877904882620106,-0.05680676711334276,FALSE,FALSE,0,-5.221356325411908
0-4 km,3644,KLGB,KLGB,LGB,Long Beach International Airport,large_airport,06037,Los Angeles,2016-10-01,0.0064,5,1,FALSE,18.90498657226565,1.7386223839016823,39.75,91.745,-0.61028315905554,0.044429387569550345,FALSE,FALSE,0,-4.9062752787720125
0-4 km,3644,KLGB,KLGB,LGB,Long Beach International Airport,large_airport,06037,Los Angeles,2016-11-01,0.0076,5,1,FALSE,15.764990234375023,4.448003315275691,34.3,92,0.16558643646980878,0.020218973786033104,FALSE,FALSE,0,-4.755993075722675
0-4 km,3644,KLGB,KLGB,LGB,Long Beach International Airport,large_airport,06037,Los Angeles,2016-12-01,0.0064,5,1,FALSE,9.094989013671897,3.361334660606455,43.95,91.9905,-0.4344730856808934,0.23364387007416196,FALSE,FALSE,0,-4.9062752787720125
0-4 km,3644,KLGB,KLGB,LGB,Long Beach International Airport,large_airport,06037,Los Angeles,2017-01-01,0.006666666666666667,3,1,FALSE,6.374993896484398,2.583326855467232,71.5,91.83,0.7825041024389879,0.4534369605404104,FALSE,FALSE,0,-4.870873351721097
0-4 km,3644,KLGB,KLGB,LGB,Long Beach International Airport,large_airport,06037,Los Angeles,2017-02-01,0.00275,4,1,FALSE,7.462503051757835,5.24526301982039,81.9375,91.39750000000001,-0.2434912419273965,-0.09264709072956662,FALSE,FALSE,0,-5.585999438999818
0-4 km,3644,KLGB,KLGB,LGB,Long Beach International Airport,large_airport,06037,Los Angeles,2017-03-01,0.0074,5,1,FALSE,14.684991455078148,2.9200250828190657,43.35,92.1085,-0.1320756230212024,-0.08869374798009962,FALSE,FALSE,0,-4.779523573132869
0-4 km,3644,KLGB,KLGB,LGB,Long Beach International Airport,large_airport,06037,Los Angeles,2017-04-01,0.0052,5,1,FALSE,13.995001220703148,4.103921104151288,60.1,91.606,-0.11594092743844882,-0.24067581386092915,FALSE,FALSE,0,-5.083205986931091
0-4 km,3644,KLGB,KLGB,LGB,Long Beach International Airport,large_airport,06037,Los Angeles,2017-05-01,0.0036666666666666666,6,1,FALSE,16.729150390625023,2.527297135401117,43.5,91.32916666666667,-0.2527669290431253,-0.3101273406939371,FALSE,FALSE,0,-5.367310238034988
0-4 km,3644,KLGB,KLGB,LGB,Long Beach International Airport,large_airport,06037,Los Angeles,2017-06-01,0.0024000000000000002,5,1,FALSE,23.434991455078148,3.2472732082003755,38.95,91.478,-0.18724397968704282,-0.5387959487693846,FALSE,FALSE,0,-5.683979847360021
0-4 km,3644,KLGB,KLGB,LGB,Long Beach International Airport,large_airport,06037,Los Angeles,2017-07-01,0.003,5,1,FALSE,24.9749938964844,4.121057207811971,43.15,91.732,-0.19100607803174416,-0.6488349146432137,FALSE,FALSE,0,-5.521460917862246
0-4 km,3644,KLGB,KLGB,LGB,Long Beach International Airport,large_airport,06037,Los Angeles,2017-08-01,0.0025,2,1,FALSE,23.300012207031273,2.239624882656818,44,91.80625,-0.054303335482025095,-0.5180488472217706,FALSE,FALSE,0,-5.654992310486769
0-4 km,3644,KLGB,KLGB,LGB,Long Beach International Airport,large_airport,06037,Los Angeles,2017-09-01,0.0042,5,1,FALSE,20.534985351562522,3.033610630173741,44.5,91.7005,0.555340994241008,0.2933445204045326,FALSE,FALSE,0,-5.259096653394756
0-4 km,3644,KLGB,KLGB,LGB,Long Beach International Airport,large_airport,06037,Los Angeles,2017-10-01,0.0062,5,1,FALSE,17.509997558593774,3.389023372139322,34.4,91.924,-0.16412779723285584,0.308918231097459,FALSE,FALSE,0,-4.933674252960127
0-4 km,3644,KLGB,KLGB,LGB,Long Beach International Airport,large_airport,06037,Los Angeles,2017-11-01,0.0062,5,1,FALSE,15.029992675781273,3.395596858050398,58.3,91.8555,-0.17176743847609313,-0.3534987816229203,FALSE,FALSE,0,-4.933674252960127
0-4 km,3644,KLGB,KLGB,LGB,Long Beach International Airport,large_airport,06037,Los Angeles,2017-12-01,0.0096,5,1,FALSE,11.704986572265648,3.058377809101117,37.5,92.129,-0.44166456000651677,0.3152520069127216,FALSE,FALSE,0,-4.546901277864116
0-4 km,3644,KLGB,KLGB,LGB,Long Beach International Airport,large_airport,06037,Los Angeles,2018-01-01,0.0054,5,1,FALSE,11.784991455078147,2.036887931000298,52.4,91.959,0.22003867980117015,0.5019649765342311,FALSE,FALSE,0,-5.051457288616511
0-4 km,3644,KLGB,KLGB,LGB,Long Beach International Airport,large_airport,06037,Los Angeles,2018-02-01,0.006,2,1,FALSE,11.862481689453148,3.5389605773938366,46.5,91.6875,0.9761987006967681,0.012542170096425165,FALSE,FALSE,0,-4.961845129926823
0-4 km,3644,KLGB,KLGB,LGB,Long Beach International Airport,large_airport,06037,Los Angeles,2018-03-01,0.00175,4,1,FALSE,9.637490844726585,2.6542408485693585,62.625,91.659375,0.37538301975694394,-0.1767345611837939,FALSE,FALSE,0,-5.896154367303657
0-4 km,3644,KLGB,KLGB,LGB,Long Beach International Airport,large_airport,06037,Los Angeles,2018-04-01,0.004,5,1,FALSE,15.144989013671898,2.869302916329846,44,91.751,0.875895848021364,-0.2495981692792291,FALSE,FALSE,0,-5.298317366548036
0-4 km,3644,KLGB,KLGB,LGB,Long Beach International Airport,large_airport,06037,Los Angeles,2018-05-01,0.002,5,1,FALSE,15.359991455078148,1.7185082403332548,59.65,91.543,0.5659769431924095,-0.7355461789358426,FALSE,FALSE,0,-5.809142990314028
0-4 km,3644,KLGB,KLGB,LGB,Long Beach International Airport,large_airport,06037,Los Angeles,2018-06-01,0.003,5,1,FALSE,19.654992675781273,2.538750201422731,48.75,91.516,0.072870420609966,-0.6176006814952798,FALSE,FALSE,0,-5.521460917862246
0-4 km,3644,KLGB,KLGB,LGB,Long Beach International Airport,large_airport,06037,Los Angeles,2018-07-01,0.0026666666666666666,6,1,FALSE,26.820820109049503,3.3107519780713806,40.291666666666664,91.79791666666667,-0.2237066980633481,-0.7148193714616802,FALSE,FALSE,0,-5.608472294851876
0-4 km,3644,KLGB,KLGB,LGB,Long Beach International Airport,large_airport,06037,Los Angeles,2018-08-01,0.003,5,1,FALSE,23.81500244140627,2.563719108753317,41.75,91.7305,0.4815676983039331,-0.5803270514378509,FALSE,FALSE,0,-5.521460917862246
0-4 km,3644,KLGB,KLGB,LGB,Long Beach International Airport,large_airport,06037,Los Angeles,2018-09-01,0.004,5,1,FALSE,22.329986572265646,2.866388953347236,43.85,91.55149999999999,-0.12469335923158568,-0.5810999130620689,FALSE,FALSE,0,-5.298317366548036
0-4 km,3644,KLGB,KLGB,LGB,Long Beach International Airport,large_airport,06037,Los Angeles,2018-10-01,0.0044,5,1,FALSE,16.704998779296897,3.80549583445057,56.55,91.6755,-0.235593382099629,-0.2084368555186225,FALSE,FALSE,0,-5.221356325411908
0-4 km,3644,KLGB,KLGB,LGB,Long Beach International Airport,large_airport,06037,Los Angeles,2018-11-01,0.0064,5,1,FALSE,14.539990234375022,2.320058427407156,41,91.8575,0.029163050759965014,0.04696378371509824,FALSE,FALSE,0,-4.9062752787720125
0-4 km,3644,KLGB,KLGB,LGB,Long Beach International Airport,large_airport,06037,Los Angeles,2018-12-01,0.005,4,1,FALSE,9.512483215332054,2.254974616507203,51.25,91.94624999999999,-0.2710103525262054,0.34721381516459493,FALSE,FALSE,0,-5.115995809754082
0-4 km,3644,KLGB,KLGB,LGB,Long Beach International Airport,large_airport,06037,Los Angeles,2019-01-01,0.004,5,1,FALSE,8.259997558593772,3.2136329390234812,75.75,92.04,0.28208610120958416,0.31164010425425714,FALSE,FALSE,0,-5.298317366548036
0-4 km,3644,KLGB,KLGB,LGB,Long Beach International Airport,large_airport,06037,Los Angeles,2019-02-01,0.0024000000000000002,5,1,FALSE,7.064990234375022,3.5204984570715263,74.95,91.637,0.4506871288170368,-0.2629182767869923,FALSE,FALSE,0,-5.683979847360021
0-4 km,3644,KLGB,KLGB,LGB,Long Beach International Airport,large_airport,06037,Los Angeles,2019-03-01,0.0022,5,1,FALSE,9.154992675781273,3.72544504592502,74.25,91.838,0.12250875588568681,0.061047642698885116,FALSE,FALSE,0,-5.744604469176456
0-4 km,3644,KLGB,KLGB,LGB,Long Beach International Airport,large_airport,06037,Los Angeles,2019-04-01,0.0032,5,1,FALSE,15.039990234375022,1.8288325489749384,62.1,91.565,0.5331350070390144,-0.5736167922074088,FALSE,FALSE,0,-5.472670753692814
0-4 km,3644,KLGB,KLGB,LGB,Long Beach International Airport,large_airport,06037,Los Angeles,2019-05-01,0.0016,5,1,FALSE,14.650000000000023,2.976230356157411,61.3,91.394,-0.3249970324474144,-0.43586417953931655,FALSE,FALSE,0,-5.952243833954701
0-4 km,3644,KLGB,KLGB,LGB,Long Beach International Airport,large_airport,06037,Los Angeles,2019-06-01,0.0018,5,1,FALSE,19.209997558593773,5.237757009564519,53.95,91.4565,0.16245728999502893,-0.5085763608914702,FALSE,FALSE,0,-5.8781358618009785
0-4 km,3644,KLGB,KLGB,LGB,Long Beach International Airport,large_airport,06037,Los Angeles,2019-07-01,0.0024000000000000002,5,1,FALSE,22.479992675781272,2.904882648670355,45,91.6595,-0.1951654921258944,-0.6872977984013131,FALSE,FALSE,0,-5.683979847360021
0-4 km,3644,KLGB,KLGB,LGB,Long Beach International Airport,large_airport,06037,Los Angeles,2019-08-01,0.0026,5,1,FALSE,22.9249938964844,4.315507073394906,45.15,91.75200000000001,-0.13825583371849443,-0.38683591630730724,FALSE,FALSE,0,-5.626821433520073
0-4 km,3644,KLGB,KLGB,LGB,Long Beach International Airport,large_airport,06037,Los Angeles,2019-09-01,0.004,5,1,FALSE,19.699993896484397,5.256793107411472,46.2,91.6725,-0.5702552443722613,-0.09132507095197402,FALSE,FALSE,0,-5.298317366548036
0-4 km,3644,KLGB,KLGB,LGB,Long Beach International Airport,large_airport,06037,Los Angeles,2019-10-01,0.006,5,1,FALSE,16.079992675781273,3.8147778689217997,31.9,91.747,0.5387376600445887,0.26705484863767404,FALSE,FALSE,0,-4.961845129926823
0-4 km,3644,KLGB,KLGB,LGB,Long Beach International Airport,large_airport,06037,Los Angeles,2019-11-01,0.0048000000000000004,5,1,FALSE,11.844989013671897,3.036619065440021,57.15,91.6845,-0.6552490075573201,0.39898290341095843,FALSE,FALSE,0,-5.149897361429764
0-4 km,3644,KLGB,KLGB,LGB,Long Beach International Airport,large_airport,06037,Los Angeles,2019-12-01,0.0038,5,1,FALSE,8.174993896484398,4.010343074416532,68.6,92.0435,0.3677340933343396,-0.22796445727941192,FALSE,FALSE,0,-5.339139361068292
0-4 km,3644,KLGB,KLGB,LGB,Long Beach International Airport,large_airport,06037,Los Angeles,2020-01-01,0.0056,5,1,FALSE,9.484985351562523,3.6486643755903025,58.3,92.1575,0.6781072659426097,0.08040625380129887,FALSE,FALSE,0,-5.0206856299497575
0-4 km,3644,KLGB,KLGB,LGB,Long Beach International Airport,large_airport,06037,Los Angeles,2020-02-01,0.005,5,1,FALSE,12.115002441406272,3.6596116497397038,48.05,91.791,0.937259005292135,0.022133130543889747,FALSE,FALSE,0,-5.115995809754082
0-4 km,3644,KLGB,KLGB,LGB,Long Beach International Airport,large_airport,06037,Los Angeles,2020-03-01,0.0015,4,1,FALSE,10.299989318847679,4.0473769290653365,69.625,91.945625,0.3706400748106572,0.1429823342258448,FALSE,FALSE,0,-5.991464547107982
0-4 km,3644,KLGB,KLGB,LGB,Long Beach International Airport,large_airport,06037,Los Angeles,2020-07-01,0.0018,5,1,FALSE,21.764996337890647,3.8434551295614643,45.85,91.592,0.5967371416446413,-0.5636911676352545,FALSE,FALSE,0,-5.8781358618009785
0-4 km,3644,KLGB,KLGB,LGB,Long Beach International Airport,large_airport,06037,Los Angeles,2020-08-01,0.0025,6,1,FALSE,24.883320109049503,3.563323642298959,41.625,91.54041666666667,0.014664017012549787,-0.4447284875258276,FALSE,FALSE,0,-5.654992310486769
0-4 km,3644,KLGB,KLGB,LGB,Long Beach International Airport,large_airport,06037,Los Angeles,2020-09-01,0.007,5,1,FALSE,26.084991455078146,2.2684370376909544,31.85,91.7995,-0.03639899050182738,-0.19432878833302006,FALSE,FALSE,0,-4.8283137373023015
0-4 km,3644,KLGB,KLGB,LGB,Long Beach International Airport,large_airport,06037,Los Angeles,2020-10-01,0.0048000000000000004,5,1,FALSE,20.684991455078148,2.7554430695229137,41.7,91.8835,-0.13952454312367418,0.24050533878717478,FALSE,FALSE,0,-5.149897361429764
0-4 km,3644,KLGB,KLGB,LGB,Long Beach International Airport,large_airport,06037,Los Angeles,2020-11-01,0.0076,5,1,FALSE,16.259985351562523,1.590870735829444,32.25,91.902,-0.026947031824891193,0.4304486545328303,FALSE,FALSE,0,-4.755993075722675
0-4 km,3644,KLGB,KLGB,LGB,Long Beach International Airport,large_airport,06037,Los Angeles,2020-12-01,0.007,5,1,FALSE,8.354986572265648,2.5971977277780076,58.7,91.9425,0.15534011641933482,-0.07927961529735675,FALSE,FALSE,0,-4.8283137373023015
0-4 km,3644,KLGB,KLGB,LGB,Long Beach International Airport,large_airport,06037,Los Angeles,2021-01-01,0.0062,5,1,FALSE,9.779992675781273,3.6104177395725148,65.05,91.98299999999999,0.9518850592871126,0.007959958876835314,FALSE,FALSE,0,-4.933674252960127
0-4 km,3644,KLGB,KLGB,LGB,Long Beach International Airport,large_airport,06037,Los Angeles,2021-02-01,0.0036,5,1,FALSE,9.814978027343773,3.8691121995533635,59.55,91.80499999999999,0.7874909784903894,-0.0993085248859982,FALSE,FALSE,0,-5.381698975487088
0-4 km,3644,KLGB,KLGB,LGB,Long Beach International Airport,large_airport,06037,Los Angeles,2021-03-01,0.003,5,1,FALSE,11.169995117187522,3.2287308411144884,53.55,91.7635,0.5569917219391853,-0.2708595622459253,FALSE,FALSE,0,-5.521460917862246
0-4 km,3644,KLGB,KLGB,LGB,Long Beach International Airport,large_airport,06037,Los Angeles,2021-04-01,0.0028,5,1,FALSE,14.589990234375023,3.7497823875060403,46.4,91.63,0.5145660374167124,-0.005245696797300975,FALSE,FALSE,0,-5.572754212249797
0-4 km,3644,KLGB,KLGB,LGB,Long Beach International Airport,large_airport,06037,Los Angeles,2021-05-01,0.0018,5,1,FALSE,14.789984130859398,3.86226488957163,56.85,91.5045,0.5362057002472228,-0.3782249060922023,FALSE,FALSE,0,-5.8781358618009785
0-4 km,3644,KLGB,KLGB,LGB,Long Beach International Airport,large_airport,06037,Los Angeles,2021-06-01,0.0022,5,1,FALSE,23.55000610351565,2.8000611086501292,39.65,91.538,-0.35194399285521966,-0.6319369980482993,FALSE,FALSE,0,-5.744604469176456
0-4 km,3644,KLGB,KLGB,LGB,Long Beach International Airport,large_airport,06037,Los Angeles,2021-07-01,0.002,5,1,FALSE,24.314996337890648,3.136418685259686,46.45,91.72,0.669463775405535,-0.6320640444499954,FALSE,FALSE,0,-5.809142990314028
0-4 km,3644,KLGB,KLGB,LGB,Long Beach International Airport,large_airport,06037,Los Angeles,2021-08-01,0.0026,5,1,FALSE,23.3399841308594,3.5321269140276557,44.4,91.75750000000001,0.8579021717969307,-0.3076738645550843,FALSE,FALSE,0,-5.626821433520073
0-4 km,3644,KLGB,KLGB,LGB,Long Beach International Airport,large_airport,06037,Los Angeles,2021-09-01,0.0022,5,1,FALSE,21.615002441406272,2.8689646215069677,49.3,91.6495,-0.21752706753631615,-0.5869387537990594,FALSE,FALSE,0,-5.744604469176456
0-4 km,3644,KLGB,KLGB,LGB,Long Beach International Airport,large_airport,06037,Los Angeles,2021-10-01,0.003,6,1,FALSE,14.270827229817732,4.243751180377603,58.166666666666664,91.635,-0.6793048422528687,-0.11768793742588284,FALSE,FALSE,0,-5.521460917862246
0-4 km,3644,KLGB,KLGB,LGB,Long Beach International Airport,large_airport,06037,Los Angeles,2021-11-01,0.0058,5,1,FALSE,15.589984130859397,3.464098881436831,47.1,91.9855,-0.404773408802304,0.2310214730830727,FALSE,FALSE,0,-4.990832666800076
0-4 km,3644,KLGB,KLGB,LGB,Long Beach International Airport,large_airport,06037,Los Angeles,2021-12-01,0.0034000000000000002,5,1,FALSE,8.204986572265648,3.272206156477097,72.25,91.697,0.2007760571982757,-0.007285291416416893,FALSE,FALSE,0,-5.426150738057921
0-4 km,3644,KLGB,KLGB,LGB,Long Beach International Airport,large_airport,06037,Los Angeles,2022-01-01,0.0056,5,1,FALSE,9.679968261718773,2.9744782818038833,50.35,92.266,0.1061948420288301,0.5666238306892967,TRUE,FALSE,0,-5.0206856299497575
0-4 km,3644,KLGB,KLGB,LGB,Long Beach International Airport,large_airport,06037,Los Angeles,2022-02-01,0.0068,5,1,FALSE,9.999987792968772,3.001204675981917,47.7,91.928,0.7758951617607663,0.3797221143701646,TRUE,FALSE,0,-4.853631545286591
0-4 km,3644,KLGB,KLGB,LGB,Long Beach International Airport,large_airport,06037,Los Angeles,2022-03-01,0.0048000000000000004,5,1,FALSE,12.455004882812522,1.800794651045943,53,91.9775,0.6725282912156597,0.006278240753736339,TRUE,FALSE,0,-5.149897361429764
0-4 km,3644,KLGB,KLGB,LGB,Long Beach International Airport,large_airport,06037,Los Angeles,2022-04-01,0.0028,5,1,FALSE,13.570001220703148,2.8409882356281564,57.95,91.596,0.8437213181145666,-0.4064842875546411,TRUE,FALSE,0,-5.572754212249797
0-4 km,3867,KSBD,KSBD,SBD,San Bernardino International Airport,large_airport,06071,San Bernardino,2016-01-01,0.008333333333333333,3,1,FALSE,5.808312988281273,3.523137532452786,58.583333333333336,91.8175,0.6860266931721216,0.35110237066803507,FALSE,FALSE,0,-4.674163057475043
0-4 km,3867,KSBD,KSBD,SBD,San Bernardino International Airport,large_airport,06071,San Bernardino,2016-02-01,0.00825,4,1,FALSE,13.674989318847679,2.136572831545397,46,92.138125,-0.01999647840478342,-0.027393525183781443,FALSE,FALSE,0,-4.683131727457803
0-4 km,3867,KSBD,KSBD,SBD,San Bernardino International Airport,large_airport,06071,San Bernardino,2016-03-01,0.005,6,1,FALSE,12.258320109049501,2.9864443083438377,58.5,91.73708333333333,0.2441934626573419,0.21848147400382725,FALSE,FALSE,0,-5.115995809754082
0-4 km,3867,KSBD,KSBD,SBD,San Bernardino International Airport,large_airport,06071,San Bernardino,2016-04-01,0.0056,5,1,FALSE,16.339990234375023,3.127211202280994,49.5,91.79599999999999,-0.5548055588610096,-0.05097484157062045,FALSE,FALSE,0,-5.0206856299497575
0-4 km,3867,KSBD,KSBD,SBD,San Bernardino International Airport,large_airport,06071,San Bernardino,2016-05-01,0.0052,5,1,FALSE,16.314996337890648,3.87444375993422,54.75,91.57,0.07107792202635607,-0.21293815391001028,FALSE,FALSE,0,-5.083205986931091
0-4 km,3867,KSBD,KSBD,SBD,San Bernardino International Airport,large_airport,06071,San Bernardino,2016-06-01,0.0082,5,1,FALSE,22.904992675781273,2.969626003382502,38.35,91.6925,0.5084951739618467,-0.6648596110803534,FALSE,FALSE,0,-4.688551794927142
0-4 km,3867,KSBD,KSBD,SBD,San Bernardino International Airport,large_airport,06071,San Bernardino,2016-07-01,0.009600000000000001,5,1,FALSE,24.445001220703148,2.6652511281434714,34.3,91.571,0.2349507449538931,-0.4514471177701123,FALSE,FALSE,0,-4.546901277864116
0-4 km,3867,KSBD,KSBD,SBD,San Bernardino International Airport,large_airport,06071,San Bernardino,2016-08-01,0.0072,5,1,FALSE,22.569989013671897,3.838905631022707,43.85,91.6605,0.005847187849700386,-0.5064571896263095,FALSE,FALSE,0,-4.803621124711929
0-4 km,3867,KSBD,KSBD,SBD,San Bernardino International Airport,large_airport,06071,San Bernardino,2016-09-01,0.01,4,1,FALSE,20.762498474121116,3.437353924131227,39.375,91.75125,-0.5023699854159883,-0.3991112169638394,FALSE,FALSE,0,-4.509860006183766
0-4 km,3867,KSBD,KSBD,SBD,San Bernardino International Airport,large_airport,06071,San Bernardino,2016-10-01,0.007,3,1,FALSE,17.558323160807316,1.9527918593093465,46,91.685,-0.3627479549713877,-0.006396409465295187,FALSE,FALSE,0,-4.8283137373023015
0-4 km,3867,KSBD,KSBD,SBD,San Bernardino International Airport,large_airport,06071,San Bernardino,2016-11-01,0.0068,5,1,FALSE,15.764990234375023,4.448003315275691,34.3,92,0.16558643646980878,0.020218973786033104,FALSE,FALSE,0,-4.853631545286591
0-4 km,3867,KSBD,KSBD,SBD,San Bernardino International Airport,large_airport,06071,San Bernardino,2016-12-01,0.0052,5,1,FALSE,8.539990234375022,3.613111569100554,43.05,92.0795,-0.3789382586912813,0.30086183331695676,FALSE,FALSE,0,-5.083205986931091
0-4 km,3867,KSBD,KSBD,SBD,San Bernardino International Airport,large_airport,06071,San Bernardino,2017-01-01,0.004666666666666666,6,1,FALSE,6.34582926432294,3.0092527981288346,78.91666666666667,91.79416666666667,0.009255746085530953,0.3122643060567834,FALSE,FALSE,0,-5.173154223594031
0-4 km,3867,KSBD,KSBD,SBD,San Bernardino International Airport,large_airport,06071,San Bernardino,2017-02-01,0.0032500000000000003,4,1,FALSE,8.768739318847679,4.266697671169096,80.375,91.508125,-0.2522101342546715,-0.01427363518082281,FALSE,FALSE,0,-5.4608362960458114
0-4 km,3867,KSBD,KSBD,SBD,San Bernardino International Airport,large_airport,06071,San Bernardino,2017-03-01,0.006,5,1,FALSE,14.684991455078148,2.9200250828190657,43.35,92.1085,-0.1320756230212024,-0.08869374798009962,FALSE,FALSE,0,-4.961845129926823
0-4 km,3867,KSBD,KSBD,SBD,San Bernardino International Airport,large_airport,06071,San Bernardino,2017-04-01,0.008,3,1,FALSE,14.066664632161482,5.381834463248741,49.833333333333336,91.46166666666667,-0.32744968646823086,0.00799543750685783,FALSE,FALSE,0,-4.710530701645918
0-4 km,3867,KSBD,KSBD,SBD,San Bernardino International Airport,large_airport,06071,San Bernardino,2017-05-01,0.006166666666666667,6,1,FALSE,16.729150390625023,2.527297135401117,43.5,91.32916666666667,-0.2527669290431253,-0.3101273406939371,FALSE,FALSE,0,-4.938314632516629
0-4 km,3867,KSBD,KSBD,SBD,San Bernardino International Airport,large_airport,06071,San Bernardino,2017-06-01,0.007,5,1,FALSE,22.154992675781273,2.3924777432958924,42.6,91.5085,-0.0933446441460343,-0.3207382603838316,FALSE,FALSE,0,-4.8283137373023015
0-4 km,3867,KSBD,KSBD,SBD,San Bernardino International Airport,large_airport,06071,San Bernardino,2017-07-01,0.007,5,1,FALSE,24.9749938964844,4.121057207811971,43.15,91.732,-0.19100607803174416,-0.6488349146432137,FALSE,FALSE,0,-4.8283137373023015
0-4 km,3867,KSBD,KSBD,SBD,San Bernardino International Airport,large_airport,06071,San Bernardino,2017-08-01,0.009600000000000001,5,1,FALSE,24.9900085449219,2.891467538410677,41.95,91.6985,-0.05937245457969482,-0.5948362240276361,FALSE,FALSE,0,-4.546901277864116
0-4 km,3867,KSBD,KSBD,SBD,San Bernardino International Airport,large_airport,06071,San Bernardino,2017-09-01,0.0052,5,1,FALSE,20.10998535156252,2.9612256657114675,48.9,91.625,0.17776729005461137,0.16248728244460872,FALSE,FALSE,0,-5.083205986931091
0-4 km,3867,KSBD,KSBD,SBD,San Bernardino International Airport,large_airport,06071,San Bernardino,2017-10-01,0.0078000000000000005,5,1,FALSE,17.509997558593774,3.389023372139322,34.4,91.924,-0.16412779723285584,0.308918231097459,FALSE,FALSE,0,-4.733003557497976
0-4 km,3867,KSBD,KSBD,SBD,San Bernardino International Airport,large_airport,06071,San Bernardino,2017-11-01,0.0076,5,1,FALSE,15.029992675781273,3.395596858050398,58.3,91.8555,-0.17176743847609313,-0.3534987816229203,FALSE,FALSE,0,-4.755993075722675
0-4 km,3867,KSBD,KSBD,SBD,San Bernardino International Airport,large_airport,06071,San Bernardino,2017-12-01,0.0104,5,1,FALSE,11.704986572265648,3.058377809101117,37.5,92.129,-0.44166456000651677,0.3152520069127216,FALSE,FALSE,0,-4.474141923581687
0-4 km,3867,KSBD,KSBD,SBD,San Bernardino International Airport,large_airport,06071,San Bernardino,2018-01-01,0.0056,5,1,FALSE,11.784991455078147,2.036887931000298,52.4,91.959,0.22003867980117015,0.5019649765342311,FALSE,FALSE,0,-5.0206856299497575
0-4 km,3867,KSBD,KSBD,SBD,San Bernardino International Airport,large_airport,06071,San Bernardino,2018-02-01,0.007,3,1,FALSE,11.941654459635439,3.708976244950426,36.166666666666664,92.09166666666667,0.7188775080724261,0.37439371485037753,FALSE,FALSE,0,-4.8283137373023015
0-4 km,3867,KSBD,KSBD,SBD,San Bernardino International Airport,large_airport,06071,San Bernardino,2018-03-01,0.0042,5,1,FALSE,10.304992675781273,3.524900802212768,61.65,91.6725,0.10052163016388066,-0.15066339291235514,FALSE,FALSE,0,-5.259096653394756
0-4 km,3867,KSBD,KSBD,SBD,San Bernardino International Airport,large_airport,06071,San Bernardino,2018-04-01,0.00575,4,1,FALSE,14.981240844726585,3.4652760621049703,41.25,91.804375,0.8888601163000857,-0.17036436068667368,FALSE,FALSE,0,-4.9982127740976985
0-4 km,3867,KSBD,KSBD,SBD,San Bernardino International Airport,large_airport,06071,San Bernardino,2018-05-01,0.0038,5,1,FALSE,15.359991455078148,1.7185082403332548,59.65,91.543,0.5659769431924095,-0.7355461789358426,FALSE,FALSE,0,-5.339139361068292
0-4 km,3867,KSBD,KSBD,SBD,San Bernardino International Airport,large_airport,06071,San Bernardino,2018-06-01,0.0054,5,1,FALSE,19.654992675781273,2.538750201422731,48.75,91.516,0.072870420609966,-0.6176006814952798,FALSE,FALSE,0,-5.051457288616511
0-4 km,3867,KSBD,KSBD,SBD,San Bernardino International Airport,large_airport,06071,San Bernardino,2018-07-01,0.007833333333333333,6,1,FALSE,26.820820109049503,3.3107519780713806,40.291666666666664,91.79791666666667,-0.2237066980633481,-0.7148193714616802,FALSE,FALSE,0,-4.729222834658071
0-4 km,3867,KSBD,KSBD,SBD,San Bernardino International Airport,large_airport,06071,San Bernardino,2018-08-01,0.008,3,1,FALSE,23.041670735677105,2.31187621420782,45.25,91.7825,0.2596646541345139,-0.5805212870756851,FALSE,FALSE,0,-4.710530701645918
0-4 km,3867,KSBD,KSBD,SBD,San Bernardino International Airport,large_airport,06071,San Bernardino,2018-09-01,0.0066,5,1,FALSE,22.329986572265646,2.866388953347236,43.85,91.55149999999999,-0.12469335923158568,-0.5810999130620689,FALSE,FALSE,0,-4.879607031689852
0-4 km,3867,KSBD,KSBD,SBD,San Bernardino International Airport,large_airport,06071,San Bernardino,2018-10-01,0.0058,5,1,FALSE,16.704998779296897,3.80549583445057,56.55,91.6755,-0.235593382099629,-0.2084368555186225,FALSE,FALSE,0,-4.990832666800076
0-4 km,3867,KSBD,KSBD,SBD,San Bernardino International Airport,large_airport,06071,San Bernardino,2018-11-01,0.0072,5,1,FALSE,14.539990234375022,2.320058427407156,41,91.8575,0.029163050759965014,0.04696378371509824,FALSE,FALSE,0,-4.803621124711929
0-4 km,3867,KSBD,KSBD,SBD,San Bernardino International Airport,large_airport,06071,San Bernardino,2018-12-01,0.0062,5,1,FALSE,10.114984130859398,2.1393899644679926,48.95,91.9905,-0.395693865229361,0.36721348121425285,FALSE,FALSE,0,-4.933674252960127
0-4 km,3867,KSBD,KSBD,SBD,San Bernardino International Airport,large_airport,06071,San Bernardino,2019-01-01,0.0036,5,1,FALSE,8.259997558593772,3.2136329390234812,75.75,92.04,0.28208610120958416,0.31164010425425714,FALSE,FALSE,0,-5.381698975487088
0-4 km,3867,KSBD,KSBD,SBD,San Bernardino International Airport,large_airport,06071,San Bernardino,2019-02-01,0.0036,5,1,FALSE,7.064990234375022,3.5204984570715263,74.95,91.637,0.4506871288170368,-0.2629182767869923,FALSE,FALSE,0,-5.381698975487088
0-4 km,3867,KSBD,KSBD,SBD,San Bernardino International Airport,large_airport,06071,San Bernardino,2019-03-01,0.003,5,1,FALSE,9.154992675781273,3.72544504592502,74.25,91.838,0.12250875588568681,0.061047642698885116,FALSE,FALSE,0,-5.521460917862246
0-4 km,3867,KSBD,KSBD,SBD,San Bernardino International Airport,large_airport,06071,San Bernardino,2019-04-01,0.008199999999999999,5,1,FALSE,15.039990234375022,1.8288325489749384,62.1,91.565,0.5331350070390144,-0.5736167922074088,FALSE,FALSE,0,-4.688551794927142
0-4 km,3867,KSBD,KSBD,SBD,San Bernardino International Airport,large_airport,06071,San Bernardino,2019-05-01,0.0032,5,1,FALSE,14.650000000000023,2.976230356157411,61.3,91.394,-0.3249970324474144,-0.43586417953931655,FALSE,FALSE,0,-5.472670753692814
0-4 km,3867,KSBD,KSBD,SBD,San Bernardino International Airport,large_airport,06071,San Bernardino,2019-06-01,0.0052,5,1,FALSE,19.209997558593773,5.237757009564519,53.95,91.4565,0.16245728999502893,-0.5085763608914702,FALSE,FALSE,0,-5.083205986931091
0-4 km,3867,KSBD,KSBD,SBD,San Bernardino International Airport,large_airport,06071,San Bernardino,2019-07-01,0.0052,5,1,FALSE,22.479992675781272,2.904882648670355,45,91.6595,-0.1951654921258944,-0.6872977984013131,FALSE,FALSE,0,-5.083205986931091
0-4 km,3867,KSBD,KSBD,SBD,San Bernardino International Airport,large_airport,06071,San Bernardino,2019-08-01,0.006333333333333333,6,1,FALSE,23.166660563151066,4.3297786272931464,43.666666666666664,91.74333333333334,0.04004973185918267,-0.3829537033777548,FALSE,FALSE,0,-4.915325114291931
0-4 km,3867,KSBD,KSBD,SBD,San Bernardino International Airport,large_airport,06071,San Bernardino,2019-09-01,0.0094,5,1,FALSE,19.699993896484397,5.256793107411472,46.2,91.6725,-0.5702552443722613,-0.09132507095197402,FALSE,FALSE,0,-4.56594947283481
0-4 km,3867,KSBD,KSBD,SBD,San Bernardino International Airport,large_airport,06071,San Bernardino,2019-10-01,0.012750000000000001,4,1,FALSE,17.89374694824221,3.779470399790729,30.9375,91.69437500000001,0.43960048737413104,0.2453455980680553,FALSE,FALSE,0,-4.286716454869556
0-4 km,3867,KSBD,KSBD,SBD,San Bernardino International Airport,large_airport,06071,San Bernardino,2019-11-01,0.0094,5,1,FALSE,11.844989013671897,3.036619065440021,57.15,91.6845,-0.6552490075573201,0.39898290341095843,FALSE,FALSE,0,-4.56594947283481
0-4 km,3867,KSBD,KSBD,SBD,San Bernardino International Airport,large_airport,06071,San Bernardino,2019-12-01,0.0045000000000000005,4,1,FALSE,9.606248474121116,4.045571586787994,63.0625,92.019375,0.23353626253220872,-0.17835064358583996,FALSE,FALSE,0,-5.2030071867437115
0-4 km,3867,KSBD,KSBD,SBD,San Bernardino International Airport,large_airport,06071,San Bernardino,2020-01-01,0.0078,5,1,FALSE,9.484985351562523,3.6486643755903025,58.3,92.1575,0.6781072659426097,0.08040625380129887,FALSE,FALSE,0,-4.733003557497977
0-4 km,3867,KSBD,KSBD,SBD,San Bernardino International Airport,large_airport,06071,San Bernardino,2020-02-01,0.006,5,1,FALSE,12.115002441406272,3.6596116497397038,48.05,91.791,0.937259005292135,0.022133130543889747,FALSE,FALSE,0,-4.961845129926823
0-4 km,3867,KSBD,KSBD,SBD,San Bernardino International Airport,large_airport,06071,San Bernardino,2020-03-01,0.002,4,1,FALSE,9.387490844726585,3.4432471110747196,69.9375,91.8225,0.3928265420876601,0.3392669945338391,FALSE,FALSE,0,-5.809142990314028
0-4 km,3867,KSBD,KSBD,SBD,San Bernardino International Airport,large_airport,06071,San Bernardino,2020-07-01,0.005,5,1,FALSE,21.764996337890647,3.8434551295614643,45.85,91.592,0.5967371416446413,-0.5636911676352545,FALSE,FALSE,0,-5.115995809754082
0-4 km,3867,KSBD,KSBD,SBD,San Bernardino International Airport,large_airport,06071,San Bernardino,2020-08-01,0.0095,6,1,FALSE,24.883320109049503,3.563323642298959,41.625,91.54041666666667,0.014664017012549787,-0.4447284875258276,FALSE,FALSE,0,-4.55638002181866
0-4 km,3867,KSBD,KSBD,SBD,San Bernardino International Airport,large_airport,06071,San Bernardino,2020-09-01,0.0094,5,1,FALSE,26.084991455078146,2.2684370376909544,31.85,91.7995,-0.03639899050182738,-0.19432878833302006,FALSE,FALSE,0,-4.56594947283481
0-4 km,3867,KSBD,KSBD,SBD,San Bernardino International Airport,large_airport,06071,San Bernardino,2020-10-01,0.0088,5,1,FALSE,20.684991455078148,2.7554430695229137,41.7,91.8835,-0.13952454312367418,0.24050533878717478,FALSE,FALSE,0,-4.62537289330561
0-4 km,3867,KSBD,KSBD,SBD,San Bernardino International Airport,large_airport,06071,San Bernardino,2020-11-01,0.0094,5,1,FALSE,16.259985351562523,1.590870735829444,32.25,91.902,-0.026947031824891193,0.4304486545328303,FALSE,FALSE,0,-4.56594947283481
0-4 km,3867,KSBD,KSBD,SBD,San Bernardino International Airport,large_airport,06071,San Bernardino,2020-12-01,0.0066,5,1,FALSE,8.354986572265648,2.5971977277780076,58.7,91.9425,0.15534011641933482,-0.07927961529735675,FALSE,FALSE,0,-4.879607031689852
0-4 km,3867,KSBD,KSBD,SBD,San Bernardino International Airport,large_airport,06071,San Bernardino,2021-01-01,0.005,5,1,FALSE,8.694995117187522,3.975183135075924,65.45,91.9105,0.924897731374654,0.08828661639471079,FALSE,FALSE,0,-5.115995809754082
0-4 km,3867,KSBD,KSBD,SBD,San Bernardino International Airport,large_airport,06071,San Bernardino,2021-02-01,0.0046,5,1,FALSE,9.814978027343773,3.8691121995533635,59.55,91.80499999999999,0.7874909784903894,-0.0993085248859982,FALSE,FALSE,0,-5.184988681241033
0-4 km,3867,KSBD,KSBD,SBD,San Bernardino International Airport,large_airport,06071,San Bernardino,2021-03-01,0.004,5,1,FALSE,11.169995117187522,3.2287308411144884,53.55,91.7635,0.5569917219391853,-0.2708595622459253,FALSE,FALSE,0,-5.298317366548036
0-4 km,3867,KSBD,KSBD,SBD,San Bernardino International Airport,large_airport,06071,San Bernardino,2021-04-01,0.0058,5,1,FALSE,14.589990234375023,3.7497823875060403,46.4,91.63,0.5145660374167124,-0.005245696797300975,FALSE,FALSE,0,-4.990832666800076
0-4 km,3867,KSBD,KSBD,SBD,San Bernardino International Airport,large_airport,06071,San Bernardino,2021-05-01,0.0046,5,1,FALSE,14.789984130859398,3.86226488957163,56.85,91.5045,0.5362057002472228,-0.3782249060922023,FALSE,FALSE,0,-5.184988681241033
0-4 km,3867,KSBD,KSBD,SBD,San Bernardino International Airport,large_airport,06071,San Bernardino,2021-06-01,0.006,5,1,FALSE,23.55000610351565,2.8000611086501292,39.65,91.538,-0.35194399285521966,-0.6319369980482993,FALSE,FALSE,0,-4.961845129926823
0-4 km,3867,KSBD,KSBD,SBD,San Bernardino International Airport,large_airport,06071,San Bernardino,2021-07-01,0.0056,5,1,FALSE,24.314996337890648,3.136418685259686,46.45,91.72,0.669463775405535,-0.6320640444499954,FALSE,FALSE,0,-5.0206856299497575
0-4 km,3867,KSBD,KSBD,SBD,San Bernardino International Airport,large_airport,06071,San Bernardino,2021-08-01,0.007,5,1,FALSE,23.3399841308594,3.5321269140276557,44.4,91.75750000000001,0.8579021717969307,-0.3076738645550843,FALSE,FALSE,0,-4.8283137373023015
0-4 km,3867,KSBD,KSBD,SBD,San Bernardino International Airport,large_airport,06071,San Bernardino,2021-09-01,0.0052,5,1,FALSE,21.615002441406272,2.8689646215069677,49.3,91.6495,-0.21752706753631615,-0.5869387537990594,FALSE,FALSE,0,-5.083205986931091
0-4 km,3867,KSBD,KSBD,SBD,San Bernardino International Airport,large_airport,06071,San Bernardino,2021-10-01,0.004833333333333334,6,1,FALSE,14.270827229817732,4.243751180377603,58.166666666666664,91.635,-0.6793048422528687,-0.11768793742588284,FALSE,FALSE,0,-5.144166686720778
0-4 km,3867,KSBD,KSBD,SBD,San Bernardino International Airport,large_airport,06071,San Bernardino,2021-11-01,0.0126,5,1,FALSE,15.589984130859397,3.464098881436831,47.1,91.9855,-0.404773408802304,0.2310214730830727,FALSE,FALSE,0,-4.29768548624013
0-4 km,3867,KSBD,KSBD,SBD,San Bernardino International Airport,large_airport,06071,San Bernardino,2021-12-01,0.0058000000000000005,5,1,FALSE,8.204986572265648,3.272206156477097,72.25,91.697,0.2007760571982757,-0.007285291416416893,FALSE,FALSE,0,-4.990832666800076
0-4 km,3867,KSBD,KSBD,SBD,San Bernardino International Airport,large_airport,06071,San Bernardino,2022-01-01,0.005,5,1,FALSE,9.679968261718773,2.9744782818038833,50.35,92.266,0.1061948420288301,0.5666238306892967,TRUE,FALSE,0,-5.115995809754082
0-4 km,3867,KSBD,KSBD,SBD,San Bernardino International Airport,large_airport,06071,San Bernardino,2022-02-01,0.0044,5,1,FALSE,9.999987792968772,3.001204675981917,47.7,91.928,0.7758951617607663,0.3797221143701646,TRUE,FALSE,0,-5.221356325411908
0-4 km,3867,KSBD,KSBD,SBD,San Bernardino International Airport,large_airport,06071,San Bernardino,2022-03-01,0.0058,5,1,FALSE,12.455004882812522,1.800794651045943,53,91.9775,0.6725282912156597,0.006278240753736339,TRUE,FALSE,0,-4.990832666800076
0-4 km,3867,KSBD,KSBD,SBD,San Bernardino International Airport,large_airport,06071,San Bernardino,2022-04-01,0.0052,5,1,FALSE,13.570001220703148,2.8409882356281564,57.95,91.596,0.8437213181145666,-0.4064842875546411,TRUE,FALSE,0,-5.083205986931091
0-4 km,3867,KSBD,KSBD,SBD,San Bernardino International Airport,large_airport,06071,San Bernardino,2022-05-01,0.0046,5,1,FALSE,16.559991455078148,2.504014290321493,48.3,91.51050000000001,0.4819774004385864,-0.5208469366636477,TRUE,FALSE,0,-5.184988681241033
0-4 km,3867,KSBD,KSBD,SBD,San Bernardino International Airport,large_airport,06071,San Bernardino,2022-06-01,0.0074,5,1,FALSE,23.594995117187523,3.6374925931840947,41.85,91.5945,0.03671104986383742,-0.6779354536415153,TRUE,FALSE,0,-4.779523573132869
0-4 km,3867,KSBD,KSBD,SBD,San Bernardino International Airport,large_airport,06071,San Bernardino,2022-07-01,0.0062,5,1,FALSE,23.42498779296877,5.936166944923697,44.35,91.7105,-0.22854285414799952,-0.6013239423764596,TRUE,FALSE,0,-4.933674252960127
0-4 km,3867,KSBD,KSBD,SBD,San Bernardino International Airport,large_airport,06071,San Bernardino,2022-08-01,0.006,5,1,FALSE,24.624987792968774,3.7149665867418924,44.9,91.664,-0.0569982887682729,-0.4960485828430991,TRUE,FALSE,0,-4.961845129926823
0-4 km,3867,KSBD,KSBD,SBD,San Bernardino International Airport,large_airport,06071,San Bernardino,2022-09-01,0.00625,4,1,FALSE,22.918733215332054,5.137156692663854,52.3125,91.518125,-0.5409640699115158,-0.32565145406169266,TRUE,FALSE,0,-4.926753810115554
0-4 km,3867,KSBD,KSBD,SBD,San Bernardino International Airport,large_airport,06071,San Bernardino,2022-10-01,0.0074,5,1,FALSE,19.424981689453148,3.180595793919084,47.85,91.782,0.13543636342623286,-0.23311973846852324,TRUE,FALSE,0,-4.779523573132869
0-4 km,3867,KSBD,KSBD,SBD,San Bernardino International Airport,large_airport,06071,San Bernardino,2022-11-01,0.0086,5,1,FALSE,11.329992675781273,5.298831681180661,57.2,91.8055,-0.20647469542355187,-0.0880960642193095,TRUE,FALSE,0,-4.645992180508347
0-4 km,3867,KSBD,KSBD,SBD,San Bernardino International Airport,large_airport,06071,San Bernardino,2022-12-01,0.004833333333333334,6,1,FALSE,8.11249694824221,4.631061205370133,72.08333333333333,91.85916666666667,-0.026908677553414584,-0.1575108973399977,TRUE,FALSE,0,-5.144166686720778
0-4 km,3867,KSBD,KSBD,SBD,San Bernardino International Airport,large_airport,06071,San Bernardino,2023-01-01,0.0034000000000000002,5,1,FALSE,5.620001220703148,3.867756023610833,81.45,91.9465,0.2404642847270612,0.20924897487099367,TRUE,FALSE,0,-5.426150738057921
0-4 km,3867,KSBD,KSBD,SBD,San Bernardino International Airport,large_airport,06071,San Bernardino,2023-02-01,0.00375,4,1,FALSE,7.6187301635742415,3.5765717541668143,57.625,91.736875,0.05915277200552971,-0.2120387861539166,TRUE,FALSE,0,-5.349610660935587
0-4 km,3867,KSBD,KSBD,SBD,San Bernardino International Airport,large_airport,06071,San Bernardino,2023-03-01,0.0028333333333333335,6,1,FALSE,7.17499186197919,3.4158960072541062,80.70833333333333,91.73375,0.3928369064459544,-0.0016474889766348727,TRUE,FALSE,0,-5.5640205322810425
0-4 km,3867,KSBD,KSBD,SBD,San Bernardino International Airport,large_airport,06071,San Bernardino,2023-04-01,0.0048000000000000004,5,1,FALSE,14.369989013671898,2.4946522921355725,55.15,91.5265,0.5367143424751303,-0.36213718070781403,TRUE,FALSE,0,-5.149897361429764
0-4 km,3867,KSBD,KSBD,SBD,San Bernardino International Airport,large_airport,06071,San Bernardino,2023-05-01,0.004,5,1,FALSE,16.665002441406273,3.535219394284458,56.7,91.568,0.45876376617176445,-0.46604699959989776,TRUE,FALSE,0,-5.298317366548036
0-4 km,3867,KSBD,KSBD,SBD,San Bernardino International Airport,large_airport,06071,San Bernardino,2023-06-01,0.00375,4,1,FALSE,18.887498474121116,3.9257503227567323,55.375,91.53562500000001,0.36793468650796207,-0.5520884294778576,TRUE,FALSE,0,-5.349610660935587
0-4 km,3867,KSBD,KSBD,SBD,San Bernardino International Airport,large_airport,06071,San Bernardino,2023-07-01,0.0066,5,1,FALSE,24.899993896484396,4.876340503514351,42.1,91.706,-0.658381317709064,-0.6122609353189037,TRUE,FALSE,0,-4.879607031689852
0-4 km,3867,KSBD,KSBD,SBD,San Bernardino International Airport,large_airport,06071,San Bernardino,2023-08-01,0.0048000000000000004,5,1,FALSE,23.584997558593773,4.718988646801487,53.1,91.768,-0.18984956986820264,-0.4246217098026252,TRUE,FALSE,0,-5.149897361429764
0-4 km,3867,KSBD,KSBD,SBD,San Bernardino International Airport,large_airport,06071,San Bernardino,2023-09-01,0.0058,5,1,FALSE,21.249987792968774,2.7373606566824273,60.3,91.749,0.17716525182657267,-0.5188084854748483,TRUE,FALSE,0,-4.990832666800076
0-4 km,3867,KSBD,KSBD,SBD,San Bernardino International Airport,large_airport,06071,San Bernardino,2023-10-01,0.0066,5,1,FALSE,18.8549987792969,3.7161675285542515,54.35,91.705,0.18970305520192215,-0.06574758073602449,TRUE,FALSE,0,-4.879607031689852
0-4 km,3867,KSBD,KSBD,SBD,San Bernardino International Airport,large_airport,06071,San Bernardino,2023-11-01,0.0096,5,1,FALSE,13.024987792968773,3.581003032232595,40.45,91.938,0.11223733193745863,0.5230773930279704,TRUE,FALSE,0,-4.546901277864116
0-4 km,3867,KSBD,KSBD,SBD,San Bernardino International Airport,large_airport,06071,San Bernardino,2023-12-01,0.0064,5,1,FALSE,9.639978027343773,3.4536359086398596,69.2,91.885,0.47511192165719074,0.12263715095240028,TRUE,FALSE,0,-4.9062752787720125
0-4 km,3867,KSBD,KSBD,SBD,San Bernardino International Airport,large_airport,06071,San Bernardino,2024-01-01,0.01,6,1,FALSE,9.283319091796898,2.8605171912271476,71.875,91.86541666666666,-0.19293958925281354,-0.05833888258053652,TRUE,FALSE,0,-4.509860006183766
0-4 km,3867,KSBD,KSBD,SBD,San Bernardino International Airport,large_airport,06071,San Bernardino,2024-02-01,0.003,4,1,FALSE,8.043748474121116,3.9362500166031316,84.875,91.70125,-0.48583723578785143,0.10772764889497986,TRUE,FALSE,0,-5.521460917862246
0-4 km,3867,KSBD,KSBD,SBD,San Bernardino International Airport,large_airport,06071,San Bernardino,2024-03-01,0.003,6,1,FALSE,8.89167175292971,1.8183576639035057,80.625,91.45875,-0.17112785999148133,0.04061896065905423,TRUE,FALSE,0,-5.521460917862246
0-4 km,3867,KSBD,KSBD,SBD,San Bernardino International Airport,large_airport,06071,San Bernardino,2024-04-01,0.0044,5,1,FALSE,14.639984130859398,2.133517418953251,56.4,91.537,0.26460750938855826,-0.6409698357534102,TRUE,FALSE,0,-5.221356325411908
0-4 km,3867,KSBD,KSBD,SBD,San Bernardino International Airport,large_airport,06071,San Bernardino,2024-05-01,0.0046,5,1,FALSE,16.324993896484397,5.757351790094579,52.85,91.5175,0.09599240233728853,-0.34315387859971197,TRUE,FALSE,0,-5.184988681241033
0-4 km,3867,KSBD,KSBD,SBD,San Bernardino International Airport,large_airport,06071,San Bernardino,2024-06-01,0.0052,5,1,FALSE,21.6749938964844,3.6385515782046616,44.5,91.4745,0.13118405459340227,-0.646374951328309,TRUE,FALSE,0,-5.083205986931091
0-4 km,3867,KSBD,KSBD,SBD,San Bernardino International Airport,large_airport,06071,San Bernardino,2024-07-01,0.00725,4,1,FALSE,24.793748474121116,3.838415462175104,39.9375,91.655,0.4401985406537877,-0.32564196766177805,TRUE,FALSE,0,-4.797542078635548
0-4 km,3867,KSBD,KSBD,SBD,San Bernardino International Airport,large_airport,06071,San Bernardino,2024-08-01,0.0098,5,1,FALSE,24.24499511718752,4.451199091411781,43.65,91.6765,-0.12341867296943061,-0.6886795928210958,TRUE,FALSE,0,-4.528209144851963
0-4 km,3867,KSBD,KSBD,SBD,San Bernardino International Airport,large_airport,06071,San Bernardino,2024-09-01,0.0104,5,1,FALSE,22.264984130859396,4.933165682038899,48.15,91.535,-0.18617124512702027,-0.3201465302911936,TRUE,FALSE,0,-4.474141923581687
0-4 km,3867,KSBD,KSBD,SBD,San Bernardino International Airport,large_airport,06071,San Bernardino,2024-10-01,0.0082,5,1,FALSE,20.9299987792969,2.875589279036411,43.8,91.796,-0.3131544126157879,-0.4990494797633652,TRUE,FALSE,0,-4.688551794927142
0-4 km,3867,KSBD,KSBD,SBD,San Bernardino International Airport,large_airport,06071,San Bernardino,2024-11-01,0.0074,5,1,FALSE,11.999993896484398,3.5998469218079676,50.8,91.943,0.24637056237485705,-0.20032815200802725,TRUE,FALSE,0,-4.779523573132869
0-4 km,3867,KSBD,KSBD,SBD,San Bernardino International Airport,large_airport,06071,San Bernardino,2024-12-01,0.0114,5,1,FALSE,12.359997558593772,4.08692271438809,46.4,92.113,-0.16814588511576967,0.18178231761842964,TRUE,FALSE,0,-4.390058806371146
0-4 km,3906,KSTP,KSTP,STP,Saint Paul Downtown Holman Field,medium_airport,27123,Ramsey,2016-01-01,0.005363636363636364,11,2,FALSE,-7.920474520596568,3.667710558591026,86.8409090909091,97.27272727272727,-0.20541883632681499,-0.1325157185830419,FALSE,FALSE,0,-5.057155309731149
0-4 km,3906,KSTP,KSTP,STP,Saint Paul Downtown Holman Field,medium_airport,27123,Ramsey,2016-02-01,0.0015,8,2,FALSE,-6.143759155273415,5.793220685916196,84.25,97.83625,-0.0493354246292027,-0.011665291894739499,FALSE,FALSE,0,-5.991464547107982
0-4 km,3906,KSTP,KSTP,STP,Saint Paul Downtown Holman Field,medium_airport,27123,Ramsey,2016-03-01,0.00425,12,2,FALSE,1.1541483561198145,5.412310336621172,83.70833333333333,96.995,-0.4728390253778272,0.17873932962619504,FALSE,FALSE,0,-5.249527202378605
0-4 km,3906,KSTP,KSTP,STP,Saint Paul Downtown Holman Field,medium_airport,27123,Ramsey,2016-04-01,0.0045,10,2,FALSE,8.839984130859397,6.027412103214434,78.25,97.53,-0.17246014659756306,-0.03644716670944701,FALSE,FALSE,0,-5.2030071867437115
0-4 km,3906,KSTP,KSTP,STP,Saint Paul Downtown Holman Field,medium_airport,27123,Ramsey,2016-05-01,0.0086,10,2,FALSE,16.014996337890647,6.182323441988102,75,97.39150000000001,-0.4521891527425696,-0.24554097478921197,FALSE,FALSE,0,-4.645992180508347
0-4 km,3906,KSTP,KSTP,STP,Saint Paul Downtown Holman Field,medium_airport,27123,Ramsey,2016-06-01,0.0052,10,2,FALSE,18.754992675781274,3.858962432223307,81.35,97.25,-0.477942834591217,0.12278642565446289,FALSE,FALSE,0,-5.083205986931091
0-4 km,3906,KSTP,KSTP,STP,Saint Paul Downtown Holman Field,medium_airport,27123,Ramsey,2016-07-01,0.0035,10,2,FALSE,22.209991455078146,5.265244879978473,83.55,97.1225,0.09577790012502455,-0.28069199835457415,FALSE,FALSE,0,-5.403677882205863
0-4 km,3906,KSTP,KSTP,STP,Saint Paul Downtown Holman Field,medium_airport,27123,Ramsey,2016-08-01,0.0074,10,2,FALSE,22.284997558593773,4.784404159438465,74.75,97.4805,-0.369916105295421,-0.6501865472340845,FALSE,FALSE,0,-4.779523573132869
0-4 km,3906,KSTP,KSTP,STP,Saint Paul Downtown Holman Field,medium_airport,27123,Ramsey,2016-09-01,0.0033,10,2,FALSE,17.470007324218773,3.536931833650537,68.3,97.5455,-0.41155379310633955,-0.16206833549955346,FALSE,FALSE,0,-5.44914025628262
0-4 km,3906,KSTP,KSTP,STP,Saint Paul Downtown Holman Field,medium_airport,27123,Ramsey,2016-10-01,0.006,10,2,FALSE,10.464996337890648,4.1134136123381,73.95,97.8155,-0.29951899694135775,-0.2878972551411453,FALSE,FALSE,0,-4.961845129926823
0-4 km,3906,KSTP,KSTP,STP,Saint Paul Downtown Holman Field,medium_airport,27123,Ramsey,2016-11-01,0.0118,10,2,FALSE,4.594982910156273,5.889978560469677,76.3,97.9605,0.049603783150235815,0.3051009491836527,FALSE,FALSE,0,-4.358310108056566
0-4 km,3906,KSTP,KSTP,STP,Saint Paul Downtown Holman Field,medium_airport,27123,Ramsey,2016-12-01,0.0025714285714285713,7,2,FALSE,-6.903583635602656,5.20513284331313,81.42857142857143,97.13714285714286,-0.2705545440290978,-0.6011746702155061,FALSE,FALSE,0,-5.634789603169249
0-4 km,3906,KSTP,KSTP,STP,Saint Paul Downtown Holman Field,medium_airport,27123,Ramsey,2017-01-01,0.0013333333333333333,6,1,FALSE,-8.179179890950499,6.772392774174646,81,97.41833333333334,-0.3520921800216101,0.09547471570778068,FALSE,FALSE,0,-6.060457418594933
0-4 km,3906,KSTP,KSTP,STP,Saint Paul Downtown Holman Field,medium_airport,27123,Ramsey,2017-02-01,0.003,3,1,FALSE,-1.2749999999999773,6.118655086437993,82.75,96.95,0.2729471247980882,0.12398705418015799,FALSE,FALSE,0,-5.521460917862246
0-4 km,3906,KSTP,KSTP,STP,Saint Paul Downtown Holman Field,medium_airport,27123,Ramsey,2017-03-01,0.0018,5,1,FALSE,-1.7600036621093522,3.3980382851754536,75.8,97.64,0.0732014907932882,0.6467097391298097,FALSE,FALSE,0,-5.8781358618009785
0-4 km,3906,KSTP,KSTP,STP,Saint Paul Downtown Holman Field,medium_airport,27123,Ramsey,2017-04-01,0.0046,5,1,FALSE,9.464990234375023,4.999749126425201,73.15,97.51350000000001,-0.5882965210228158,0.09785439608008059,FALSE,FALSE,0,-5.184988681241033
0-4 km,3906,KSTP,KSTP,STP,Saint Paul Downtown Holman Field,medium_airport,27123,Ramsey,2017-05-01,0.0018333333333333333,6,1,FALSE,9.73748677571617,5.330268404142144,78.95833333333333,97.03416666666666,-0.14293894564334161,0.5116940663885249,FALSE,FALSE,0,-5.866301404153976
0-4 km,3906,KSTP,KSTP,STP,Saint Paul Downtown Holman Field,medium_airport,27123,Ramsey,2017-06-01,0.0016,5,1,FALSE,16.704986572265646,3.6230678432124908,88,96.99799999999999,-0.46023980320432795,0.307567774936256,FALSE,FALSE,0,-5.952243833954701
0-4 km,3906,KSTP,KSTP,STP,Saint Paul Downtown Holman Field,medium_airport,27123,Ramsey,2017-07-01,0.0022,5,1,FALSE,22.195001220703148,3.772232054230566,79.1,97.4345,-0.0474075837957636,-0.31893374128907637,FALSE,FALSE,0,-5.744604469176456
0-4 km,3906,KSTP,KSTP,STP,Saint Paul Downtown Holman Field,medium_airport,27123,Ramsey,2017-08-01,0.002,5,1,FALSE,17.659985351562522,5.483591668186704,84.8,97.3925,-0.24179015973339574,0.23711224148862564,FALSE,FALSE,0,-5.809142990314028
0-4 km,3906,KSTP,KSTP,STP,Saint Paul Downtown Holman Field,medium_airport,27123,Ramsey,2017-09-01,0.00275,4,1,FALSE,19.431237792968773,5.364618636234976,67.125,97.51625,-0.064115561851674,-0.4878138842292261,FALSE,FALSE,0,-5.585999438999818
0-4 km,3906,KSTP,KSTP,STP,Saint Paul Downtown Holman Field,medium_airport,27123,Ramsey,2017-10-01,0.0026,5,1,FALSE,7.284985351562523,4.977362838197264,80.9,97.7955,-0.12127152207554165,0.123662426000692,FALSE,FALSE,0,-5.626821433520073
0-4 km,3906,KSTP,KSTP,STP,Saint Paul Downtown Holman Field,medium_airport,27123,Ramsey,2017-11-01,0.001,5,1,FALSE,0.9849914550781478,4.361180314723926,79.9,97.3825,-0.11312437605017533,0.20078327868730872,FALSE,FALSE,0,-6.214608098422191
0-4 km,3906,KSTP,KSTP,STP,Saint Paul Downtown Holman Field,medium_airport,27123,Ramsey,2017-12-01,0.0018,5,1,FALSE,-9.055010986328103,4.779858244923229,83.15,97.7805,0.6963262419455324,0.311040472262289,FALSE,FALSE,0,-5.8781358618009785
0-4 km,3906,KSTP,KSTP,STP,Saint Paul Downtown Holman Field,medium_airport,27123,Ramsey,2018-01-01,0.0022,5,1,FALSE,-9.465008544921853,5.547772470974961,76.45,97.666,-0.7648132821567829,-0.44510937808275747,FALSE,FALSE,0,-5.744604469176456
0-4 km,3906,KSTP,KSTP,STP,Saint Paul Downtown Holman Field,medium_airport,27123,Ramsey,2018-02-01,0.0012000000000000001,5,1,FALSE,-10.705004882812478,4.546205116593857,83.95,97.54599999999999,-0.24235456166204866,-0.1279944508041103,FALSE,FALSE,0,-6.119297918617867
0-4 km,3906,KSTP,KSTP,STP,Saint Paul Downtown Holman Field,medium_airport,27123,Ramsey,2018-03-01,6.000000000000001e-4,5,1,FALSE,-2.8200134277343523,5.177759911503492,84.4,97.681,-0.3626156847401729,0.1192164639506292,FALSE,FALSE,0,-6.437751649736401
0-4 km,3906,KSTP,KSTP,STP,Saint Paul Downtown Holman Field,medium_airport,27123,Ramsey,2018-04-01,0.0022,5,1,FALSE,-0.7800109863281023,4.978628816152766,67.95,97.736,-0.6309033621329379,0.06412312787090911,FALSE,FALSE,0,-5.744604469176456
0-4 km,3906,KSTP,KSTP,STP,Saint Paul Downtown Holman Field,medium_airport,27123,Ramsey,2018-05-01,0.0076,5,1,FALSE,16.79998779296877,5.189776646461443,81.2,97.2205,-0.8240821829548949,0.02548372320763594,FALSE,FALSE,0,-4.755993075722675
0-4 km,3906,KSTP,KSTP,STP,Saint Paul Downtown Holman Field,medium_airport,27123,Ramsey,2018-06-01,0.0018,5,1,FALSE,18.384991455078147,3.1746150148469683,85.75,97.4245,-0.7288470961429134,0.4777028336367073,FALSE,FALSE,0,-5.8781358618009785
0-4 km,3906,KSTP,KSTP,STP,Saint Paul Downtown Holman Field,medium_airport,27123,Ramsey,2018-07-01,0.0028333333333333335,6,1,FALSE,22.320825195312523,6.146742262618882,74.08333333333333,97.55041666666666,-0.2905222999301193,-0.2897811443130006,FALSE,FALSE,0,-5.5640205322810425
0-4 km,3906,KSTP,KSTP,STP,Saint Paul Downtown Holman Field,medium_airport,27123,Ramsey,2018-08-01,0.003,5,1,FALSE,21.595001220703146,6.077249361687077,69.2,97.56,-0.6635689646063176,-0.20910547090138812,FALSE,FALSE,0,-5.521460917862246
0-4 km,3906,KSTP,KSTP,STP,Saint Paul Downtown Holman Field,medium_airport,27123,Ramsey,2018-09-01,0.0022,5,1,FALSE,16.525000000000023,5.8705179116834625,74.8,97.6725,0.4374815742455271,-0.006041041212329479,FALSE,FALSE,0,-5.744604469176456
0-4 km,3906,KSTP,KSTP,STP,Saint Paul Downtown Holman Field,medium_airport,27123,Ramsey,2018-10-01,0.0016,5,1,FALSE,5.114996337890648,3.864186653499512,77.8,97.6425,0.05219384121925613,0.5030540269738569,FALSE,FALSE,0,-5.952243833954701
0-4 km,3906,KSTP,KSTP,STP,Saint Paul Downtown Holman Field,medium_airport,27123,Ramsey,2018-11-01,0.0014,5,1,FALSE,-4.060015869140602,4.644755369837647,86.35,97.6375,0.23286051712528236,0.16106735850867793,FALSE,FALSE,0,-6.032286541628237
0-4 km,3906,KSTP,KSTP,STP,Saint Paul Downtown Holman Field,medium_airport,27123,Ramsey,2018-12-01,0.0028,5,1,FALSE,-6.470013427734353,4.95600223919856,90.55,97.3315,-0.4427739398177932,-0.31466086535409393,FALSE,FALSE,0,-5.572754212249797
0-4 km,3906,KSTP,KSTP,STP,Saint Paul Downtown Holman Field,medium_airport,27123,Ramsey,2019-01-01,6.000000000000001e-4,5,1,FALSE,-12.925012207031227,5.688230798951406,84.15,97.778,-0.3521836968958754,0.0305258178920531,FALSE,FALSE,0,-6.437751649736401
0-4 km,3906,KSTP,KSTP,STP,Saint Paul Downtown Holman Field,medium_airport,27123,Ramsey,2019-02-01,0.0018,5,1,FALSE,-11.145001220703103,4.392791311925921,79,97.557,-0.3260508208488609,-0.21313559385617892,FALSE,FALSE,0,-5.8781358618009785
0-4 km,3906,KSTP,KSTP,STP,Saint Paul Downtown Holman Field,medium_airport,27123,Ramsey,2019-03-01,0.0018,5,1,FALSE,-3.9600128173827898,3.6525994218545925,82.6,97.50750000000001,-0.12362693013391199,0.5422346046984367,FALSE,FALSE,0,-5.8781358618009785
0-4 km,3906,KSTP,KSTP,STP,Saint Paul Downtown Holman Field,medium_airport,27123,Ramsey,2019-04-01,0.0028,5,1,FALSE,7.599981689453148,5.7614473675437115,71.85,97.147,-0.4702753417235392,0.18705928048896195,FALSE,FALSE,0,-5.572754212249797
0-4 km,3906,KSTP,KSTP,STP,Saint Paul Downtown Holman Field,medium_airport,27123,Ramsey,2019-05-01,0.0034,5,1,FALSE,9.664996337890647,4.931683788909693,84.65,97.4305,-0.6554460857538751,0.48497278535375804,FALSE,FALSE,0,-5.426150738057922
0-4 km,3906,KSTP,KSTP,STP,Saint Paul Downtown Holman Field,medium_airport,27123,Ramsey,2019-06-01,0.0024000000000000002,5,1,FALSE,16.669995117187522,4.652986610715711,75.85,97.1455,0.2759698574388595,-0.2767112806597224,FALSE,FALSE,0,-5.683979847360021
0-4 km,3906,KSTP,KSTP,STP,Saint Paul Downtown Holman Field,medium_airport,27123,Ramsey,2019-07-01,0.0016,5,1,FALSE,22.144995117187523,4.562526931489709,82.05,97.34,-0.10134196563702118,-0.195421859494405,FALSE,FALSE,0,-5.952243833954701
0-4 km,3906,KSTP,KSTP,STP,Saint Paul Downtown Holman Field,medium_airport,27123,Ramsey,2019-08-01,0.0023333333333333335,6,1,FALSE,19.424986775716167,5.212159894249686,66.04166666666667,97.57166666666666,-0.6122344233457099,-0.2989778617951398,FALSE,FALSE,0,-5.703782474656201
0-4 km,3906,KSTP,KSTP,STP,Saint Paul Downtown Holman Field,medium_airport,27123,Ramsey,2019-09-01,0.0012000000000000001,5,1,FALSE,19.589996337890646,7.958071849720534,83.75,97.26,-0.37261563423832283,-0.28814958140160535,FALSE,FALSE,0,-6.119297918617867
0-4 km,3906,KSTP,KSTP,STP,Saint Paul Downtown Holman Field,medium_airport,27123,Ramsey,2019-10-01,2e-4,5,1,FALSE,4.064984130859398,7.536838094572832,76.85,97.3385,-0.509565545200892,-0.37168844161077874,FALSE,FALSE,0,-6.725433722188182
0-4 km,3906,KSTP,KSTP,STP,Saint Paul Downtown Holman Field,medium_airport,27123,Ramsey,2019-11-01,6.000000000000001e-4,5,1,FALSE,-3.245013427734352,5.8801889282556425,81.15,97.918,-0.3089465369585622,-0.072589957454882,FALSE,FALSE,0,-6.437751649736401
0-4 km,3906,KSTP,KSTP,STP,Saint Paul Downtown Holman Field,medium_airport,27123,Ramsey,2019-12-01,0.0026,5,1,FALSE,-6.040011596679665,2.965750318432307,89.6,97.2645,-0.5986097413599347,-0.030855592447989865,FALSE,FALSE,0,-5.626821433520073
0-4 km,3906,KSTP,KSTP,STP,Saint Paul Downtown Holman Field,medium_airport,27123,Ramsey,2020-01-01,0.001,4,1,FALSE,-9.493769073486305,6.5620683709966725,89.1875,97.85875,-0.6369976258032105,0.3289242540232056,FALSE,FALSE,0,-6.214608098422191
0-4 km,3906,KSTP,KSTP,STP,Saint Paul Downtown Holman Field,medium_airport,27123,Ramsey,2020-02-01,0.0024444444444444444,9,2,FALSE,-8.911121961805533,6.202040893956976,78.5,97.76805555555555,-0.18486818023333657,-0.17940001761890206,FALSE,FALSE,0,-5.6709926518332106
0-4 km,3906,KSTP,KSTP,STP,Saint Paul Downtown Holman Field,medium_airport,27123,Ramsey,2020-03-01,0.0086,10,2,FALSE,-1.6650146484374773,6.644800205329014,87.9,97.665,-0.4153854205695439,0.09260987844870111,FALSE,FALSE,0,-4.645992180508347
0-4 km,3906,KSTP,KSTP,STP,Saint Paul Downtown Holman Field,medium_airport,27123,Ramsey,2020-04-01,0.006,10,2,FALSE,3.339984130859398,4.695149394159428,71.45,97.219,-0.3375815936475789,0.18630815641898119,FALSE,FALSE,0,-4.961845129926823
0-4 km,3906,KSTP,KSTP,STP,Saint Paul Downtown Holman Field,medium_airport,27123,Ramsey,2020-05-01,0.0116,10,2,FALSE,13.325006103515648,3.9354265682322938,71.95,97.393,-0.5381069492709456,0.4036496046442039,FALSE,FALSE,0,-4.374058465024705
0-4 km,3906,KSTP,KSTP,STP,Saint Paul Downtown Holman Field,medium_airport,27123,Ramsey,2020-06-01,0.0218,10,2,FALSE,20.894989013671896,5.673342789111074,72.5,97.2745,-0.6916730671036155,-0.33572440667580117,FALSE,FALSE,0,-3.780994743021742
0-4 km,3906,KSTP,KSTP,STP,Saint Paul Downtown Holman Field,medium_airport,27123,Ramsey,2020-07-01,0.0144,10,2,FALSE,23.224987792968772,7.475786321226357,78.9,97.257,-0.5736791444878226,-0.20629581211436918,FALSE,FALSE,0,-4.173387769562553
0-4 km,3906,KSTP,KSTP,STP,Saint Paul Downtown Holman Field,medium_airport,27123,Ramsey,2020-08-01,0.01025,12,2,FALSE,21.983331298828148,5.1854863040609915,65.66666666666667,97.33041666666666,-0.6261913125652345,-0.5831881139726571,FALSE,FALSE,0,-4.487387150331708
0-4 km,3906,KSTP,KSTP,STP,Saint Paul Downtown Holman Field,medium_airport,27123,Ramsey,2020-09-01,0.0116,10,2,FALSE,15.684997558593773,4.593357924695685,66.75,97.2525,-0.7974223372579592,0.08711130257546168,FALSE,FALSE,0,-4.374058465024705
0-4 km,3906,KSTP,KSTP,STP,Saint Paul Downtown Holman Field,medium_airport,27123,Ramsey,2020-10-01,0.017625000000000002,8,2,FALSE,6.5468612670898665,3.706603974929704,76.9375,97.2975,-0.7266996767822499,-0.08629912970879822,FALSE,FALSE,0,-3.983250514716514
0-4 km,3906,KSTP,KSTP,STP,Saint Paul Downtown Holman Field,medium_airport,27123,Ramsey,2020-11-01,0.006555555555555556,9,2,FALSE,-0.24446207682289392,1.9571543460328737,82.88888888888889,97.67388888888888,0.6403689867568687,0.49134819085712195,FALSE,FALSE,0,-4.88547215114225
0-4 km,3906,KSTP,KSTP,STP,Saint Paul Downtown Holman Field,medium_airport,27123,Ramsey,2020-12-01,0.011300000000000001,10,2,FALSE,-4.805017089843727,5.467734397640986,86.6,97.4075,-0.005990716787534831,-0.3007707375192954,FALSE,FALSE,0,-4.398156016603765
0-4 km,3906,KSTP,KSTP,STP,Saint Paul Downtown Holman Field,medium_airport,27123,Ramsey,2021-01-01,0.0024444444444444444,9,2,FALSE,-7.944450547960047,4.259034283835004,87.58333333333333,97.55861111111112,-0.09014156214624247,-0.08960441123827616,FALSE,FALSE,0,-5.6709926518332106
0-4 km,3906,KSTP,KSTP,STP,Saint Paul Downtown Holman Field,medium_airport,27123,Ramsey,2021-02-01,0.003,10,2,FALSE,-12.660012817382789,4.25030499147333,79.35,97.9415,-0.41724901519773816,-0.5078886992689396,FALSE,FALSE,0,-5.521460917862246
0-4 km,3906,KSTP,KSTP,STP,Saint Paul Downtown Holman Field,medium_airport,27123,Ramsey,2021-03-01,0.0184,10,2,FALSE,2.1350036621093977,6.878402195854085,86.95,97.302,-0.8356375219824688,-0.3204964895665056,FALSE,FALSE,0,-3.9424822129128545
0-4 km,3906,KSTP,KSTP,STP,Saint Paul Downtown Holman Field,medium_airport,27123,Ramsey,2021-04-01,0.0079,10,2,FALSE,7.654992675781273,4.340166312920756,79.75,97.259,0.38038437440563067,0.053475782551755266,FALSE,FALSE,0,-4.721704002244043
0-4 km,3906,KSTP,KSTP,STP,Saint Paul Downtown Holman Field,medium_airport,27123,Ramsey,2021-05-01,0.0143,10,2,FALSE,10.724993896484397,7.669452079076374,82.45,97.7905,-0.3653081729222077,0.2586630405419515,FALSE,FALSE,0,-4.179902450583747
0-4 km,3906,KSTP,KSTP,STP,Saint Paul Downtown Holman Field,medium_airport,27123,Ramsey,2021-06-01,0.0189,10,2,FALSE,19.654998779296896,6.127386538540611,79.75,97.1915,-0.8046112864060713,0.09460168386476679,FALSE,FALSE,0,-3.9170355472516905
0-4 km,3906,KSTP,KSTP,STP,Saint Paul Downtown Holman Field,medium_airport,27123,Ramsey,2021-07-01,0.017,10,2,FALSE,21.654998779296896,4.364852016361859,72.55,97.5685,-0.4400699521704882,-0.16807927787997456,FALSE,FALSE,0,-4.017383521085972
0-4 km,3906,KSTP,KSTP,STP,Saint Paul Downtown Holman Field,medium_airport,27123,Ramsey,2021-08-01,0.01,8,2,FALSE,21.61248931884768,4.489732759452922,69.5,97.513125,-0.7719903020011013,-0.14875224295118059,FALSE,FALSE,0,-4.509860006183766
0-4 km,3906,KSTP,KSTP,STP,Saint Paul Downtown Holman Field,medium_airport,27123,Ramsey,2021-09-01,0.0126,10,2,FALSE,18.11499633789065,4.594323379804126,63.45,97.2675,-0.22679563484367105,-0.10403904768126276,FALSE,FALSE,0,-4.29768548624013
0-4 km,3906,KSTP,KSTP,STP,Saint Paul Downtown Holman Field,medium_airport,27123,Ramsey,2021-10-01,0.054599999999999996,10,2,FALSE,13.354998779296897,5.559775310375382,73.45,97.511,-0.1952359832497636,0.026489259189118895,FALSE,FALSE,0,-2.8895720777256004
0-4 km,3906,KSTP,KSTP,STP,Saint Paul Downtown Holman Field,medium_airport,27123,Ramsey,2021-11-01,0.0060999999999999995,10,2,FALSE,3.7649841308593976,6.32288653166979,77.2,96.806,-0.302388187631195,-0.2890189408354859,FALSE,FALSE,0,-4.947660494934867
0-4 km,3906,KSTP,KSTP,STP,Saint Paul Downtown Holman Field,medium_airport,27123,Ramsey,2021-12-01,0.0016666666666666668,9,2,FALSE,-7.880570475260394,6.129632318547847,86.13888888888889,97.05499999999999,-0.32871686426527225,-0.008929805243677875,FALSE,FALSE,0,-5.926926025970411
0-4 km,3906,KSTP,KSTP,STP,Saint Paul Downtown Holman Field,medium_airport,27123,Ramsey,2022-01-01,0.0011250000000000001,8,2,FALSE,-12.415638351440407,4.379333626158662,84.3125,97.07718750000001,-0.1357500677901697,0.34383854025937466,TRUE,FALSE,0,-6.153983476605757
0-4 km,3906,KSTP,KSTP,STP,Saint Paul Downtown Holman Field,medium_airport,27123,Ramsey,2022-02-01,0.0022,10,2,FALSE,-9.65502014160154,6.42281756089797,84.55,97.389,-0.4903648454862905,0.1223973072898177,TRUE,FALSE,0,-5.744604469176456
0-4 km,3906,KSTP,KSTP,STP,Saint Paul Downtown Holman Field,medium_airport,27123,Ramsey,2022-03-01,0.0027,10,2,FALSE,-3.6650024414062274,5.439766421726169,88.9,96.899,-0.13054350319042435,0.6727943234475947,TRUE,FALSE,0,-5.599422459331958
0-4 km,3906,KSTP,KSTP,STP,Saint Paul Downtown Holman Field,medium_airport,27123,Ramsey,2022-04-01,0.0085,8,2,FALSE,7.006250000000023,5.733157165783669,84.5,97.075,-0.736484086801652,-0.4198030802556628,TRUE,FALSE,0,-4.656463480375642
0-4 km,3906,KSTP,KSTP,STP,Saint Paul Downtown Holman Field,medium_airport,27123,Ramsey,2022-05-01,0.02388888888888889,9,2,FALSE,14.186100260416689,4.583966190387471,68.30555555555556,97.49944444444445,0.23751554203523004,0.08969195547184741,TRUE,FALSE,0,-3.6933338044633164
0-4 km,3906,KSTP,KSTP,STP,Saint Paul Downtown Holman Field,medium_airport,27123,Ramsey,2022-06-01,0.0086,10,2,FALSE,18.85999145507815,5.961414678468265,62.55,97.3535,-0.6967544822632674,-0.4785670981536505,TRUE,FALSE,0,-4.645992180508347
0-4 km,3906,KSTP,KSTP,STP,Saint Paul Downtown Holman Field,medium_airport,27123,Ramsey,2022-07-01,0.0033,10,2,FALSE,21.389996337890647,7.754795166030118,75.95,97.346,-0.14373579872869494,-0.2627127622276808,TRUE,FALSE,0,-5.44914025628262
0-4 km,3906,KSTP,KSTP,STP,Saint Paul Downtown Holman Field,medium_airport,27123,Ramsey,2022-08-01,0.0054,10,2,FALSE,20.720001220703146,4.418854307151383,74.6,97.3995,-0.08860132811534331,-0.3267565323365018,TRUE,FALSE,0,-5.051457288616511
0-4 km,3906,KSTP,KSTP,STP,Saint Paul Downtown Holman Field,medium_airport,27123,Ramsey,2022-09-01,0.0132,10,2,FALSE,20.604992675781272,5.378308316895806,61.2,97.2545,-0.040563548918825035,-0.5086809000427166,TRUE,FALSE,0,-4.254513314374922
0-4 km,3906,KSTP,KSTP,STP,Saint Paul Downtown Holman Field,medium_airport,27123,Ramsey,2022-10-01,0.0064,10,2,FALSE,6.299987792968773,4.743950130385405,60.75,97.443,-0.5459700939202946,0.1124140157480566,TRUE,FALSE,0,-4.9062752787720125
0-4 km,3906,KSTP,KSTP,STP,Saint Paul Downtown Holman Field,medium_airport,27123,Ramsey,2022-11-01,0.0085,10,2,FALSE,-0.21001586914060227,2.950754343841191,66.25,97.8035,-0.07979812516289045,-0.0067324379813728935,TRUE,FALSE,0,-4.656463480375642
0-4 km,3906,KSTP,KSTP,STP,Saint Paul Downtown Holman Field,medium_airport,27123,Ramsey,2022-12-01,0.002,12,2,FALSE,-10.166670227050759,6.268512583175853,85.83333333333333,97.84958333333333,-0.2593210735490103,-0.17115924134305077,TRUE,FALSE,0,-5.809142990314028
0-4 km,3906,KSTP,KSTP,STP,Saint Paul Downtown Holman Field,medium_airport,27123,Ramsey,2023-01-01,0.008400000000000001,10,2,FALSE,-7.540014648437477,4.546351850513042,91.05,97.7085,-0.19177440778685606,0.4512168303239189,TRUE,FALSE,0,-4.667045589706179
0-4 km,3906,KSTP,KSTP,STP,Saint Paul Downtown Holman Field,medium_airport,27123,Ramsey,2023-02-01,0.002375,8,2,FALSE,-6.950010681152321,6.360724270766134,81.375,97.4875,-0.14177334956356302,0.22125085670329753,TRUE,FALSE,0,-5.691359954657644
0-4 km,3906,KSTP,KSTP,STP,Saint Paul Downtown Holman Field,medium_airport,27123,Ramsey,2023-03-01,0.015083333333333332,12,2,FALSE,-1.9333455403645605,4.849297899756625,85.5,97.32875,-0.30497342143012707,0.48542742302745473,TRUE,FALSE,0,-4.129971739865252
0-4 km,3906,KSTP,KSTP,STP,Saint Paul Downtown Holman Field,medium_airport,27123,Ramsey,2023-04-01,0.005,10,2,FALSE,3.6749877929687726,8.217069616025004,77.3,97.076,-0.7641255601873386,-0.1259052292589148,TRUE,FALSE,0,-5.115995809754082
0-4 km,3906,KSTP,KSTP,STP,Saint Paul Downtown Holman Field,medium_airport,27123,Ramsey,2023-05-01,0.0293,10,2,FALSE,17.474987792968772,5.343093839604195,80.25,97.3475,-0.8311170375417777,-0.29153360201117345,TRUE,FALSE,0,-3.4966075664668135
0-4 km,3906,KSTP,KSTP,STP,Saint Paul Downtown Holman Field,medium_airport,27123,Ramsey,2023-06-01,0.0287,10,2,FALSE,20.269995117187523,5.846688939834549,76.9,97.325,-0.486044649825687,-0.20202234700998803,TRUE,FALSE,0,-3.516608233173483
0-4 km,3906,KSTP,KSTP,STP,Saint Paul Downtown Holman Field,medium_airport,27123,Ramsey,2023-07-01,0.0112,10,2,FALSE,19.435009765625022,3.2048510728541983,78.45,97.3165,-0.12720255458871255,0.8113251038131125,TRUE,FALSE,0,-4.406319327242926
0-4 km,3906,KSTP,KSTP,STP,Saint Paul Downtown Holman Field,medium_airport,27123,Ramsey,2023-08-01,0.0087,10,2,FALSE,22.1100036621094,4.339395438212297,73.55,97.345,-0.2834378579144389,-0.1631817036294659,TRUE,FALSE,0,-4.6356293934728
0-4 km,3906,KSTP,KSTP,STP,Saint Paul Downtown Holman Field,medium_airport,27123,Ramsey,2023-09-01,0.023,8,2,FALSE,20.00312194824221,5.617930958621135,74.25,97.65625,0.3141076497495724,-0.47150351858260087,TRUE,FALSE,0,-3.7297014486341915
0-4 km,3906,KSTP,KSTP,STP,Saint Paul Downtown Holman Field,medium_airport,27123,Ramsey,2023-10-01,0.0032222222222222222,9,2,FALSE,11.416646999783008,4.592408321497355,76.97222222222223,97.25972222222222,-0.18096375976921494,0.42046100015408905,TRUE,FALSE,0,-5.46739369659197
0-4 km,3906,KSTP,KSTP,STP,Saint Paul Downtown Holman Field,medium_airport,27123,Ramsey,2023-11-01,0.013,10,2,FALSE,1.3349914550781476,7.335196783472095,81.3,97.5195,-0.6454426614537768,-0.43102234323052113,TRUE,FALSE,0,-4.268697949366879
0-4 km,3906,KSTP,KSTP,STP,Saint Paul Downtown Holman Field,medium_airport,27123,Ramsey,2023-12-01,0.0119,10,2,FALSE,1.0649780273437728,4.610821272294022,83.5,97.361,-0.3669452137287359,-0.396868758075294,TRUE,FALSE,0,-4.350527967614511
0-4 km,3906,KSTP,KSTP,STP,Saint Paul Downtown Holman Field,medium_airport,27123,Ramsey,2024-01-01,0.0024545454545454545,11,2,FALSE,-8.620467307350829,4.975624406098552,93.63636363636364,97.48295454545455,-0.49934923991413493,0.10750278056160044,TRUE,FALSE,0,-5.668064392054122
0-4 km,3906,KSTP,KSTP,STP,Saint Paul Downtown Holman Field,medium_airport,27123,Ramsey,2024-02-01,0.013375,8,2,FALSE,-2.5687469482421648,5.658197234549573,74.25,97.200625,-0.516497216584194,-0.13899868542049065,TRUE,FALSE,0,-4.242264692298723
0-4 km,3906,KSTP,KSTP,STP,Saint Paul Downtown Holman Field,medium_airport,27123,Ramsey,2024-03-01,0.005363636363636364,11,2,FALSE,2.481810968572466,5.675202756419919,78.88636363636364,96.95886363636363,-0.19861141877438424,-0.04597600919728077,TRUE,FALSE,0,-5.057155309731149
0-4 km,3906,KSTP,KSTP,STP,Saint Paul Downtown Holman Field,medium_airport,27123,Ramsey,2024-04-01,0.009647058823529411,17,3,FALSE,6.711771527458662,3.650131560949473,82.69117647058823,97.34264705882353,-0.4403954187501447,0.11339506521507005,TRUE,FALSE,0,-4.542471591772527
0-4 km,3906,KSTP,KSTP,STP,Saint Paul Downtown Holman Field,medium_airport,27123,Ramsey,2024-05-01,0.0052,15,3,FALSE,16.73498535156252,4.402197075516703,76.4,96.925,0.1286567090557752,-0.8921983953525312,TRUE,FALSE,0,-5.083205986931091
0-4 km,3906,KSTP,KSTP,STP,Saint Paul Downtown Holman Field,medium_airport,27123,Ramsey,2024-06-01,0.0022,15,3,FALSE,18.65999145507815,3.924134504655849,88.75,96.704,-0.8329929840230684,-0.07124202349271347,TRUE,FALSE,0,-5.744604469176456
0-4 km,3906,KSTP,KSTP,STP,Saint Paul Downtown Holman Field,medium_airport,27123,Ramsey,2024-07-01,0.0054,15,3,FALSE,19.939990234375024,5.949337530733399,88.4,97.28699999999999,-0.7220618052149423,0.25559538878178745,TRUE,FALSE,0,-5.051457288616511
0-4 km,3906,KSTP,KSTP,STP,Saint Paul Downtown Holman Field,medium_airport,27123,Ramsey,2024-08-01,0.0048000000000000004,15,3,FALSE,19.1749938964844,4.573491618950612,82.25,97.507,-0.3472906273564163,-0.12770939499517625,TRUE,FALSE,0,-5.149897361429764
0-4 km,3906,KSTP,KSTP,STP,Saint Paul Downtown Holman Field,medium_airport,27123,Ramsey,2024-09-01,0.008466666666666666,15,3,FALSE,19.92000122070315,5.3204232115023435,67.65,97.5655,-0.08564105930794877,-0.7176346010873235,TRUE,FALSE,0,-4.6599784224830865
0-4 km,3906,KSTP,KSTP,STP,Saint Paul Downtown Holman Field,medium_airport,27123,Ramsey,2024-10-01,0.013600000000000001,15,3,FALSE,12.544989013671898,6.3175172307663265,60.15,97.86449999999999,-0.4968664243922701,-0.16665807922547032,TRUE,FALSE,0,-4.226733750267846
0-4 km,3906,KSTP,KSTP,STP,Saint Paul Downtown Holman Field,medium_airport,27123,Ramsey,2024-11-01,0.0036666666666666666,15,3,FALSE,0.11998291015627274,4.551810161474634,86.5,97.5255,-0.4300394721844238,-0.07392739722041564,TRUE,FALSE,0,-5.367310238034988
0-4 km,3906,KSTP,KSTP,STP,Saint Paul Downtown Holman Field,medium_airport,27123,Ramsey,2024-12-01,0.002285714285714286,14,3,FALSE,-6.123223005022298,6.259387713242657,86.25,97.94232142857143,-0.08451743700474072,-0.12979867905669182,TRUE,FALSE,0,-5.718171212108301
