distance_band,airport_id,airport_ident,gps_code,local_code,airport_name,airport_type,airport_county_fips,month,mean_lead,n_obs,n_monitors,is_reid_hillview,air_temp,wind_speed,rhum,pres,wind_dir_sin,wind_dir_cos,post,treated,treated_post,log_lead
0-4 km,13222,6CL8,6CL8,6CL8,Harley Airport,small_airport,06077,2000-01-01,0.006,6,1,FALSE,11.766676839192732,4.045963805871875,82.66666666666667,100.50333333333333,-0.3435494773566269,-0.36472917651987075,FALSE,FALSE,0,-4.961845129926823
0-4 km,13222,6CL8,6CL8,6CL8,Harley Airport,small_airport,06077,2000-02-01,0.002,4,1,FALSE,9.635003662109398,5.932425664181993,84.74500274658203,99.595,0.41378538373865287,-0.5088275994951161,FALSE,FALSE,0,-5.809142990314028
0-4 km,13222,6CL8,6CL8,6CL8,Harley Airport,small_airport,06077,2000-03-01,0.0031666666666666666,6,1,FALSE,12.619999186197939,6.865607240282055,73.16666666666667,100.08,0.5777176924593449,0.4506499002388746,FALSE,FALSE,0,-5.480638923341991
0-4 km,13222,6CL8,6CL8,6CL8,Harley Airport,small_airport,06077,2000-04-01,0.004,4,1,FALSE,14.534997558593773,7.2715563208011975,69.875,100.205,-0.16251030010812945,0.43854171960444577,FALSE,FALSE,0,-5.298317366548036
0-4 km,13222,6CL8,6CL8,6CL8,Harley Airport,small_airport,06077,2000-05-01,0.0052,5,1,FALSE,14.438012695312523,7.390646684572178,67.75,99.806,0.45641239504627235,0.8785256874529296,FALSE,FALSE,0,-5.083205986931091
0-4 km,13222,6CL8,6CL8,6CL8,Harley Airport,small_airport,06077,2000-06-01,0.003,4,1,FALSE,16.999993896484398,8.651137261231625,63.25,99.66,0.728127660303328,0.662470955856471,FALSE,FALSE,0,-5.521460917862246
0-4 km,13222,6CL8,6CL8,6CL8,Harley Airport,small_airport,06077,2000-07-01,0.0076,5,1,FALSE,15.592004394531273,4.809919513831866,78.15,99.85,0.413207651661047,0.7397361371431195,FALSE,FALSE,0,-4.755993075722675
0-4 km,13222,6CL8,6CL8,6CL8,Harley Airport,small_airport,06077,2000-08-01,0.007666666666666667,6,1,FALSE,19.436680094401066,5.392526932475034,63.333333333333336,99.61666666666667,-0.03965249152579741,0.36396908391081306,FALSE,FALSE,0,-4.748271029628765
0-4 km,13222,6CL8,6CL8,6CL8,Harley Airport,small_airport,06077,2000-09-01,0.005666666666666667,6,1,FALSE,17.45666910807294,5.224462491220638,70.83333333333333,99.90166666666667,-0.4208149070372484,0.7745145744327786,FALSE,FALSE,0,-5.0106352940962555
0-4 km,13222,6CL8,6CL8,6CL8,Harley Airport,small_airport,06077,2000-10-01,0.0184,5,1,FALSE,14.547998046875023,5.09277678119499,82.5980010986328,99.928,-0.8673309015439954,0.32189810851625855,FALSE,FALSE,0,-3.9424822129128545
0-4 km,13222,6CL8,6CL8,6CL8,Harley Airport,small_airport,06077,2000-11-01,0.007,3,1,FALSE,11.346673583984398,4.256828253047308,83.83333333333333,100.22,-0.7106399616373213,0.5844886264116801,FALSE,FALSE,0,-4.8283137373023015
0-4 km,13222,6CL8,6CL8,6CL8,Harley Airport,small_airport,06077,2000-12-01,0.014499999999999999,2,1,FALSE,13.809991455078148,3.294493434900849,74.125,100.03999999999999,-0.9303851628347394,0.36114807792381565,FALSE,FALSE,0,-4.166915255056936
0-4 km,13222,6CL8,6CL8,6CL8,Harley Airport,small_airport,06077,2001-01-01,0.00425,4,1,FALSE,9.330003356933616,3.9152448719348376,86,100.12,0.3710761223266705,0.318075935865173,FALSE,FALSE,0,-5.249527202378605
0-4 km,13222,6CL8,6CL8,6CL8,Harley Airport,small_airport,06077,2001-02-01,0.007333333333333333,3,1,FALSE,10.830000813802107,6.220280198116218,89.75,100.03333333333333,-0.24697617129940966,-0.24425336895425373,FALSE,FALSE,0,-4.787491742782046
0-4 km,13222,6CL8,6CL8,6CL8,Harley Airport,small_airport,06077,2001-03-01,0.00625,4,1,FALSE,11.777497863769554,5.090759465481086,86.3125,100.135,-0.2107785986475412,0.5694066880150727,FALSE,FALSE,0,-4.926753810115554
0-4 km,13222,6CL8,6CL8,6CL8,Harley Airport,small_airport,06077,2001-04-01,0.002,2,1,FALSE,9.404992675781273,5.1335295709420485,93.375,99.60499999999999,-0.9785920689098442,0.1969483313234015,FALSE,FALSE,0,-5.809142990314028
0-4 km,13222,6CL8,6CL8,6CL8,Harley Airport,small_airport,06077,2001-05-01,0.007,3,1,FALSE,15.790002441406273,4.79264935505967,72.75,99.97666666666666,-0.6945472524902387,0.42950484591880383,FALSE,FALSE,0,-4.8283137373023015
0-4 km,13222,6CL8,6CL8,6CL8,Harley Airport,small_airport,06077,2001-06-01,0.0026666666666666666,3,1,FALSE,18.40333455403648,5.793064697074403,60,99.82333333333334,-0.6504187877427362,0.7152086329862333,FALSE,FALSE,0,-5.608472294851876
0-4 km,13222,6CL8,6CL8,6CL8,Harley Airport,small_airport,06077,2001-07-01,0.002,2,1,FALSE,17.129998779296898,2.3487422203796573,72.375,99.695,0.7888188315275695,-0.29723529418598554,FALSE,FALSE,0,-5.809142990314028
0-4 km,13222,6CL8,6CL8,6CL8,Harley Airport,small_airport,06077,2001-08-01,0.005666666666666667,3,1,FALSE,18.65333455403648,4.27048985172361,68.5,99.54666666666667,-0.7580542127043394,0.6104752509572606,FALSE,FALSE,0,-5.0106352940962555
0-4 km,13222,6CL8,6CL8,6CL8,Harley Airport,small_airport,06077,2001-09-01,0.0115,2,1,FALSE,17.345010375976585,5.516247906320896,67.875,99.595,-0.0880949665808094,-0.2515623643811592,FALSE,FALSE,0,-4.382026634673881
0-4 km,13222,6CL8,6CL8,6CL8,Harley Airport,small_airport,06077,2001-10-01,0.008857142857142857,7,1,FALSE,16.555723353794665,6.13352312596572,72.78571428571429,99.92428571428572,-0.9483277229257114,-0.07588487884663829,FALSE,FALSE,0,-4.6195589234401915
0-4 km,13222,6CL8,6CL8,6CL8,Harley Airport,small_airport,06077,2001-11-01,0.01,4,1,FALSE,15.91999206542971,3.5848579638370017,78.25,100.13499999999999,-0.8431920016888093,-0.1461585621942512,FALSE,FALSE,0,-4.509860006183766
0-4 km,13222,6CL8,6CL8,6CL8,Harley Airport,small_airport,06077,2001-12-01,0.006,6,1,FALSE,9.989994303385439,8.53565222461382,83.74666849772136,99.88333333333334,-0.9173343197957962,0.12613028469286605,FALSE,FALSE,0,-4.961845129926823
0-4 km,13222,6CL8,6CL8,6CL8,Harley Airport,small_airport,06077,2002-01-01,0.0045000000000000005,4,1,FALSE,10.214990234375023,4.8113775405149335,84.375,100.565,0.8173449557258945,0.2955680864679939,FALSE,FALSE,0,-5.2030071867437115
0-4 km,13222,6CL8,6CL8,6CL8,Harley Airport,small_airport,06077,2002-02-01,0.010142857142857143,7,1,FALSE,10.854289899553594,4.455141619340418,88.78571428571429,100.44142857142857,-0.025318736120087487,0.28934398459832805,FALSE,FALSE,0,-4.496956601347859
0-4 km,13222,6CL8,6CL8,6CL8,Harley Airport,small_airport,06077,2002-03-01,0.006,5,1,FALSE,10.554003906250022,2.1380167726095167,77.65,100.214,-0.6950553837290794,0.4143995872482201,FALSE,FALSE,0,-4.961845129926823
0-4 km,13222,6CL8,6CL8,6CL8,Harley Airport,small_airport,06077,2002-04-01,0.01,6,1,FALSE,14.873335774739607,3.276153468483455,79.66666666666667,99.64333333333333,0.019129511394110243,0.2992922026495349,FALSE,FALSE,0,-4.509860006183766
0-4 km,13222,6CL8,6CL8,6CL8,Harley Airport,small_airport,06077,2002-05-01,0.00375,4,1,FALSE,12.300012207031273,5.082503066626031,80,99.655,0.41811982981257884,-0.03519558230922171,FALSE,FALSE,0,-5.349610660935587
0-4 km,13222,6CL8,6CL8,6CL8,Harley Airport,small_airport,06077,2002-06-01,0.0075,6,1,FALSE,16.166670735677105,3.1858774898120696,72.75,99.61666666666666,0.34704556961804267,0.43591414348935853,FALSE,FALSE,0,-4.767689115485866
0-4 km,13222,6CL8,6CL8,6CL8,Harley Airport,small_airport,06077,2002-07-01,0.007,6,1,FALSE,17.99000447591148,4.190897838825427,71.58333333333333,99.80333333333333,0.8305301500141933,0.12805770091232666,FALSE,FALSE,0,-4.8283137373023015
0-4 km,13222,6CL8,6CL8,6CL8,Harley Airport,small_airport,06077,2002-08-01,0.005833333333333334,6,1,FALSE,18.22333170572919,2.1127693212128422,68.83333333333333,99.72666666666666,-0.8242749803335171,0.3538917665062463,FALSE,FALSE,0,-4.985942681505884
0-4 km,13222,6CL8,6CL8,6CL8,Harley Airport,small_airport,06077,2002-09-01,0.004833333333333334,6,1,FALSE,16.393334960937523,3.0594837815672884,75.41666666666667,99.66666666666667,-0.11049259374152896,0.19649689599654763,FALSE,FALSE,0,-5.144166686720778
0-4 km,13222,6CL8,6CL8,6CL8,Harley Airport,small_airport,06077,2002-10-01,0.005875,4,1,FALSE,14.200006103515648,5.123958022995831,74.5,99.83,-0.9881486147076048,0.11429058751162403,FALSE,FALSE,0,-4.979863635429502
0-4 km,13222,6CL8,6CL8,6CL8,Harley Airport,small_airport,06077,2002-11-01,0.010785714285714286,7,1,FALSE,14.394289725167434,4.619319267526504,53.285714285714285,100.27285714285715,-0.10843451676306358,0.47522211366566397,FALSE,FALSE,0,-4.440867134696815
0-4 km,13222,6CL8,6CL8,6CL8,Harley Airport,small_airport,06077,2002-12-01,0.012,6,1,FALSE,11.790002441406273,3.6886120237745366,85.91666666666667,100.35666666666667,-0.5274525395895162,0.14597316000839253,FALSE,FALSE,0,-4.3428059215206005
0-4 km,13222,6CL8,6CL8,6CL8,Harley Airport,small_airport,06077,2003-01-01,0.01,6,1,FALSE,12.673343912760439,2.60564041209379,89.5,100.45,0.4562956562579838,0.7937721213229006,FALSE,FALSE,0,-4.509860006183766
0-4 km,13222,6CL8,6CL8,6CL8,Harley Airport,small_airport,06077,2003-02-01,0.001875,4,1,FALSE,9.285012817382835,4.254999471088151,82.375,100.15,0.3866498991099092,0.9145333365717794,FALSE,FALSE,0,-5.851702604732823
0-4 km,13222,6CL8,6CL8,6CL8,Harley Airport,small_airport,06077,2007-01-01,0.0108,4,1,FALSE,7.675012207031273,6.6152488905333175,78.75,101.075,-0.5773090203388763,0.5654443625696784,FALSE,FALSE,0,-4.439655747510518
0-4 km,13222,6CL8,6CL8,6CL8,Harley Airport,small_airport,06077,2007-02-01,0.01134,10,1,FALSE,10.132006835937522,4.628930999986127,87.35,100.024,-0.10166799589062411,0.13946852186461828,FALSE,FALSE,0,-4.394909260504895
0-4 km,13222,6CL8,6CL8,6CL8,Harley Airport,small_airport,06077,2007-03-01,0.00930909090909091,11,1,FALSE,13.009995339133546,4.454349274721866,85.4090909090909,100.18,-0.5484588972954304,0.4985714023960781,FALSE,FALSE,0,-4.574729160486855
0-4 km,13222,6CL8,6CL8,6CL8,Harley Airport,small_airport,06077,2007-04-01,0.0054,4,1,FALSE,11.29999694824221,4.454421903249144,78.375,100.38,0.2363794101594893,0.8703687084873328,FALSE,FALSE,0,-5.051457288616511
0-4 km,13222,6CL8,6CL8,6CL8,Harley Airport,small_airport,06077,2007-05-01,0.00845,6,1,FALSE,14.446669514973982,3.5785960724720423,71.58333333333333,100.02,0.3029860849529353,0.5336869581729352,FALSE,FALSE,0,-4.6617405374764855
0-4 km,13222,6CL8,6CL8,6CL8,Harley Airport,small_airport,06077,2007-06-01,0.007475,4,1,FALSE,16.55500183105471,5.035237424407127,69.125,99.59,0.09015445751613399,0.7593033083380143,FALSE,FALSE,0,-4.770634625715623
0-4 km,13222,6CL8,6CL8,6CL8,Harley Airport,small_airport,06077,2007-07-01,0.0057,3,1,FALSE,17.48334147135419,4.399305390185969,77.33333333333333,99.61333333333333,0.12180764069320194,0.5274247797184037,FALSE,FALSE,0,-5.005647752585217
0-4 km,13222,6CL8,6CL8,6CL8,Harley Airport,small_airport,06077,2007-08-01,0.009425,4,1,FALSE,19.564996337890648,3.797285171051663,68,99.57499999999999,-0.8017450505523993,0.5971224749829677,FALSE,FALSE,0,-4.563548511297272
0-4 km,13222,6CL8,6CL8,6CL8,Harley Airport,small_airport,06077,2007-09-01,0.0056,4,1,FALSE,19.032510375976585,3.131064469619175,63.9375,99.67999999999999,-0.6587316086548382,0.6801277420796659,FALSE,FALSE,0,-5.0206856299497575
0-4 km,13222,6CL8,6CL8,6CL8,Harley Airport,small_airport,06077,2007-10-01,0.0081,4,1,FALSE,14.804986572265648,3.855721630042283,64.25,99.99000000000001,-0.5861224445393616,0.0470135455048154,FALSE,FALSE,0,-4.699480865459333
0-4 km,13222,6CL8,6CL8,6CL8,Harley Airport,small_airport,06077,2007-11-01,0.0183,5,1,FALSE,12.826000976562522,6.027852592076013,66.85,100.25,-0.8530768799542798,0.5140093528106979,FALSE,FALSE,0,-3.947650183071297
0-4 km,13222,6CL8,6CL8,6CL8,Harley Airport,small_airport,06077,2007-12-01,0.0078,2,1,FALSE,10.329980468750023,3.3097488243530795,85.75,100.31,-0.6949177033720584,-0.7190892750834933,FALSE,FALSE,0,-4.733003557497977
0-4 km,13222,6CL8,6CL8,6CL8,Harley Airport,small_airport,06077,2009-01-01,0.001025,4,1,FALSE,10.822496032714866,4.330684329343858,78.75,100.4375,-0.7115368811307736,0.6825492100241484,FALSE,FALSE,0,-6.202185578423634
0-4 km,13222,6CL8,6CL8,6CL8,Harley Airport,small_airport,06077,2009-02-01,0.001225,4,1,FALSE,11.640008544921898,5.29494780104969,91.375,99.855,0.6314245951794041,-0.6817954278481027,FALSE,FALSE,0,-6.107998363363934
0-4 km,13222,6CL8,6CL8,6CL8,Harley Airport,small_airport,06077,2009-03-01,0.004414285714285714,7,1,FALSE,12.101438685825915,5.506257794088914,85.46428571428571,99.87428571428572,0.42249016731945943,0.26223254419591674,FALSE,FALSE,0,-5.21871431594907
0-4 km,13222,6CL8,6CL8,6CL8,Harley Airport,small_airport,06077,2009-04-01,0.007575,4,1,FALSE,15.205010986328148,4.327696867497489,66.375,99.91499999999999,-0.611612126532934,0.3003123755734271,FALSE,FALSE,0,-4.758904285930133
0-4 km,13222,6CL8,6CL8,6CL8,Harley Airport,small_airport,06077,2009-05-01,0.005966666666666667,6,1,FALSE,13.780013020833357,3.183992352571903,68.41666666666667,99.95333333333333,-0.0411478269652128,0.5861684706228587,FALSE,FALSE,0,-4.966618408679482
0-4 km,13222,6CL8,6CL8,6CL8,Harley Airport,small_airport,06077,2009-06-01,0.004399999999999999,6,1,FALSE,17.850020345052105,4.844103054290248,70.91666666666667,99.52666666666667,-0.3433837061766366,-0.060651509850075315,FALSE,FALSE,0,-5.221356325411908
0-4 km,13222,6CL8,6CL8,6CL8,Harley Airport,small_airport,06077,2009-07-01,0.00445,4,1,FALSE,17.840005493164085,3.319384714568148,67.75,99.81,-0.7696255484337055,0.6384769963734076,FALSE,FALSE,0,-5.212139670306985
0-4 km,13222,6CL8,6CL8,6CL8,Harley Airport,small_airport,06077,2009-08-01,0.0031333333333333335,6,1,FALSE,19.830000813802105,5.007496974747779,59.833333333333336,99.71666666666667,-0.2422510696807149,0.5601299119652446,FALSE,FALSE,0,-5.488671095039256
0-4 km,13222,6CL8,6CL8,6CL8,Harley Airport,small_airport,06077,2009-09-01,0.006725,4,1,FALSE,20.200006103515648,3.105437757299079,54.25,99.825,-0.6124002377408503,0.5901253028147668,FALSE,FALSE,0,-4.863293456198328
0-4 km,13222,6CL8,6CL8,6CL8,Harley Airport,small_airport,06077,2009-10-01,0.006166666666666667,6,1,FALSE,14.370009358723982,7.168968511096143,62.083333333333336,99.66,-0.36377778706422037,0.8462055935408347,FALSE,FALSE,0,-4.938314632516629
0-4 km,13222,6CL8,6CL8,6CL8,Harley Airport,small_airport,06077,2009-11-01,0.010175,4,1,FALSE,11.844995117187523,7.597621403037286,71.875,100.03999999999999,-0.9433404542800173,0.32387614829683997,FALSE,FALSE,0,-4.494076138482504
0-4 km,13222,6CL8,6CL8,6CL8,Harley Airport,small_airport,06077,2009-12-01,0.00656,5,1,FALSE,9.860009765625023,6.0597510096821825,88.2,100.1,-0.9695717630003552,0.014835365607577717,FALSE,FALSE,0,-4.884884088790695
0-4 km,13222,6CL8,6CL8,6CL8,Harley Airport,small_airport,06077,2010-04-01,0.00385,6,1,FALSE,11.613326009114607,3.322134966306884,78.08333333333333,100.01,0.938070400711476,0.17479493648970001,FALSE,FALSE,0,-5.328776574032745
0-4 km,13222,6CL8,6CL8,6CL8,Harley Airport,small_airport,06077,2010-05-01,0.00205,4,1,FALSE,13.144998168945335,5.389070074213,74.25,100.22999999999999,0.9194502827217126,0.3930802026624482,FALSE,FALSE,0,-5.792613688362817
0-4 km,13222,6CL8,6CL8,6CL8,Harley Airport,small_airport,06077,2010-06-01,0.0013333333333333333,6,1,FALSE,15.853326416015648,2.8280124597524323,76.66666666666667,99.85000000000001,-0.38584800399710023,0.45974117594819425,FALSE,FALSE,0,-6.060457418594933
0-4 km,13222,6CL8,6CL8,6CL8,Harley Airport,small_airport,06077,2010-07-01,0.002116666666666667,6,1,FALSE,17.306665039062523,2.5673137921173264,70.5,99.58666666666666,0.03627891528678589,0.3404894281529525,FALSE,FALSE,0,-5.770991224349651
0-4 km,13222,6CL8,6CL8,6CL8,Harley Airport,small_airport,06077,2010-08-01,0.0036,4,1,FALSE,18.69001159667971,2.9331413754346585,63.75,99.57,0.2072245148484433,0.6179944476544641,FALSE,FALSE,0,-5.381698975487088
0-4 km,13222,6CL8,6CL8,6CL8,Harley Airport,small_airport,06077,2010-09-01,0.0028666666666666667,6,1,FALSE,19.323327636718773,2.609384762242459,67,99.41666666666667,-0.5863858971551427,0.6379390916224426,FALSE,FALSE,0,-5.555362469537927
0-4 km,13222,6CL8,6CL8,6CL8,Harley Airport,small_airport,06077,2010-10-01,0.003025,4,1,FALSE,17.260003662109398,3.80758676559413,70.625,99.91499999999999,-0.26122805086831574,0.7580406953426708,FALSE,FALSE,0,-5.51523036811161
0-4 km,13222,6CL8,6CL8,6CL8,Harley Airport,small_airport,06077,2010-11-01,0.00265,2,1,FALSE,12.720010375976585,4.139991897056789,71.75,99.98,-0.28681812750434865,0.955017508716344,FALSE,FALSE,0,-5.613028111387737
0-4 km,13222,6CL8,6CL8,6CL8,Harley Airport,small_airport,06077,2010-12-01,0.001675,4,1,FALSE,12.184991455078148,4.8340142128162675,95,99.695,-0.014771414554675455,-0.4194657344954582,FALSE,FALSE,0,-5.923805898634167
0-4 km,13222,6CL8,6CL8,6CL8,Harley Airport,small_airport,06077,2011-01-01,0.003,3,1,FALSE,10.473352050781273,4.903582903563484,92.08333333333333,100.52,0.7038771151710849,0.6629918703077546,FALSE,FALSE,0,-5.521460917862246
0-4 km,13222,6CL8,6CL8,6CL8,Harley Airport,small_airport,06077,2011-06-01,0.00325,4,1,FALSE,16.825006103515648,3.254652731895278,70.25,99.495,0.7261738125593835,0.6869510827475511,FALSE,FALSE,0,-5.4608362960458114
0-4 km,13222,6CL8,6CL8,6CL8,Harley Airport,small_airport,06077,2011-07-01,0.0022,6,1,FALSE,16.86999918619794,3.7587492763859522,73.5,99.51333333333334,0.29976165788371967,0.7731258974826175,FALSE,FALSE,0,-5.744604469176456
0-4 km,13222,6CL8,6CL8,6CL8,Harley Airport,small_airport,06077,2011-08-01,0.0029666666666666665,6,1,FALSE,17.696679687500023,3.7560210532209597,73.83333333333333,99.54666666666667,-0.041284814139392535,0.5491915032803967,FALSE,FALSE,0,-5.529829167532763
0-4 km,13222,6CL8,6CL8,6CL8,Harley Airport,small_airport,06077,2011-09-01,0.0032500000000000003,4,1,FALSE,18.725015258789085,1.7088576517123046,73.625,99.825,0.0034787438300022955,0.3457772304767306,FALSE,FALSE,0,-5.4608362960458114
0-4 km,13222,6CL8,6CL8,6CL8,Harley Airport,small_airport,06077,2011-10-01,0.0047,5,1,FALSE,16.71600341796877,2.4487391843036073,68.8,99.94200000000001,-0.25901837867513006,0.7926534631199136,FALSE,FALSE,0,-5.1672891041416324
0-4 km,13222,6CL8,6CL8,6CL8,Harley Airport,small_airport,06077,2011-11-01,0.00485,4,1,FALSE,12.835000610351585,6.068317907095546,72.875,99.715,-0.4267899832682741,-0.7179248398462739,FALSE,FALSE,0,-5.141313617738372
0-4 km,13222,6CL8,6CL8,6CL8,Harley Airport,small_airport,06077,2012-01-01,0.021666666666666667,3,1,FALSE,10.056685384114607,2.4271259207836358,74.25,100.34,-0.7988275927527687,0.31455099196952674,FALSE,FALSE,0,-3.78685986247414
0-4 km,13222,6CL8,6CL8,6CL8,Harley Airport,small_airport,06077,2012-02-01,0.0038166666666666666,6,1,FALSE,9.266666666666689,3.5530009947012413,73,99.8,-0.1979444983509292,0.9480289301634832,FALSE,FALSE,0,-5.335673153091806
0-4 km,13222,6CL8,6CL8,6CL8,Harley Airport,small_airport,06077,2012-03-01,0.0016666666666666668,3,1,FALSE,11.459995524088564,2.7838068104898834,86.08333333333333,99.99666666666667,-0.631075424032115,0.48967203931486675,FALSE,FALSE,0,-5.926926025970411
0-4 km,13222,6CL8,6CL8,6CL8,Harley Airport,small_airport,06077,2012-04-01,0.00145,6,1,FALSE,11.526656087239607,4.185600979653435,78.41666666666667,100.34333333333333,-0.6657070051328903,0.6755524533525753,FALSE,FALSE,0,-6.011667254425501
0-4 km,13222,6CL8,6CL8,6CL8,Harley Airport,small_airport,06077,2012-05-01,0.0040999999999999995,4,1,FALSE,16.454995727539085,3.0858831636145356,69.25,99.795,0.08766152984690292,0.8364427033309564,FALSE,FALSE,0,-5.278514739251857
0-4 km,13222,6CL8,6CL8,6CL8,Harley Airport,small_airport,06077,2012-06-01,0.0032333333333333333,6,1,FALSE,15.636661783854189,3.8142013569798547,76.33333333333333,99.57000000000001,-0.5358345208962465,0.6841676607102051,FALSE,FALSE,0,-5.464765574185701
0-4 km,13222,6CL8,6CL8,6CL8,Harley Airport,small_airport,06077,2012-07-01,0.0029,4,1,FALSE,17.124993896484398,3.00398345400696,71.125,99.95,-0.2875670960642608,0.8960123546383206,FALSE,FALSE,0,-5.546778725846536
0-4 km,13222,6CL8,6CL8,6CL8,Harley Airport,small_airport,06077,2012-08-01,0.003966666666666667,6,1,FALSE,19.693343098958355,3.375446416589102,62.333333333333336,99.58333333333333,-0.2968201539290372,0.4420609061433621,FALSE,FALSE,0,-5.3050063546988335
0-4 km,13222,6CL8,6CL8,6CL8,Harley Airport,small_airport,06077,2012-09-01,0.00368,5,1,FALSE,17.800000000000022,3.3679080247718263,62.9,99.962,-0.7395559209949566,0.5350315719899726,FALSE,FALSE,0,-5.3644571690525815
0-4 km,13222,6CL8,6CL8,6CL8,Harley Airport,small_airport,06077,2012-10-01,0.0033750000000000004,4,1,FALSE,13.260003662109398,1.5754452601671012,82.25,99.97999999999999,0.08530422125998002,-0.8639064816756213,FALSE,FALSE,0,-5.431848759172559
0-4 km,13222,6CL8,6CL8,6CL8,Harley Airport,small_airport,06077,2012-11-01,0.003766666666666667,6,1,FALSE,15.339990234375023,7.083512276894582,80.25,99.86666666666667,-0.06531364659400873,-0.5419755102372863,FALSE,FALSE,0,-5.346108030384385
0-4 km,13222,6CL8,6CL8,6CL8,Harley Airport,small_airport,06077,2012-12-01,0.003225,4,1,FALSE,12.135003662109398,5.84442342597176,83,99.965,0.5292896491831623,-0.31937961076370974,FALSE,FALSE,0,-5.466736018173
0-4 km,13222,6CL8,6CL8,6CL8,Harley Airport,small_airport,06077,2013-01-01,0.008966666666666666,6,1,FALSE,8.763330078125023,4.838787704614149,70.08333333333333,100.76333333333334,0.46154994072905603,0.6614017329438187,FALSE,FALSE,0,-4.608509087253606
0-4 km,13222,6CL8,6CL8,6CL8,Harley Airport,small_airport,06077,2013-02-01,0.0026,4,1,FALSE,8.92499694824221,5.785171433193025,71.5,100.015,-0.2953665939139025,0.7625729008051702,FALSE,FALSE,0,-5.626821433520073
0-4 km,13222,6CL8,6CL8,6CL8,Harley Airport,small_airport,06077,2013-04-01,0.004725,4,1,FALSE,15.335015869140648,5.011532249496101,64.75,99.995,-0.4173842972110594,0.7447918172713399,FALSE,FALSE,0,-5.1629127295418336
0-4 km,13222,6CL8,6CL8,6CL8,Harley Airport,small_airport,06077,2013-05-01,0.0032166666666666667,6,1,FALSE,15.373325602213564,2.03413923537735,76.16666666666667,99.69666666666667,-0.21571843461267803,0.21028285199063587,FALSE,FALSE,0,-5.468710352476718
0-4 km,13222,6CL8,6CL8,6CL8,Harley Airport,small_airport,06077,2013-06-01,0.0055,4,1,FALSE,18.019998168945335,2.9101570175081006,66.5,99.545,0.04983261704960762,-0.019634743755339912,FALSE,FALSE,0,-5.035953102080546
0-4 km,13222,6CL8,6CL8,6CL8,Harley Airport,small_airport,06077,2013-07-01,5e-4,6,1,FALSE,18.746667480468773,3.513066099380638,71.5,99.73,-0.33056831936761305,-0.03420103704465468,FALSE,FALSE,0,-6.502290170873972
0-4 km,13222,6CL8,6CL8,6CL8,Harley Airport,small_airport,06077,2013-08-01,0.001125,4,1,FALSE,18.820001220703148,1.6224007973466088,70.75,99.735,-0.9219443913548113,-0.1750519708726563,FALSE,FALSE,0,-6.153983476605757
0-4 km,13222,6CL8,6CL8,6CL8,Harley Airport,small_airport,06077,2013-09-01,9.5e-4,6,1,FALSE,18.85333658854169,4.186017399750467,67.83333333333333,99.64,-0.24361100891459841,0.8505186871708064,FALSE,FALSE,0,-6.239925906406482
0-4 km,13222,6CL8,6CL8,6CL8,Harley Airport,small_airport,06077,2013-10-01,0.00875,2,1,FALSE,14.034997558593773,4.494842900060091,71.25,100.125,-0.8275134302657,0.5551685050116423,FALSE,FALSE,0,-4.630487993972381
0-4 km,13222,6CL8,6CL8,6CL8,Harley Airport,small_airport,06077,2013-11-01,0.00728,5,1,FALSE,13.930004882812522,2.4528984696030767,63.8,100.43599999999999,-0.1881301094983799,0.0570980117156988,FALSE,FALSE,0,-4.793912310584969
0-4 km,13222,6CL8,6CL8,6CL8,Harley Airport,small_airport,06077,2013-12-01,0.00935,6,1,FALSE,10.63000386555992,2.151602507396504,63.333333333333336,100.06666666666666,-0.16727091965128274,0.7042824052965473,FALSE,FALSE,0,-4.570768759270758
0-4 km,13222,6CL8,6CL8,6CL8,Harley Airport,small_airport,06077,2014-01-01,0.0129,4,1,FALSE,12.619989013671898,3.9351954415938497,77.25,100.035,0.8492270284187915,0.515446917524874,FALSE,FALSE,0,-4.275866438845491
0-4 km,13222,6CL8,6CL8,6CL8,Harley Airport,small_airport,06077,2014-02-01,0.002833333333333333,6,1,FALSE,11.463332112630232,4.153182779862038,81.91666666666667,99.52,-0.33472327540210184,-0.06485105112246735,FALSE,FALSE,0,-5.5640205322810425
0-4 km,13222,6CL8,6CL8,6CL8,Harley Airport,small_airport,06077,2014-03-01,0.012466666666666668,6,1,FALSE,13.546665445963564,4.565361492798996,72.58333333333333,100.02,0.5280918838572098,0.10256240299290502,FALSE,FALSE,0,-4.307537782683142
0-4 km,13222,6CL8,6CL8,6CL8,Harley Airport,small_airport,06077,2014-04-01,0.0017833333333333334,6,1,FALSE,14.213321940104189,5.413442186732708,75.91666666666667,99.97333333333333,-0.03747323420209855,0.7523511792108037,FALSE,FALSE,0,-5.884106028787483
0-4 km,13222,6CL8,6CL8,6CL8,Harley Airport,small_airport,06077,2014-05-01,0.0012,4,1,FALSE,16.119989013671898,4.408128776408856,66.75,100.035,-0.015818283520161014,0.855074616788506,FALSE,FALSE,0,-6.119297918617867
0-4 km,13222,6CL8,6CL8,6CL8,Harley Airport,small_airport,06077,2014-06-01,0.00935,6,1,FALSE,16.74000447591148,1.874849796751828,74.91666666666667,99.51666666666667,-0.23640894999388543,0.5828369430331333,FALSE,FALSE,0,-4.570768759270758
0-4 km,13222,6CL8,6CL8,6CL8,Harley Airport,small_airport,06077,2014-07-01,0.0035,4,1,FALSE,17.959985351562523,1.8524917997059047,79.625,99.84,0.049747349683794795,-0.9975190460670207,FALSE,FALSE,0,-5.403677882205863
0-4 km,13222,6CL8,6CL8,6CL8,Harley Airport,small_airport,06077,2014-08-01,0.004116666666666667,6,1,FALSE,19.530002848307316,5.333615021980936,68.16666666666667,99.77,0.8205682026941321,0.1972402458253075,FALSE,FALSE,0,-5.27525209361704
0-4 km,13222,6CL8,6CL8,6CL8,Harley Airport,small_airport,06077,2014-09-01,0.002,4,1,FALSE,18.325006103515648,1.6843332480503412,73.75,99.47,-0.3087727275721857,0.3900673810818527,FALSE,FALSE,0,-5.809142990314028
0-4 km,13222,6CL8,6CL8,6CL8,Harley Airport,small_airport,06077,2014-10-01,0.0059,6,1,FALSE,18.433333333333355,3.9207518284897174,62.916666666666664,99.8475,0.09917128874049609,0.3030708609152643,FALSE,FALSE,0,-4.976233867378923
0-4 km,13222,6CL8,6CL8,6CL8,Harley Airport,small_airport,06077,2014-11-01,0.006925000000000001,4,1,FALSE,16.91248474121096,3.984307358899451,67,100.20500000000001,0.07091235752752761,-0.046204358325316275,FALSE,FALSE,0,-4.837732959218792
0-4 km,13222,6CL8,6CL8,6CL8,Harley Airport,small_airport,06077,2014-12-01,0.00195,6,1,FALSE,12.516656494140648,3.9147939498601785,85.08333333333333,100.035,-0.34229769586203396,0.46572921472476536,FALSE,FALSE,0,-5.825950108630408
0-4 km,13222,6CL8,6CL8,6CL8,Harley Airport,small_airport,06077,2015-01-01,0.0025666666666666667,6,1,FALSE,13.391666666666689,3.059152572654703,84.75,100.4025,0.539340693472274,0.8386049808915211,FALSE,FALSE,0,-5.636123826182386
0-4 km,13222,6CL8,6CL8,6CL8,Harley Airport,small_airport,06077,2015-02-01,0.004775,4,1,FALSE,12.262490844726585,5.63511053203132,73.625,99.905,0.15225437180700618,0.9231224838340748,FALSE,FALSE,0,-5.15421702257428
0-4 km,13222,6CL8,6CL8,6CL8,Harley Airport,small_airport,06077,2015-03-01,0.0052833333333333335,6,1,FALSE,14.591648356119814,4.389311945485451,78.83333333333333,100.15166666666667,0.1384044573192023,0.9156157460726213,FALSE,FALSE,0,-5.069854653756227
0-4 km,13222,6CL8,6CL8,6CL8,Harley Airport,small_airport,06077,2015-04-01,0.003525,4,1,FALSE,13.387506103515648,2.911125380384062,84.5,99.79124999999999,-0.016189326060255693,0.8091557860018882,FALSE,FALSE,0,-5.398137701830247
0-4 km,13222,6CL8,6CL8,6CL8,Harley Airport,small_airport,06077,2015-05-01,0.003483333333333333,6,1,FALSE,14.841658528645857,3.0589674329544283,76.25,99.76166666666667,0.5441236689723459,0.6450736725189186,FALSE,FALSE,0,-5.407388461602399
0-4 km,13222,6CL8,6CL8,6CL8,Harley Airport,small_airport,06077,2015-06-01,0.009850000000000001,4,1,FALSE,18.16248474121096,1.7028135368035695,72.375,99.7125,0.7667280538135157,0.595510201957923,FALSE,FALSE,0,-4.523590198995668
0-4 km,13222,6CL8,6CL8,6CL8,Harley Airport,small_airport,06077,2015-07-01,0.00345,6,1,FALSE,20.28332926432294,2.030461813216794,67.75,99.52333333333334,-0.19021387298181378,-0.9126869714795919,FALSE,FALSE,0,-5.4148511828039885
0-4 km,13222,6CL8,6CL8,6CL8,Harley Airport,small_airport,06077,2015-08-01,0.0049250000000000006,4,1,FALSE,19.249993896484398,3.4980522567619694,77.125,99.59375,-0.7877282452797807,0.3248827812130592,FALSE,FALSE,0,-5.128574591960942
0-4 km,13222,6CL8,6CL8,6CL8,Harley Airport,small_airport,06077,2015-09-01,0.005433333333333333,6,1,FALSE,18.499993896484398,1.9167774477858337,77.66666666666667,99.42,0.2783485006043543,0.3584400477777452,FALSE,FALSE,0,-5.046262471739407
0-4 km,13222,6CL8,6CL8,6CL8,Harley Airport,small_airport,06077,2015-10-01,0.007075,4,1,FALSE,18.999993896484398,2.472498337008796,65.5,99.88374999999999,-0.1625784719130054,0.9857132086360901,FALSE,FALSE,0,-4.818982409873417
0-4 km,13222,6CL8,6CL8,6CL8,Harley Airport,small_airport,06077,2015-11-01,0.0018666666666666666,3,1,FALSE,14.949995930989607,5.040478479219571,87.5,99.91333333333333,-0.5539699050287945,0.5756535168361131,FALSE,FALSE,0,-5.8546053643907845
0-4 km,13222,6CL8,6CL8,6CL8,Harley Airport,small_airport,06077,2015-12-01,0.0056375,8,1,FALSE,11.399987792968773,4.237965880195677,76.75,100.375625,-0.8532750181103148,0.4289582714607567,FALSE,FALSE,0,-5.01501989241408
0-4 km,13222,6CL8,6CL8,6CL8,Harley Airport,small_airport,06077,2016-01-01,0.00975,6,1,FALSE,10.849979654947939,3.1129570332222576,82.83333333333333,100.32583333333334,-0.21860163810898217,0.007930810049854395,FALSE,FALSE,0,-4.532849524408466
0-4 km,13222,6CL8,6CL8,6CL8,Harley Airport,small_airport,06077,2016-02-01,0.005725,4,1,FALSE,11.78748474121096,4.344529186691685,83.75,100.07249999999999,0.4209636965979705,-0.0334749674899939,FALSE,FALSE,0,-5.0019233534942344
0-4 km,13222,6CL8,6CL8,6CL8,Harley Airport,small_airport,06077,2016-03-01,0.00245,6,1,FALSE,13.183323160807314,4.876694672012758,80.83333333333333,100.07583333333334,0.5488070391591573,0.11426556392124036,FALSE,FALSE,0,-5.669381047938868
0-4 km,13222,6CL8,6CL8,6CL8,Harley Airport,small_airport,06077,2016-04-01,0.00564,5,1,FALSE,16.075000000000024,4.567263078933786,66.05,99.93499999999999,-0.7435539584533356,0.6491104058365098,FALSE,FALSE,0,-5.014643315493794
0-4 km,13222,6CL8,6CL8,6CL8,Harley Airport,small_airport,06077,2016-05-01,0.006016666666666667,6,1,FALSE,14.591648356119814,1.1738564460316385,82.75,99.7925,0.1085128265270604,0.5566606572274377,FALSE,FALSE,0,-4.959467007521856
0-4 km,13222,6CL8,6CL8,6CL8,Harley Airport,small_airport,06077,2016-06-01,0.00344,5,1,FALSE,18.654992675781273,4.482457724631731,69.25,99.7355,-0.02748067233085738,-0.01836582291630128,FALSE,FALSE,0,-5.417100902538004
0-4 km,13222,6CL8,6CL8,6CL8,Harley Airport,small_airport,06077,2016-07-01,0.0048000000000000004,4,1,FALSE,18.649987792968773,3.9887371407206516,62.375,99.83500000000001,-0.43603070162140684,0.8478808245170882,FALSE,FALSE,0,-5.149897361429764
0-4 km,13222,6CL8,6CL8,6CL8,Harley Airport,small_airport,06077,2016-08-01,0.0027500000000000003,6,1,FALSE,17.758325195312523,2.390781037516497,70.75,99.77833333333334,-0.5109036329439841,0.2318940713262568,FALSE,FALSE,0,-5.585999438999817
0-4 km,13222,6CL8,6CL8,6CL8,Harley Airport,small_airport,06077,2016-09-01,0.008150000000000001,4,1,FALSE,18.29999694824221,1.5398013763018927,66.625,99.78875,0.2349501841555039,0.9142238820058486,FALSE,FALSE,0,-4.694001399694707
0-4 km,13222,6CL8,6CL8,6CL8,Harley Airport,small_airport,06077,2016-10-01,0.004083333333333333,6,1,FALSE,15.649997965494814,3.304049876623891,82.75,99.84083333333334,-0.05026318431222866,-0.6432051485638229,FALSE,FALSE,0,-5.281788064596826
0-4 km,13222,6CL8,6CL8,6CL8,Harley Airport,small_airport,06077,2016-11-01,0.0045,4,1,FALSE,15.91248474121096,5.5981419980652865,81.25,99.95124999999999,-0.8891709641618537,-0.08351789828952974,FALSE,FALSE,0,-5.2030071867437115
0-4 km,13222,6CL8,6CL8,6CL8,Harley Airport,small_airport,06077,2016-12-01,0.006166666666666667,6,1,FALSE,10.658319091796898,6.577278742775602,80.75,100.25916666666666,-0.8592811745647911,0.16475682440380948,FALSE,FALSE,0,-4.938314632516629
0-4 km,13222,6CL8,6CL8,6CL8,Harley Airport,small_airport,06077,2017-01-01,0.006585714285714286,7,1,FALSE,10.953563581194219,5.137458695000042,83.35714285714286,100.22892857142857,0.5758137366492128,-0.112419462361064,FALSE,FALSE,0,-4.881488499789557
0-4 km,13222,6CL8,6CL8,6CL8,Harley Airport,small_airport,06077,2017-02-01,0.005275,4,1,FALSE,10.00000915527346,4.383115798780954,79.75,100.21375,-0.8778816068114428,0.4760894641376404,FALSE,FALSE,0,-5.071181793964289
0-4 km,13222,6CL8,6CL8,6CL8,Harley Airport,small_airport,06077,2017-03-01,0.0076,4,1,FALSE,11.73749694824221,4.112565617537878,88.5,100.36625000000001,0.5713119912527551,0.0012290679794086934,FALSE,FALSE,0,-4.755993075722675
0-4 km,13222,6CL8,6CL8,6CL8,Harley Airport,small_airport,06077,2017-05-01,0.002766666666666667,6,1,FALSE,15.083317057291689,3.065138047652339,73.41666666666667,99.44416666666666,-0.23951289639438322,0.5644766308376976,FALSE,FALSE,0,-5.581564841931952
0-4 km,13222,6CL8,6CL8,6CL8,Harley Airport,small_airport,06077,2017-06-01,0.0019,4,1,FALSE,15.749993896484398,1.33953954472445,80.125,99.83,0.13551309955063076,0.7951113543955127,FALSE,FALSE,0,-5.843044541989709
0-4 km,13222,6CL8,6CL8,6CL8,Harley Airport,small_airport,06077,2017-07-01,0.0018833333333333332,6,1,FALSE,18.524997965494816,2.9591004962612297,65.66666666666667,99.895,0.002092168042430611,0.45707158878359644,FALSE,FALSE,0,-5.848808246706459
0-4 km,13222,6CL8,6CL8,6CL8,Harley Airport,small_airport,06077,2017-08-01,0.00645,4,1,FALSE,19.337487792968773,2.5705354665084656,71.75,99.725,-0.7932895103350353,0.5749416528576572,FALSE,FALSE,0,-4.899541246590669
0-4 km,13222,6CL8,6CL8,6CL8,Harley Airport,small_airport,06077,2017-09-01,0.00392,5,1,FALSE,20.134991455078147,1.6297508940298395,59.65,99.5935,-0.7656077767728052,0.39897492830439873,FALSE,FALSE,0,-5.314446748477921
0-4 km,13222,6CL8,6CL8,6CL8,Harley Airport,small_airport,06077,2017-10-01,0.005933333333333333,6,1,FALSE,15.933323160807314,3.0571875071624013,64.33333333333333,100.1275,-0.7760910035360773,0.3279694819118444,FALSE,FALSE,0,-4.971414580942975
0-4 km,13222,6CL8,6CL8,6CL8,Harley Airport,small_airport,06077,2017-11-01,0.004533333333333334,6,1,FALSE,13.533319091796898,3.2089801289319415,79.66666666666667,99.96666666666667,0.44602127363388094,-0.12693791545769506,FALSE,FALSE,0,-5.196964872287749
0-4 km,13222,6CL8,6CL8,6CL8,Harley Airport,small_airport,06077,2017-12-01,0.007575,4,1,FALSE,11.47498474121096,7.744540263694995,58.125,100.7425,-0.9037288829552168,0.4239266864777552,FALSE,FALSE,0,-4.758904285930133
0-4 km,13222,6CL8,6CL8,6CL8,Harley Airport,small_airport,06077,2018-01-01,0.0045249999999999995,6,1,FALSE,12.249983723958357,2.182318848956064,76,100.44,0.22898086057097242,0.5614149415218512,FALSE,FALSE,0,-5.198472031578321
0-4 km,13222,6CL8,6CL8,6CL8,Harley Airport,small_airport,06077,2018-02-01,0.0058975,4,1,FALSE,10.42499694824221,6.908188010549963,72,100.045,-0.432730324231615,0.5847904311453495,FALSE,FALSE,0,-4.976596251872833
0-4 km,13222,6CL8,6CL8,6CL8,Harley Airport,small_airport,06077,2018-03-01,0.0014733333333333332,6,1,FALSE,9.749993896484398,3.553249260690934,80.25,100.0575,0.03806969529820572,0.023882772964261053,FALSE,FALSE,0,-6.002188510470957
0-4 km,13222,6CL8,6CL8,6CL8,Harley Airport,small_airport,06077,2018-04-01,0.0013875,4,1,FALSE,12.42499694824221,2.515122416193055,84.5,100.345,-0.3963122525908505,0.8048550449744367,FALSE,FALSE,0,-6.037508485609389
0-4 km,13222,6CL8,6CL8,6CL8,Harley Airport,small_airport,06077,2018-05-01,0.0028,6,1,FALSE,13.47082417805992,1.5924825043864634,83.33333333333333,99.92166666666667,-0.47303307331237393,-0.0766607044450933,FALSE,FALSE,0,-5.572754212249797
0-4 km,13222,6CL8,6CL8,6CL8,Harley Airport,small_airport,06077,2018-06-01,0.0040425,4,1,FALSE,15.02497253417971,3.4766993086381173,79.625,99.85499999999999,-0.9443094475070207,-0.06218694310360762,FALSE,FALSE,0,-5.289853288135907
0-4 km,13222,6CL8,6CL8,6CL8,Harley Airport,small_airport,06077,2018-07-01,0.0030566666666666667,6,1,FALSE,19.31666463216148,3.9361429895431863,68.33333333333333,99.89416666666666,-0.8276006198767116,0.2487966482775807,FALSE,FALSE,0,-5.507393660650811
0-4 km,13222,6CL8,6CL8,6CL8,Harley Airport,small_airport,06077,2018-08-01,0.004713333333333333,6,1,FALSE,18.34998982747398,4.4400271747770805,68.25,99.91916666666667,-0.8033198095606588,0.3346459612070849,FALSE,FALSE,0,-5.164952654480613
0-4 km,13222,6CL8,6CL8,6CL8,Harley Airport,small_airport,06077,2018-09-01,0.0058175,4,1,FALSE,19.587503051757835,2.0676701768505934,61,99.515,0.458346080773692,0.8766165183473253,FALSE,FALSE,0,-4.988262443244531
0-4 km,13222,6CL8,6CL8,6CL8,Harley Airport,small_airport,06077,2018-10-01,0.010538333333333334,6,1,FALSE,15.716668701171898,3.4940431075999205,78.83333333333333,100.16083333333333,-0.7508967740406504,0.6518149655261686,FALSE,FALSE,0,-4.462080453520258
0-4 km,13222,6CL8,6CL8,6CL8,Harley Airport,small_airport,06077,2018-11-01,0.02141,4,1,FALSE,13.837487792968773,3.982187757049454,69.625,100.00125,-0.05676918703022854,0.4954681496776935,FALSE,FALSE,0,-3.7982479911693012
0-4 km,13222,6CL8,6CL8,6CL8,Harley Airport,small_airport,06077,2018-12-01,0.0034583333333333332,6,1,FALSE,12.174991861979189,5.37288576598099,65.08333333333333,100.14583333333333,-0.474560006316609,-0.04478537035045812,FALSE,FALSE,0,-5.412980274868176
0-4 km,13222,6CL8,6CL8,6CL8,Harley Airport,small_airport,06077,2019-01-01,0.00236,4,1,FALSE,11.649987792968773,6.077275451234257,87,99.99875,-0.43812876670920453,-0.35122758321079806,FALSE,FALSE,0,-5.6958143050070245
0-4 km,13222,6CL8,6CL8,6CL8,Harley Airport,small_airport,06077,2019-02-01,7.86e-4,5,1,FALSE,12.890002441406272,10.123471804166265,90.1,98.5065,0.43560804152931476,-0.8984540350804642,FALSE,FALSE,0,-6.3277767965278295
0-4 km,13222,6CL8,6CL8,6CL8,Harley Airport,small_airport,06077,2019-03-01,0.0036075,4,1,FALSE,10.48749694824221,7.519574122105279,84.625,99.90875,-0.8145318492947737,-0.5053806438575155,FALSE,FALSE,0,-5.3800698684202954
0-4 km,13222,6CL8,6CL8,6CL8,Harley Airport,small_airport,06077,2019-04-01,0.0037516666666666666,6,1,FALSE,13.566654459635439,3.327242761199305,81.25,99.6875,-0.18863276012290958,-0.08812409856498932,FALSE,FALSE,0,-5.349259845285611
0-4 km,13222,6CL8,6CL8,6CL8,Harley Airport,small_airport,06077,2019-05-01,0.00216,4,1,FALSE,13.61249694824221,7.314867291407403,85.125,99.5625,-0.0020794704049847956,-0.04725085813138476,FALSE,FALSE,0,-5.757183251383316
0-4 km,13222,6CL8,6CL8,6CL8,Harley Airport,small_airport,06077,2019-06-01,0.0032216666666666665,6,1,FALSE,17.074985758463566,3.13677962429631,73.91666666666667,99.55333333333333,0.12423756454646977,-0.15772610041580362,FALSE,FALSE,0,-5.467525284196608
0-4 km,13222,6CL8,6CL8,6CL8,Harley Airport,small_airport,06077,2019-07-01,0.00487,4,1,FALSE,17.337487792968773,6.567305334688023,74.25,99.68875,-0.9861528745539136,-0.1269329589547232,FALSE,FALSE,0,-5.137900645142132
0-4 km,13222,6CL8,6CL8,6CL8,Harley Airport,small_airport,06077,2019-08-01,0.0026683333333333333,6,1,FALSE,19.558323160807316,2.7541060150981944,70.75,99.78750000000001,-0.48088651640652896,0.45893294623570663,FALSE,FALSE,0,-5.608017852671821
0-4 km,13222,6CL8,6CL8,6CL8,Harley Airport,small_airport,06077,2019-09-01,0.004771666666666667,6,1,FALSE,16.775008138020855,4.084718274100926,77.25,99.7925,-0.5472141447959431,0.48226620332734865,FALSE,FALSE,0,-5.154794389795861
0-4 km,13222,6CL8,6CL8,6CL8,Harley Airport,small_airport,06077,2019-10-01,0.0076875,4,1,FALSE,20.47498474121096,7.248103460234398,39.25,99.6625,-0.8942941881272952,0.375320978269833,FALSE,FALSE,0,-4.745870068091226
0-4 km,13222,6CL8,6CL8,6CL8,Harley Airport,small_airport,06077,2019-11-01,0.00804,6,1,FALSE,12.574985758463564,3.378720305826754,73.33333333333333,99.58666666666667,-0.408372274887463,0.7252226141128838,FALSE,FALSE,0,-4.706096104578052
0-4 km,13222,6CL8,6CL8,6CL8,Harley Airport,small_airport,06077,2019-12-01,0.005405,4,1,FALSE,11.48749694824221,5.976489291747407,87.25,100.00625,-0.8902249613334459,0.03886373008623295,FALSE,FALSE,0,-5.050676343633439
0-4 km,13222,6CL8,6CL8,6CL8,Harley Airport,small_airport,06077,2020-01-01,0.005515,6,1,FALSE,11.158329264322939,3.0911608891331546,87.08333333333333,100.4325,-0.6973575545111699,-0.5142480697435947,FALSE,FALSE,0,-5.033648068405329
0-4 km,13222,6CL8,6CL8,6CL8,Harley Airport,small_airport,06077,2020-02-01,0.00502,3,1,FALSE,11.716658528645857,6.594318087245767,71.83333333333333,99.955,-0.05869312271113245,0.9844533613170787,FALSE,FALSE,0,-5.112668019661407
0-4 km,13222,6CL8,6CL8,6CL8,Harley Airport,small_airport,06077,2020-03-01,0.0053775,4,1,FALSE,10.749993896484398,3.931546540731759,83.375,99.765,0.4571818740109038,0.4777614456090261,FALSE,FALSE,0,-5.0549791079483075
0-4 km,13222,6CL8,6CL8,6CL8,Harley Airport,small_airport,06077,2021-04-01,0.00222,1,1,FALSE,11.925012207031273,2.4698191198927564,71.25,100.4725,-0.8502653318409034,0.5263543155228031,FALSE,FALSE,0,-5.73837391942582
0-4 km,13222,6CL8,6CL8,6CL8,Harley Airport,small_airport,06077,2021-05-01,0.00197,1,1,FALSE,14.825006103515648,3.678654306419918,68,99.495,0.5164932113469587,0.8562912837536687,FALSE,FALSE,0,-5.819193326167529
0-4 km,13222,6CL8,6CL8,6CL8,Harley Airport,small_airport,06077,2021-06-01,0.0023266666666666666,3,1,FALSE,16.525008138020855,3.909025229054479,76.16666666666667,99.685,-0.6235845131295907,0.7131120538742354,FALSE,FALSE,0,-5.705784477326874
0-4 km,13222,6CL8,6CL8,6CL8,Harley Airport,small_airport,06077,2021-07-01,0.00324,2,1,FALSE,18.999993896484398,4.332195439051601,64.375,99.61,-0.8255266582760463,0.5620131377730663,FALSE,FALSE,0,-5.463192009738271
0-4 km,13222,6CL8,6CL8,6CL8,Harley Airport,small_airport,06077,2021-08-01,0.0034933333333333335,3,1,FALSE,17.300012207031273,2.4497804307444824,74.5,99.98583333333333,-0.21256195231458777,0.8100302400487085,FALSE,FALSE,0,-5.405160462166085
0-4 km,13222,6CL8,6CL8,6CL8,Harley Airport,small_airport,06077,2021-09-01,0.002985,2,1,FALSE,17.225000000000023,3.5367616674361084,80.5,99.9225,-0.7989054498060271,0.4410474278493685,FALSE,FALSE,0,-5.525217966739959
0-4 km,13222,6CL8,6CL8,6CL8,Harley Airport,small_airport,06077,2021-10-01,0.004676666666666667,3,1,FALSE,14.024977620442732,3.690488399975192,77.5,99.50833333333334,-0.31308469942738715,0.22368573907276268,FALSE,FALSE,0,-5.17139107297565
0-4 km,13222,6CL8,6CL8,6CL8,Harley Airport,small_airport,06077,2021-11-01,0.00466,3,1,FALSE,12.899997965494814,4.816413076604665,88.16666666666667,100.17,-0.7557552076330183,0.5220931509776721,FALSE,FALSE,0,-5.1743313867670455
0-4 km,13222,6CL8,6CL8,6CL8,Harley Airport,small_airport,06077,2021-12-01,0.001335,2,1,FALSE,9.737481689453148,3.7491118137901163,87.5,99.86375000000001,-0.4882020615644579,-0.8434170976744599,FALSE,FALSE,0,-6.0597433878612765
0-4 km,13222,6CL8,6CL8,6CL8,Harley Airport,small_airport,06077,2022-01-01,0.007149999999999999,3,1,FALSE,12.058333333333357,1.8113416649516905,82.58333333333333,100.51083333333334,-0.1738997100875621,0.6282251638941341,TRUE,FALSE,0,-4.809737351729366
0-4 km,13222,6CL8,6CL8,6CL8,Harley Airport,small_airport,06077,2022-02-01,0.0035,3,1,FALSE,10.616642252604189,2.68005927467317,71.33333333333333,100.30083333333333,0.10270274277031309,0.8613218416879441,TRUE,FALSE,0,-5.403677882205863
0-4 km,13222,6CL8,6CL8,6CL8,Harley Airport,small_airport,06077,2022-03-01,0.00343,1,1,FALSE,10.975000000000023,3.422352622504513,84.5,100.315,-0.905809613026947,0.42368495954892316,TRUE,FALSE,0,-5.419355694925093
0-4 km,13222,6CL8,6CL8,6CL8,Harley Airport,small_airport,06077,2022-04-01,0.00183,3,1,FALSE,11.591668701171898,4.011366349338308,80.91666666666667,100.0875,-0.08786561799339027,0.8703647393991899,TRUE,FALSE,0,-5.867478567326991
0-4 km,13222,6CL8,6CL8,6CL8,Harley Airport,small_airport,06077,2022-05-01,0.002043333333333333,3,1,FALSE,13.216658528645857,4.265321712193706,81.5,99.88083333333333,-0.7131018859584177,0.6631592536504021,TRUE,FALSE,0,-5.79480187304337
0-4 km,13222,6CL8,6CL8,6CL8,Harley Airport,small_airport,06077,2022-06-01,0.003635,2,1,FALSE,19.03748474121096,2.3910697118211615,64.625,99.55,0.549025942698489,0.5790698644170733,TRUE,FALSE,0,-5.374119079964318
0-4 km,13222,6CL8,6CL8,6CL8,Harley Airport,small_airport,06077,2022-07-01,0.0023750000000000004,2,1,FALSE,15.900003051757835,6.828975526525855,78.625,99.66749999999999,-0.9078081737984893,0.3706747137932604,TRUE,FALSE,0,-5.691359954657644
0-4 km,13222,6CL8,6CL8,6CL8,Harley Airport,small_airport,06077,2022-08-01,0.002745,2,1,FALSE,17.387490844726585,3.750666340650575,81.125,99.71125,-0.9202331479171271,-0.12138654425769632,TRUE,FALSE,0,-5.587333662012954
0-4 km,13222,6CL8,6CL8,6CL8,Harley Airport,small_airport,06077,2022-09-01,0.0026966666666666667,3,1,FALSE,16.78332926432294,4.453241575320662,79,99.6075,-0.8659739756781496,0.2930026469029937,TRUE,FALSE,0,-5.600323766287971
0-4 km,13222,6CL8,6CL8,6CL8,Harley Airport,small_airport,06077,2022-10-01,0.00332,2,1,FALSE,15.16248474121096,4.118672231053457,77.5,100.10624999999999,-0.783839298095503,0.570214748847411,TRUE,FALSE,0,-5.444499876726118
0-4 km,13222,6CL8,6CL8,6CL8,Harley Airport,small_airport,06077,2022-11-01,0.00811,3,1,FALSE,12.841658528645857,6.196567617260154,71.16666666666667,100.1175,-0.9586696647208383,0.0655859501854905,TRUE,FALSE,0,-4.69838256771027
0-4 km,13222,6CL8,6CL8,6CL8,Harley Airport,small_airport,06077,2022-12-01,0.0036233333333333334,3,1,FALSE,10.674991861979189,6.948727750103746,85.66666666666667,99.985,-0.884440319984095,-0.04169051067956566,TRUE,FALSE,0,-5.3766393333235065
0-4 km,13222,6CL8,6CL8,6CL8,Harley Airport,small_airport,06077,2023-01-01,0.0063,2,1,FALSE,11.424981689453148,5.90198278014126,75.75,100.44624999999999,0.621845199786078,-0.37590364743392063,TRUE,FALSE,0,-4.919880930827792
0-4 km,13222,6CL8,6CL8,6CL8,Harley Airport,small_airport,06077,2023-02-01,0.001755,2,1,FALSE,11.03748474121096,5.559967998316191,73.875,100.2775,0.09203609405964597,-0.43033651991946087,TRUE,FALSE,0,-5.894337836377259
0-4 km,13222,6CL8,6CL8,6CL8,Harley Airport,small_airport,06077,2023-03-01,0.00298,3,1,FALSE,9.408339436848982,5.522908407840173,81.08333333333333,100.14583333333333,0.15204775312768795,0.33706922592856853,TRUE,FALSE,0,-5.526473459685791
0-4 km,13222,6CL8,6CL8,6CL8,Harley Airport,small_airport,06077,2023-04-01,0.008573333333333334,3,1,FALSE,10.891656494140648,3.1016441972382163,79.25,100.06750000000001,0.41352477967291057,0.6174540412321445,TRUE,FALSE,0,-4.648773823470223
0-4 km,13222,6CL8,6CL8,6CL8,Harley Airport,small_airport,06077,2023-05-01,0.0029300000000000003,2,1,FALSE,13.42499694824221,6.772437589924024,79.375,99.7575,-0.06809259835416531,0.15001334353967263,TRUE,FALSE,0,-5.539115853100967
0-4 km,13222,6CL8,6CL8,6CL8,Harley Airport,small_airport,06077,2023-06-01,0.0029833333333333335,3,1,FALSE,15.625004069010439,4.016253006896488,76,99.59333333333333,-0.04197849576782935,-0.3093591741489189,TRUE,FALSE,0,-5.525636289272727
0-4 km,13222,6CL8,6CL8,6CL8,Harley Airport,small_airport,06077,2023-07-01,0.0048000000000000004,2,1,FALSE,17.78748474121096,3.1535720874453763,70,99.57374999999999,0.6307623170196816,0.735166543548768,TRUE,FALSE,0,-5.149897361429764
0-4 km,13222,6CL8,6CL8,6CL8,Harley Airport,small_airport,06077,2023-08-01,0.00281,3,1,FALSE,18.391646321614605,3.131861515052622,75.33333333333333,99.90666666666667,-0.29136465526085403,0.5194578794162877,TRUE,FALSE,0,-5.570126089843527
0-4 km,13222,6CL8,6CL8,6CL8,Harley Airport,small_airport,06077,2023-09-01,0.002425,2,1,FALSE,17.499978637695335,3.62913171708609,74.5,99.70375,-0.4290576741464713,-0.1962045235919812,TRUE,FALSE,0,-5.676653807267948
0-4 km,13222,6CL8,6CL8,6CL8,Harley Airport,small_airport,06077,2023-10-01,0.005406666666666666,3,1,FALSE,14.999993896484398,2.580145911752681,78.16666666666667,100.11833333333334,-0.08544033429278214,0.5866092102390308,TRUE,FALSE,0,-5.050416164108101
0-4 km,13222,6CL8,6CL8,6CL8,Harley Airport,small_airport,06077,2023-11-01,0.002845,2,1,FALSE,13.374978637695335,4.284359165256458,71.125,100.60875,0.6309403442255223,0.7725554495492972,TRUE,FALSE,0,-5.56098167602453
0-4 km,13222,6CL8,6CL8,6CL8,Harley Airport,small_airport,06077,2023-12-01,0.010906666666666667,3,1,FALSE,12.358321126302107,1.968942794976262,81.75,100.42666666666666,-0.2031995204758688,0.549888507837989,TRUE,FALSE,0,-4.430656811641948
0-4 km,13222,6CL8,6CL8,6CL8,Harley Airport,small_airport,06077,2024-01-01,0.00428,3,1,FALSE,12.058312988281273,5.012746072572521,80.66666666666667,99.76,0.10784024911242258,-0.36460302927945143,TRUE,FALSE,0,-5.243829181263967
0-4 km,13222,6CL8,6CL8,6CL8,Harley Airport,small_airport,06077,2024-02-01,0.006055,2,1,FALSE,12.074990844726585,3.1919988912665755,79.375,100.23249999999999,-0.5310488936762467,0.6995117901569745,TRUE,FALSE,0,-4.95401869367736
0-4 km,13222,6CL8,6CL8,6CL8,Harley Airport,small_airport,06077,2024-03-01,0.0021633333333333335,3,1,FALSE,12.149997965494814,3.080507422156589,83.58333333333333,99.57583333333334,-0.18817994345672726,0.7022238035337097,TRUE,FALSE,0,-5.7561289550284105
0-4 km,13222,6CL8,6CL8,6CL8,Harley Airport,small_airport,06077,2024-04-01,0.002055,2,1,FALSE,11.324990844726585,2.962145090687557,81.625,99.89,0.7824749143017083,-0.40418331637247484,TRUE,FALSE,0,-5.790975686358578
0-4 km,13222,6CL8,6CL8,6CL8,Harley Airport,small_airport,06077,2024-05-01,0.0018166666666666667,3,1,FALSE,13.616662597656273,7.085235621579243,75.58333333333333,99.9325,-0.1987273160931998,0.3258246261382336,TRUE,FALSE,0,-5.872201126281164
0-4 km,13222,6CL8,6CL8,6CL8,Harley Airport,small_airport,06077,2024-06-01,0.00287,2,1,FALSE,18.199990844726585,2.540524411783455,64.5,99.47125,0.014236033865155595,0.8031787472094567,TRUE,FALSE,0,-5.554500771940447
0-4 km,13222,6CL8,6CL8,6CL8,Harley Airport,small_airport,06077,2024-07-01,0.00211,3,1,FALSE,16.808323160807316,1.4493398907783888,75.16666666666667,99.8625,0.8868512256627781,0.24450199839413664,TRUE,FALSE,0,-5.773132552790995
0-4 km,13222,6CL8,6CL8,6CL8,Harley Airport,small_airport,06077,2024-08-01,0.003535,2,1,FALSE,17.062493896484398,1.7194676929823645,76.5,99.7225,0.68220175111698,0.18089612079202844,TRUE,FALSE,0,-5.395930195415037
0-4 km,13222,6CL8,6CL8,6CL8,Harley Airport,small_airport,06077,2024-09-01,0.003973333333333333,3,1,FALSE,17.749983723958355,4.466046276140239,74.25,99.505,-0.10208263923451723,0.32877834157998825,TRUE,FALSE,0,-5.303664972874632
0-4 km,18125,IN56,IN56,IN56,Carroll's Airpark,small_airport,18035,2000-01-01,0.08,22,2,FALSE,-1.6749925093217102,5.684045185844817,79.22727272727273,100.11954545454546,-0.3713518037967444,-0.29125353801334336,FALSE,FALSE,0,-2.513306124309698
0-4 km,18125,IN56,IN56,IN56,Carroll's Airpark,small_airport,18035,2000-02-01,0.09608695652173914,23,2,FALSE,3.3987020741338543,6.092545386429528,86.36869612984036,100.02391304347826,-0.20283541666866997,-0.3151864055117163,FALSE,FALSE,0,-2.3321482430711287
0-4 km,18125,IN56,IN56,IN56,Carroll's Airpark,small_airport,18035,2000-03-01,0.2747826086956522,23,2,FALSE,6.300872006623664,5.922218458988444,81.26086956521739,99.85913043478261,-0.1723783339015024,-0.05598516498482175,FALSE,FALSE,0,-1.2881423732773896
0-4 km,18125,IN56,IN56,IN56,Carroll's Airpark,small_airport,18035,2000-04-01,0.25592592592592595,27,2,FALSE,9.9633332429109025,6.061485593525768,82.8425925925926,99.5625925925926,-0.30449744011588464,0.20824394624774586,FALSE,FALSE,0,-1.3589674616011647
0-4 km,18125,IN56,IN56,IN56,Carroll's Airpark,small_airport,18035,2000-05-01,0.34291666666666665,24,2,FALSE,17.629168446858746,6.614908587697609,82.92666689554851,99.45416666666667,-0.8049830795152171,-0.2852595370436061,FALSE,FALSE,0,-1.0673558990175556
0-4 km,18125,IN56,IN56,IN56,Carroll's Airpark,small_airport,18035,2000-06-01,0.5155555555555555,27,2,FALSE,20.317782479745393,4.526293080236851,86.08333333333333,99.74518518518519,-0.07753040991371801,-0.2625764399906363,FALSE,FALSE,0,-0.6605724346277717
0-4 km,18125,IN56,IN56,IN56,Carroll's Airpark,small_airport,18035,2000-07-01,0.225,12,2,FALSE,22.079174296061222,4.175132589768045,82.70833333333333,99.65833333333333,-0.29295088130451336,-0.43643407422147035,FALSE,FALSE,0,-1.487220279709851
0-4 km,18125,IN56,IN56,IN56,Carroll's Airpark,small_airport,18035,2000-08-01,0.13791666666666666,24,2,FALSE,22.133337910970074,5.017806095636107,82.53125,99.8225,-0.20251254357185744,0.082019793542252,FALSE,FALSE,0,-1.9738810460193434
0-4 km,18125,IN56,IN56,IN56,Carroll's Airpark,small_airport,18035,2000-09-01,0.26791666666666664,24,2,FALSE,17.60542449951174,5.389098515285243,80.64500045776367,99.85583333333334,-0.20251723352430967,-0.08984627974799972,FALSE,FALSE,0,-1.3133537367181756
0-4 km,18125,IN56,IN56,IN56,Carroll's Airpark,small_airport,18035,2000-10-01,0.22444444444444445,27,2,FALSE,14.002227331090879,4.0790115117691546,78.23074114764178,100.30555555555556,-0.19341470855666928,-0.19944409430217375,FALSE,FALSE,0,-1.4896815164925417
0-4 km,18125,IN56,IN56,IN56,Carroll's Airpark,small_airport,18035,2000-11-01,0.25,28,2,FALSE,4.526785060337635,5.26186179366585,79.98214285714286,99.80214285714285,0.5937470081426623,-0.479091076897931,FALSE,FALSE,0,-1.3823023398503531
0-4 km,18125,IN56,IN56,IN56,Carroll's Airpark,small_airport,18035,2000-12-01,0.06999999999999999,25,2,FALSE,-5.8815991210937275,5.3850277550239385,87.43,100.14959999999999,-0.44238303074703644,-0.15884495907283938,FALSE,FALSE,0,-2.645075401940822
0-4 km,18125,IN56,IN56,IN56,Carroll's Airpark,small_airport,18035,2001-01-01,0.2177777777777778,27,2,FALSE,-2.416291865596042,5.575771418800449,87.16666666666667,100.00925925925925,-0.7275988618005463,-0.36652305466676455,FALSE,FALSE,0,-1.5196987776792308
0-4 km,18125,IN56,IN56,IN56,Carroll's Airpark,small_airport,18035,2001-02-01,0.24037037037037037,27,2,FALSE,0.828153935185208,4.3382077995155255,82.98148148148148,100.30518518518518,-0.44565183795803204,-0.10219536896114323,FALSE,FALSE,0,-1.4214227186540858
0-4 km,18125,IN56,IN56,IN56,Carroll's Airpark,small_airport,18035,2001-03-01,0.18241379310344827,29,2,FALSE,2.5503468480603675,3.614550121486563,80.42172451676994,99.72344827586207,-0.399306806875687,0.22573391526138178,FALSE,FALSE,0,-1.6960105142262936
0-4 km,18125,IN56,IN56,IN56,Carroll's Airpark,small_airport,18035,2001-04-01,0.6413043478260869,23,2,FALSE,12.656961722995947,6.267320041843811,79.8804347826087,99.89652173913043,-0.33795548559527117,-0.1724747159196602,FALSE,FALSE,0,-0.44269302558967866
0-4 km,18125,IN56,IN56,IN56,Carroll's Airpark,small_airport,18035,2001-05-01,0.95625,24,2,FALSE,17.016673024495464,5.52815846256843,87.625,99.56375,-0.456524106706388,-0.2674016782366152,FALSE,FALSE,0,-0.04369068862473311
0-4 km,18125,IN56,IN56,IN56,Carroll's Airpark,small_airport,18035,2001-06-01,0.671,20,2,FALSE,22.385003662109398,5.00490314339518,80.375,99.92,-0.12642279983126853,-0.2980283795605295,FALSE,FALSE,0,-0.3974969384589874
0-4 km,18125,IN56,IN56,IN56,Carroll's Airpark,small_airport,18035,2001-07-01,0.23,26,2,FALSE,22.96346670297478,4.745523931542933,82.48076923076923,99.71346153846154,-0.3943002501102957,-0.15716617717017162,FALSE,FALSE,0,-1.4653375684603434
0-4 km,18125,IN56,IN56,IN56,Carroll's Airpark,small_airport,18035,2001-08-01,0.17692307692307693,26,2,FALSE,23.268849064753628,5.181638039652243,85.47115384615384,99.78538461538461,-0.507815852230262,-0.2033463835544732,FALSE,FALSE,0,-1.7264039742122346
0-4 km,18125,IN56,IN56,IN56,Carroll's Airpark,small_airport,18035,2001-09-01,0.21136363636363636,22,2,FALSE,17.77046286843042,6.275695472751981,80.36272777210583,99.94045454545454,-0.6599856395075925,-0.038274123704918284,FALSE,FALSE,0,-1.54945520783239
0-4 km,18125,IN56,IN56,IN56,Carroll's Airpark,small_airport,18035,2001-10-01,0.2517857142857143,28,2,FALSE,12.401430838448684,7.452545755143141,79.19642857142857,99.935,-0.1813174120396662,-0.4887376105747892,FALSE,FALSE,0,-1.3752131282519322
0-4 km,18125,IN56,IN56,IN56,Carroll's Airpark,small_airport,18035,2001-11-01,0.23076923076923078,26,2,FALSE,10.35538752629209,6.415458874143362,79.9423076923077,100.13038461538461,-0.035693568202999314,-0.24903188782022267,FALSE,FALSE,0,-1.4620130973133725
0-4 km,18125,IN56,IN56,IN56,Carroll's Airpark,small_airport,18035,2001-12-01,0.1488,25,2,FALSE,3.076403808593773,5.41635959294106,87.35880065917969,99.8672,-0.13187909331278397,-0.5037349698813514,FALSE,FALSE,0,-1.898454207899018
0-4 km,18125,IN56,IN56,IN56,Carroll's Airpark,small_airport,18035,2002-01-01,0.14541666666666667,24,2,FALSE,1.1433362325032779,6.699614238068781,82.89583333333333,99.88833333333334,-0.541399017519631,-0.46536121367501826,FALSE,FALSE,0,-1.9212988405830402
0-4 km,18125,IN56,IN56,IN56,Carroll's Airpark,small_airport,18035,2002-02-01,0.2023076923076923,26,2,FALSE,2.4276977539062727,7.118181711756233,77.57692307692308,100.00730769230769,-0.5984066697091993,-0.37240778677437125,FALSE,FALSE,0,-1.5930347218393845
0-4 km,18125,IN56,IN56,IN56,Carroll's Airpark,small_airport,18035,2002-03-01,0.27266666666666667,30,2,FALSE,4.015669759114606,6.366494672948095,81.71666666666667,99.989,-0.5891650564037708,-0.25604877908923124,FALSE,FALSE,0,-1.2958444581978186
0-4 km,18125,IN56,IN56,IN56,Carroll's Airpark,small_airport,18035,2002-04-01,0.34074074074074073,27,2,FALSE,12.215192554615184,5.997287741696859,83.48148148148148,99.9262962962963,-0.514630065508372,-0.2478480243209432,FALSE,FALSE,0,-1.0737028974079104
0-4 km,18125,IN56,IN56,IN56,Carroll's Airpark,small_airport,18035,2002-05-01,0.4511538461538462,26,2,FALSE,14.064232224684519,5.937215880391263,85.9423076923077,99.86269230769231,-0.4561669668148955,-0.36078237119309137,FALSE,FALSE,0,-0.7937327894648111
0-4 km,18125,IN56,IN56,IN56,Carroll's Airpark,small_airport,18035,2002-06-01,0.646,30,2,FALSE,21.740002441406272,4.74799259566052,87.66666666666667,99.692,-0.5476020456156176,-0.20160856468157415,FALSE,FALSE,0,-0.43540898448123644
0-4 km,18125,IN56,IN56,IN56,Carroll's Airpark,small_airport,18035,2002-07-01,0.5594736842105263,19,2,FALSE,24.926316431949036,5.238156380877225,84.77631578947368,99.77421052631578,-0.2828736053227444,-0.27292687694965867,FALSE,FALSE,0,-0.5789729881331936
0-4 km,18125,IN56,IN56,IN56,Carroll's Airpark,small_airport,18035,2002-08-01,0.3312,25,2,FALSE,22.807205810546897,5.250688636089974,85.25,99.9444,-0.1173892259200831,-0.04733368874932763,FALSE,FALSE,0,-1.1020180818029426
0-4 km,18125,IN56,IN56,IN56,Carroll's Airpark,small_airport,18035,2002-09-01,0.29285714285714287,28,2,FALSE,20.812504795619443,6.018299992247803,78.94642857142857,99.83964285714285,-0.4289216662733321,-0.05105011908435871,FALSE,FALSE,0,-1.2246615383844932
0-4 km,18125,IN56,IN56,IN56,Carroll's Airpark,small_airport,18035,2002-10-01,0.2275,20,2,FALSE,12.275508117675804,5.0754637874434785,81.475,100.04,0.061510667501955475,0.2908494519024218,FALSE,FALSE,0,-1.4762190686478776
0-4 km,18125,IN56,IN56,IN56,Carroll's Airpark,small_airport,18035,2002-11-01,0.12055555555555555,18,2,FALSE,4.884454345703148,6.956688223620506,86.19444444444444,99.46333333333334,0.09867377123650785,-0.05742688843762714,FALSE,FALSE,0,-2.10738387333643
0-4 km,18125,IN56,IN56,IN56,Carroll's Airpark,small_airport,18035,2002-12-01,0.2803703703703704,27,2,FALSE,-0.42222018771699116,5.21845507103526,85.57407407407408,99.8274074074074,-0.2509854476627001,-0.34356968658917886,FALSE,FALSE,0,-1.2680834334832445
0-4 km,18125,IN56,IN56,IN56,Carroll's Airpark,small_airport,18035,2003-01-01,0.17464285714285713,28,2,FALSE,-6.408210318429107,6.026799631087525,79.96428571428571,100.0725,-0.24683763838084619,0.015610345307960674,FALSE,FALSE,0,-1.7393025663812032
0-4 km,18125,IN56,IN56,IN56,Carroll's Airpark,small_airport,18035,2003-02-01,0.12962962962962962,27,2,FALSE,-4.13443829571757,7.140736703519065,85.18518518518519,99.7974074074074,-0.7280560889250953,0.04131526277073697,FALSE,FALSE,0,-2.0353892147504142
0-4 km,18125,IN56,IN56,IN56,Carroll's Airpark,small_airport,18035,2003-03-01,0.18346153846153845,26,2,FALSE,4.4580862192007435,5.476271150232523,85.38461538461539,99.59692307692308,-0.5536580571353611,-0.11299214641697378,FALSE,FALSE,0,-1.6903143008562143
0-4 km,18125,IN56,IN56,IN56,Carroll's Airpark,small_airport,18035,2003-04-01,0.5637931034482758,29,2,FALSE,11.535176454741402,5.036218829540836,81.59482758620689,99.5751724137931,-0.3692348096987558,0.1785739844868218,FALSE,FALSE,0,-0.5712958034862317
0-4 km,18125,IN56,IN56,IN56,Carroll's Airpark,small_airport,18035,2003-05-01,0.1891304347826087,23,2,FALSE,15.422180706521761,5.767331310786455,87.92391304347827,99.55,-0.2733242731990917,0.12432123625453032,FALSE,FALSE,0,-1.6600449434983662
0-4 km,18125,IN56,IN56,IN56,Carroll's Airpark,small_airport,18035,2003-06-01,0.4703846153846154,26,2,FALSE,20.133848689152668,6.455629630330825,83.36538461538461,99.55653846153847,-0.5537866363263371,-0.1960249105232769,FALSE,FALSE,0,-0.7520809250232465
0-4 km,18125,IN56,IN56,IN56,Carroll's Airpark,small_airport,18035,2003-07-01,0.6516,25,2,FALSE,22.227603759765646,6.1261396978006575,89.43,99.6396,0.3689878225939088,-0.12359322106347201,FALSE,FALSE,0,-0.4267908948229169
0-4 km,18125,IN56,IN56,IN56,Carroll's Airpark,small_airport,18035,2003-08-01,0.484,25,2,FALSE,22.733996582031274,4.229848572222422,90.31,99.8928,0.2018152657728541,0.009341732429278698,FALSE,FALSE,0,-0.7236063880446539
0-4 km,18125,IN56,IN56,IN56,Carroll's Airpark,small_airport,18035,2003-09-01,0.33545454545454545,22,2,FALSE,18.852272172407694,4.198627116709779,79.20454545454545,99.88090909090909,0.03804151038112139,-0.3222828568258774,FALSE,FALSE,0,-1.0892922193943517
0-4 km,18125,IN56,IN56,IN56,Carroll's Airpark,small_airport,18035,2003-10-01,0.5216666666666666,24,2,FALSE,12.445008850097679,4.222605012947081,76.13541666666667,99.65666666666667,0.10610467994920662,-0.37425201948239645,FALSE,FALSE,0,-0.6488113667398937
0-4 km,18125,IN56,IN56,IN56,Carroll's Airpark,small_airport,18035,2003-11-01,0.3289285714285714,28,2,FALSE,9.09964250837056,6.29091006683607,82.0625,99.96964285714286,0.2111517600065759,-0.42337242227077665,FALSE,FALSE,0,-1.1088790981667904
0-4 km,18125,IN56,IN56,IN56,Carroll's Airpark,small_airport,18035,2003-12-01,0.329,30,2,FALSE,0.9940043131510644,5.367903572262775,82.51666666666667,99.96066666666667,-0.45707405813212093,-0.3009114580884366,FALSE,FALSE,0,-1.1086626245216111
0-4 km,18125,IN56,IN56,IN56,Carroll's Airpark,small_airport,18035,2004-01-01,0.9740624999999999,32,2,FALSE,-6.045626068115212,6.697041805908793,81.515625,99.999375,-0.43800965634180855,0.03271715501190666,FALSE,FALSE,0,-0.025253707474668933
0-4 km,18125,IN56,IN56,IN56,Carroll's Airpark,small_airport,18035,2004-02-01,1.3086486486486486,37,2,FALSE,-1.609725869668474,4.972506279196355,84.0945945945946,100.23648648648648,-0.04838651492649376,-0.35885246923970904,FALSE,FALSE,0,0.2697588941006569
0-4 km,18125,IN56,IN56,IN56,Carroll's Airpark,small_airport,18035,2004-03-01,0.3562857142857143,35,2,FALSE,5.604857526506719,5.7054738983168125,84.96428571428571,99.99628571428572,-0.3169112752939218,-0.024914614135520454,FALSE,FALSE,0,-1.0292194971598312
0-4 km,18125,IN56,IN56,IN56,Carroll's Airpark,small_airport,18035,2004-04-01,0.8648148148148148,27,2,FALSE,11.510745126229768,8.592570975722143,79.76851851851852,99.69296296296297,-0.2329227949129186,0.006575822438595987,FALSE,FALSE,0,-0.1440842329924283
0-4 km,18125,IN56,IN56,IN56,Carroll's Airpark,small_airport,18035,2004-05-01,2.634333333333333,30,2,FALSE,18.128006998697938,6.223609821044079,91.29166666666667,99.70033333333333,0.052198885154747805,-0.4598815930638068,FALSE,FALSE,0,0.969009676206384
0-4 km,18125,IN56,IN56,IN56,Carroll's Airpark,small_airport,18035,2004-06-01,2.719259259259259,27,2,FALSE,20.755557137948518,5.359718788431211,86.03703703703704,99.72888888888889,-0.6785053789469692,-0.3741133241004693,FALSE,FALSE,0,1.000727191669773
0-4 km,18125,IN56,IN56,IN56,Carroll's Airpark,small_airport,18035,2004-07-01,1.0925,28,2,FALSE,21.58928397042413,5.4875181840737,87.67857142857143,99.515,-0.1885216953718474,-0.1942501724490157,FALSE,FALSE,0,0.0893835611346854
0-4 km,18125,IN56,IN56,IN56,Carroll's Airpark,small_airport,18035,2004-08-01,1.9057142857142857,21,2,FALSE,20.761910284133208,5.031297115704515,79.47619047619048,99.75428571428571,0.5053661872515078,-0.025363997652313054,FALSE,FALSE,0,0.6453814914367011
0-4 km,18125,IN56,IN56,IN56,Carroll's Airpark,small_airport,18035,2004-09-01,0.75,2,1,FALSE,19.534997558593773,6.77352918514346,62.25,100.185,-0.7159450941911767,0.1863144083602952,FALSE,FALSE,0,-0.28634962721800233
0-4 km,18125,IN56,IN56,IN56,Carroll's Airpark,small_airport,18035,2004-10-01,1.6507692307692308,13,1,FALSE,13.690003380408676,6.176773862349454,80.1923076923077,99.62153846153846,-0.08376142694206236,-0.3647599623365923,FALSE,FALSE,0,0.5018469745234584
0-4 km,18125,IN56,IN56,IN56,Carroll's Airpark,small_airport,18035,2004-11-01,0.8469230769230769,13,2,FALSE,7.625388277494013,6.067107930138154,87.0576923076923,99.88,-0.5404956643436493,-0.279406559723449,FALSE,FALSE,0,-0.16496535848035837
0-4 km,18125,IN56,IN56,IN56,Carroll's Airpark,small_airport,18035,2004-12-01,0.5373913043478261,23,2,FALSE,-1.0817374851392436,5.1059805150349415,80.1086956521739,100.07391304347826,-0.050321699523859544,-0.4025145787489226,FALSE,FALSE,0,-0.6191696516961881
0-4 km,18125,IN56,IN56,IN56,Carroll's Airpark,small_airport,18035,2005-01-01,0.4009090909090909,22,2,FALSE,-1.755456265536199,5.383453039867703,83.44318181818181,100.2390909090909,0.28036835982521213,-0.05329803553389597,FALSE,FALSE,0,-0.9115293579542645
0-4 km,18125,IN56,IN56,IN56,Carroll's Airpark,small_airport,18035,2005-02-01,0.47172413793103446,29,2,FALSE,0.3962130842537943,4.094926412613521,83.84482758620689,100.16275862068966,-0.41245828410261143,-0.0333753257515193,FALSE,FALSE,0,-0.7492432785327109
0-4 km,18125,IN56,IN56,IN56,Carroll's Airpark,small_airport,18035,2005-03-01,0.765,34,2,FALSE,1.956473137350666,4.783962334134627,81.94117647058823,99.42323529411765,0.027929066161283433,0.13015317442146337,FALSE,FALSE,0,-0.26657310924154576
0-4 km,18125,IN56,IN56,IN56,Carroll's Airpark,small_airport,18035,2005-04-01,1.0126086956521738,23,2,FALSE,11.641740085767685,4.8972443964332015,77.29347826086956,99.4395652173913,-0.04122186035086697,0.1087031637375339,FALSE,FALSE,0,0.013516928966064951
0-4 km,18125,IN56,IN56,IN56,Carroll's Airpark,small_airport,18035,2005-05-01,0.925,28,2,FALSE,14.578218078613304,2.9882758934856186,77.59821428571429,99.74928571428572,0.1631206760429759,-0.22199377265636308,FALSE,FALSE,0,-0.07688104433595762
0-4 km,18125,IN56,IN56,IN56,Carroll's Airpark,small_airport,18035,2005-06-01,0.7068181818181818,22,2,FALSE,22.997277832031273,4.986495842761635,80.7159090909091,99.58954545454546,-0.4414530474341071,-0.27836565243846584,FALSE,FALSE,0,-0.3455680236101066
0-4 km,18125,IN56,IN56,IN56,Carroll's Airpark,small_airport,18035,2005-07-01,0.5488235294117647,17,2,FALSE,23.0017657111673,4.546665317856377,85.01470588235294,99.73588235294118,-0.4560606878260974,0.13912908444569377,FALSE,FALSE,0,-0.5981579078557697
0-4 km,18125,IN56,IN56,IN56,Carroll's Airpark,small_airport,18035,2005-08-01,0.49,32,2,FALSE,23.890003776550316,6.577782110911759,80.984375,99.696875,-0.12636459351831691,-0.05148585813271585,FALSE,FALSE,0,-0.7113111511876165
0-4 km,18125,IN56,IN56,IN56,Carroll's Airpark,small_airport,18035,2005-09-01,0.9075,36,2,FALSE,20.343892245822506,4.444427870062336,80.04166666666667,99.96527777777777,-0.34282663367208677,-0.30705537753343465,FALSE,FALSE,0,-0.0959603911459112
0-4 km,18125,IN56,IN56,IN56,Carroll's Airpark,small_airport,18035,2005-10-01,0.4646666666666667,45,2,FALSE,13.336006673177106,4.835856751101505,79.8,99.95866666666667,-0.38210300757705695,0.03942969820656881,FALSE,FALSE,0,-0.764285208393285
0-4 km,18125,IN56,IN56,IN56,Carroll's Airpark,small_airport,18035,2005-11-01,0.8760465116279069,43,2,FALSE,6.553259135401549,6.7216547355649645,75.45930232558139,99.71325581395348,0.08556096246346417,-0.4505069074153915,FALSE,FALSE,0,-0.13119525309275878
0-4 km,18125,IN56,IN56,IN56,Carroll's Airpark,small_airport,18035,2005-12-01,0.3460526315789474,38,2,FALSE,-3.771581228155816,5.352123238648374,86.99342105263158,99.90184210526316,0.506132110469445,-0.18094981023282183,FALSE,FALSE,0,-1.0582788345169012
0-4 km,18125,IN56,IN56,IN56,Carroll's Airpark,small_airport,18035,2006-01-01,0.6185365853658537,41,2,FALSE,3.484395692406654,7.07104229089666,84.75,99.59585365853658,-0.348120359419956,-0.3515923947754436,FALSE,FALSE,0,-0.47878352337605795
0-4 km,18125,IN56,IN56,IN56,Carroll's Airpark,small_airport,18035,2006-02-01,0.7777499999999999,40,2,FALSE,-0.649247741699196,5.632502666565567,76.88125,99.795,-0.2336679793383138,-0.19242645769752217,FALSE,FALSE,0,-0.25006520888047423
0-4 km,18125,IN56,IN56,IN56,Carroll's Airpark,small_airport,18035,2006-03-01,0.42645833333333333,48,2,FALSE,5.0375019073486555,6.550792139526354,79.90625,99.98125,0.07158562846108507,0.20271374140804832,FALSE,FALSE,0,-0.8498984612423699
0-4 km,18125,IN56,IN56,IN56,Carroll's Airpark,small_airport,18035,2006-04-01,0.9486046511627907,43,2,FALSE,12.277913222202057,6.536332903163871,76.76162790697674,99.64325581395349,-0.5603391988656236,-0.052819149821965894,FALSE,FALSE,0,-0.0517095376755162
0-4 km,18125,IN56,IN56,IN56,Carroll's Airpark,small_airport,18035,2006-05-01,0.39813953488372095,43,2,FALSE,15.130930629996389,6.331543696163532,80.6686046511628,99.2513953488372,-0.5881650026451263,-0.24870093749436856,FALSE,FALSE,0,-0.918444211739061
0-4 km,18125,IN56,IN56,IN56,Carroll's Airpark,small_airport,18035,2006-06-01,0.5780697674418604,43,2,FALSE,20.693026804369573,4.030021285869182,80.50581395348837,99.77255813953488,-0.4635646937463887,0.009562862249244354,FALSE,FALSE,0,-0.5463323122229006
0-4 km,18125,IN56,IN56,IN56,Carroll's Airpark,small_airport,18035,2006-07-01,0.8386842105263158,38,2,FALSE,23.693953985916963,5.86806584716873,83.13815789473684,99.74894736842106,-0.5669998451092139,-0.3889837692226631,FALSE,FALSE,0,-0.17472939767750267
0-4 km,18125,IN56,IN56,IN56,Carroll's Airpark,small_airport,18035,2006-08-01,0.5734146341463414,41,2,FALSE,23.519268352229442,4.91115664068519,82.01219512195122,99.7519512195122,-0.19400778790530693,-0.030099587718638212,FALSE,FALSE,0,-0.5544037842983915
0-4 km,18125,IN56,IN56,IN56,Carroll's Airpark,small_airport,18035,2006-09-01,0.3992857142857143,42,2,FALSE,17.445954531715053,3.5927995232276713,86.7202380952381,99.66452380952381,0.010479516706219959,-0.20728378641563325,FALSE,FALSE,0,-0.915576701140498
0-4 km,18125,IN56,IN56,IN56,Carroll's Airpark,small_airport,18035,2006-10-01,0.36348837209302326,43,2,FALSE,10.860001249091592,6.991799417711765,77.42441860465117,99.7146511627907,-0.28100823574448097,-0.27883106802559837,FALSE,FALSE,0,-1.0092606290216313
0-4 km,18125,IN56,IN56,IN56,Carroll's Airpark,small_airport,18035,2006-11-01,0.31209302325581395,43,2,FALSE,7.183956696266375,5.206274607317142,82.75,100.04255813953489,-0.09169474660510742,-0.27504741270960914,FALSE,FALSE,0,-1.1612549336964646
0-4 km,18125,IN56,IN56,IN56,Carroll's Airpark,small_airport,18035,2006-12-01,0.8060869565217391,46,2,FALSE,4.46260853643005,5.070279594540275,84.63586956521739,100.20847826086957,-0.19542218393220354,-0.4621720275751117,FALSE,FALSE,0,-0.21432386370206355
0-4 km,18125,IN56,IN56,IN56,Carroll's Airpark,small_airport,18035,2007-01-01,0.2534090909090909,44,2,FALSE,0.2093160455877358,5.968478987911696,86.375,100.06318181818182,-0.47170890519710645,-0.0864312807103581,FALSE,FALSE,0,-1.3688117134490934
0-4 km,18125,IN56,IN56,IN56,Carroll's Airpark,small_airport,18035,2007-02-01,0.31405405405405407,37,2,FALSE,-6.106488531988997,5.464701293366354,79.04054054054055,99.88081081081081,-0.17738372622056808,-0.13326618742508609,FALSE,FALSE,0,-1.155011054706529
0-4 km,18125,IN56,IN56,IN56,Carroll's Airpark,small_airport,18035,2007-03-01,0.4935555555555556,45,2,FALSE,8.644674343533008,5.938778603458221,81.57777777777778,100.04866666666666,-0.3962261914123158,-0.2144595744280714,FALSE,FALSE,0,-0.7040957873025021
0-4 km,18125,IN56,IN56,IN56,Carroll's Airpark,small_airport,18035,2007-04-01,0.30534883720930234,43,2,FALSE,9.683257630813976,6.719403828303713,79.08720930232558,99.55674418604652,-0.8642626769729338,-0.07849287318966243,FALSE,FALSE,0,-1.1830308354458723
0-4 km,18125,IN56,IN56,IN56,Carroll's Airpark,small_airport,18035,2007-05-01,0.3808888888888889,45,2,FALSE,18.438671875000022,5.792489959011741,81.46666666666667,100.078,-0.6762377217370814,-0.10141359299454908,FALSE,FALSE,0,-0.9626255794685226
0-4 km,18125,IN56,IN56,IN56,Carroll's Airpark,small_airport,18035,2007-06-01,0.4666666666666667,42,2,FALSE,21.863097853887673,5.040862235040151,77.05357142857143,99.64166666666667,-0.33217829998864085,-0.102316403972192,FALSE,FALSE,0,-0.7599994875477858
0-4 km,18125,IN56,IN56,IN56,Carroll's Airpark,small_airport,18035,2007-07-01,0.48391304347826086,46,2,FALSE,22.656529169497304,4.949696258760102,73.31521739130434,99.68260869565218,-0.5850561302710533,-0.15843605559668517,FALSE,FALSE,0,-0.7237856959167498
0-4 km,18125,IN56,IN56,IN56,Carroll's Airpark,small_airport,18035,2007-08-01,0.5870731707317073,41,2,FALSE,24.838782184879978,6.51157174733599,80.28048780487805,99.69536585365854,0.06361218778048154,-0.23124465226156524,FALSE,FALSE,0,-0.5309038988056168
0-4 km,18125,IN56,IN56,IN56,Carroll's Airpark,small_airport,18035,2007-09-01,0.44439024390243903,41,2,FALSE,20.888542956840723,6.191018855075578,72.45731707317073,100.06951219512194,0.01887631756536341,-0.15489738839868825,FALSE,FALSE,0,-0.8088044285244107
0-4 km,18125,IN56,IN56,IN56,Carroll's Airpark,small_airport,18035,2007-10-01,0.9730952380952381,42,2,FALSE,15.761670503162225,5.410019654174205,80.2202380952381,99.87428571428572,-0.2313060689283992,-0.33541106114871083,FALSE,FALSE,0,-0.02624619973453747
0-4 km,18125,IN56,IN56,IN56,Carroll's Airpark,small_airport,18035,2007-11-01,0.5397777777777778,45,2,FALSE,5.935341389973981,4.803425709981956,78.33333333333333,100.03933333333333,-0.219285224329469,-0.06609537210071822,FALSE,FALSE,0,-0.6147468464849021
0-4 km,18125,IN56,IN56,IN56,Carroll's Airpark,small_airport,18035,2007-12-01,0.37642857142857145,42,2,FALSE,0.26618637811572216,5.904495531760332,89.67857142857143,100.07095238095238,0.1632039984613848,-0.10055626190396016,FALSE,FALSE,0,-0.9743739429551797
0-4 km,18125,IN56,IN56,IN56,Carroll's Airpark,small_airport,18035,2008-01-01,0.25782608695652176,46,2,FALSE,-1.3315152375594201,6.484406069733083,80.84782608695652,100.0695652173913,-0.536418956421204,-0.5117985706260161,FALSE,FALSE,0,-1.3515989217578965
0-4 km,18125,IN56,IN56,IN56,Carroll's Airpark,small_airport,18035,2008-02-01,0.18769230769230769,39,2,FALSE,-2.6830810546874773,6.342056952747818,85.53846153846153,99.71846153846154,-0.29256261858991983,-0.14973729577989664,FALSE,FALSE,0,-1.6676375921851845
0-4 km,18125,IN56,IN56,IN56,Carroll's Airpark,small_airport,18035,2008-03-01,0.49127659574468086,47,2,FALSE,3.3970236920296104,6.523954116403698,83.99468085106383,99.93744680851064,-0.49506968313801797,-0.03319456523429497,FALSE,FALSE,0,-0.7087145339845135
0-4 km,18125,IN56,IN56,IN56,Carroll's Airpark,small_airport,18035,2008-04-01,0.5574074074074074,27,2,FALSE,10.324445484302684,5.025674929853314,83.46296296296296,99.77333333333333,-0.5789434130087658,-0.16144118878171676,FALSE,FALSE,0,-0.5826664622075477
0-4 km,18125,IN56,IN56,IN56,Carroll's Airpark,small_airport,18035,2008-05-01,0.675,44,2,FALSE,14.184550337357978,6.346937392872531,83.19886363636364,99.3275,-0.1135822529041401,0.15812143047821994,FALSE,FALSE,0,-0.3915622029391729
0-4 km,18125,IN56,IN56,IN56,Carroll's Airpark,small_airport,18035,2008-06-01,2.9504761904761905,42,2,FALSE,21.35714547293529,6.3983222440424115,84.89285714285714,99.50642857142857,-0.23829123892587403,-0.4696580707582957,FALSE,FALSE,0,1.0823054487428743
0-4 km,18125,IN56,IN56,IN56,Carroll's Airpark,small_airport,18035,2008-07-01,0.71,46,2,FALSE,22.650650555154574,5.536481414313818,83.7445652173913,99.62782608695652,0.06689853023040158,-0.25854394769038197,FALSE,FALSE,0,-0.3410828491788962
0-4 km,18125,IN56,IN56,IN56,Carroll's Airpark,small_airport,18035,2008-08-01,0.1322222222222222,45,2,FALSE,22.07800699869794,4.54370585085752,79.36666666666666,99.65,-0.30461811192208527,0.28103907090578556,FALSE,FALSE,0,-2.0157367012908423
0-4 km,18125,IN56,IN56,IN56,Carroll's Airpark,small_airport,18035,2008-09-01,0.2995555555555556,45,2,FALSE,20.44600219726565,3.8901188834999183,77.85,100.026,-0.021170686147193224,-0.055191483965460156,FALSE,FALSE,0,-1.2021226650377745
0-4 km,18125,IN56,IN56,IN56,Carroll's Airpark,small_airport,18035,2008-10-01,0.2051111111111111,45,2,FALSE,12.337335205078148,3.725023204410216,70.46666666666667,100.34822222222222,0.04820356854044772,-0.12079105079402322,FALSE,FALSE,0,-1.579339881276821
0-4 km,18125,IN56,IN56,IN56,Carroll's Airpark,small_airport,18035,2008-11-01,0.10378378378378379,37,2,FALSE,4.688651090054921,4.9550216756567735,76.6554054054054,99.8972972972973,-0.02233474433560665,-0.37918876398847373,FALSE,FALSE,0,-2.2558562539554323
0-4 km,18125,IN56,IN56,IN56,Carroll's Airpark,small_airport,18035,2008-12-01,0.1617391304347826,23,2,FALSE,-2.108254606827423,6.208586321333066,82.97826086956522,100.02217391304347,0.1075913696325522,-0.44566440792663564,FALSE,FALSE,0,-1.8156067870068577
0-4 km,18125,IN56,IN56,IN56,Carroll's Airpark,small_airport,18035,2009-01-01,0.10475675675675676,37,2,FALSE,-7.80459297798773,5.250280838342955,81.41891891891892,100.06864864864865,-0.14315745812526712,0.06453442328498502,FALSE,FALSE,0,-2.246613569415949
0-4 km,18125,IN56,IN56,IN56,Carroll's Airpark,small_airport,18035,2009-02-01,0.07542857142857143,21,2,FALSE,-3.3500020345051857,6.049739326498564,83.17857142857143,100.25761904761904,-0.4756989880790689,0.016896481130667412,FALSE,FALSE,0,-2.571398681141444
0-4 km,18125,IN56,IN56,IN56,Carroll's Airpark,small_airport,18035,2009-03-01,0.16555555555555557,45,2,FALSE,6.237335205078148,5.37991729306877,79.03333333333333,100.18333333333334,-0.6240195574362856,0.011586392296539376,FALSE,FALSE,0,-1.7924263582157587
0-4 km,18125,IN56,IN56,IN56,Carroll's Airpark,small_airport,18035,2009-04-01,0.276,44,2,FALSE,10.892728077281628,5.1332147073222565,79.23863636363636,99.54795454545454,-0.22170053854461894,0.06464743641713694,FALSE,FALSE,0,-1.2837377727947985
0-4 km,18125,IN56,IN56,IN56,Carroll's Airpark,small_airport,18035,2009-05-01,0.1458,45,2,FALSE,16.27199910481773,5.217188852272845,81.81666666666666,99.69533333333334,-0.6286441925001527,0.02194295758174643,FALSE,FALSE,0,-1.9186841628017217
0-4 km,18125,IN56,IN56,IN56,Carroll's Airpark,small_airport,18035,2009-06-01,0.11322222222222222,45,2,FALSE,21.275998942057313,4.8515590376101665,83.95,99.288,-0.2857546909247861,-0.16521684317837207,FALSE,FALSE,0,-2.169609410303246
0-4 km,18125,IN56,IN56,IN56,Carroll's Airpark,small_airport,18035,2009-07-01,0.1178,45,2,FALSE,20.83267008463544,5.379663499382194,81.06666666666666,99.614,-0.5739615926368477,0.10324622020255049,FALSE,FALSE,0,-2.1303138720535926
0-4 km,18125,IN56,IN56,IN56,Carroll's Airpark,small_airport,18035,2009-08-01,0.2886666666666667,45,2,FALSE,21.931336127387176,3.9104147303990957,83.18888888888888,99.84377777777777,0.2254916251358273,-0.11434131580958076,FALSE,FALSE,0,-1.2390244423848547
0-4 km,18125,IN56,IN56,IN56,Carroll's Airpark,small_airport,18035,2009-09-01,0.09558974358974359,39,2,FALSE,18.738723520132233,3.711699604984983,83.25,99.94179487179487,0.009472500795956304,0.4004298287100835,FALSE,FALSE,0,-2.3372827174197424
0-4 km,18125,IN56,IN56,IN56,Carroll's Airpark,small_airport,18035,2009-10-01,0.14804444444444445,45,2,FALSE,10.487335205078148,5.878967856389598,85.35,99.70933333333333,0.2280711848093201,-0.14288752913854497,FALSE,FALSE,0,-1.9035107326527196
0-4 km,18125,IN56,IN56,IN56,Carroll's Airpark,small_airport,18035,2009-11-01,0.2542258064516129,31,2,FALSE,8.581618573588733,6.253850504476436,79.16129032258064,100.0058064516129,0.25345946209668385,-0.21791594026380665,FALSE,FALSE,0,-1.3656066101647353
0-4 km,18125,IN56,IN56,IN56,Carroll's Airpark,small_airport,18035,2009-12-01,0.13997727272727273,44,2,FALSE,-0.17612859552554544,6.06425116443136,84.07386363636364,99.84477272727273,-0.023101492264696863,-0.32087052875478916,FALSE,FALSE,0,-1.9591565879272808
0-4 km,18125,IN56,IN56,IN56,Carroll's Airpark,small_airport,18035,2010-01-01,0.2125,2,1,FALSE,-0.5299896240234148,4.929881351466536,91.375,99.17500000000001,-0.6889106172450662,-0.4962916957421687,FALSE,FALSE,0,-1.5441184463134578
0-4 km,18125,IN56,IN56,IN56,Carroll's Airpark,small_airport,18035,2010-02-01,0.1274,5,1,FALSE,-6.475988769531227,4.6319754151880055,81.1,100.018,-0.7894405305864237,0.1670333924802216,FALSE,FALSE,0,-2.052604887726276
0-4 km,18125,IN56,IN56,IN56,Carroll's Airpark,small_airport,18035,2010-03-01,0.0848,5,1,FALSE,4.462005615234398,5.1696250339112995,85.1,99.664,0.533951288203373,0.4208376309484643,FALSE,FALSE,0,-2.4557362724882204
0-4 km,18125,IN56,IN56,IN56,Carroll's Airpark,small_airport,18035,2010-04-01,0.0916,5,1,FALSE,13.708013916015648,7.200546406410305,84.6,99.26,-0.36599914984545123,0.008519431669251343,FALSE,FALSE,0,-2.3794661373300032
0-4 km,18125,IN56,IN56,IN56,Carroll's Airpark,small_airport,18035,2010-05-01,0.1358,5,1,FALSE,17.666003417968774,6.419598298201028,91.95,99.53,0.4288383281410657,-0.4436110185125968,FALSE,FALSE,0,-1.989235273793687
0-4 km,18125,IN56,IN56,IN56,Carroll's Airpark,small_airport,18035,2010-06-01,0.2482,5,1,FALSE,21.716015625000022,5.899942358566418,89.65,99.62,-0.19436674790480718,-0.1499462936102375,FALSE,FALSE,0,-1.389499492068839
0-4 km,18125,IN56,IN56,IN56,Carroll's Airpark,small_airport,18035,2010-07-01,0.11220000000000001,5,1,FALSE,24.066003417968773,4.850823432783434,76.9,99.714,-0.26812135329135406,-0.20585066132049282,FALSE,FALSE,0,-2.178599113213054
0-4 km,18125,IN56,IN56,IN56,Carroll's Airpark,small_airport,18035,2010-08-01,0.2316,5,1,FALSE,23.648004150390648,4.826628137025769,83.05,99.708,-0.4940519398439635,0.21112853038303495,FALSE,FALSE,0,-1.458435038897573
0-4 km,18125,IN56,IN56,IN56,Carroll's Airpark,small_airport,18035,2010-09-01,0.3392,5,1,FALSE,18.258007812500022,3.4093146010262636,75.4,99.61,0.08261541185883753,-0.22887263249022105,FALSE,FALSE,0,-1.0782215990203756
0-4 km,18125,IN56,IN56,IN56,Carroll's Airpark,small_airport,18035,2010-10-01,0.216,3,1,FALSE,15.519993082682314,5.844075347151286,69.66666666666667,99.91,0.7804282118164815,-0.1346317327537735,FALSE,FALSE,0,-1.5278579254416775
0-4 km,18125,IN56,IN56,IN56,Carroll's Airpark,small_airport,18035,2010-11-01,0.11066666666666668,3,1,FALSE,9.423343912760439,5.816334546576179,75.58333333333333,100.03666666666666,-0.011039895531022989,-0.7277984200772878,FALSE,FALSE,0,-2.19223703582518
0-4 km,18125,IN56,IN56,IN56,Carroll's Airpark,small_airport,18035,2010-12-01,0.11560000000000001,5,1,FALSE,-4.088000488281227,3.7146306613154034,84.7,99.822,0.11829955605448461,-0.03837853449219626,FALSE,FALSE,0,-2.149006005065745
0-4 km,18125,IN56,IN56,IN56,Carroll's Airpark,small_airport,18035,2011-01-01,0.3466666666666667,3,1,FALSE,-5.953334554036435,5.668329081519731,74.08333333333333,100.19666666666667,-0.7670089773716686,-0.46096380231627476,FALSE,FALSE,0,-1.0565111126494742
0-4 km,18125,IN56,IN56,IN56,Carroll's Airpark,small_airport,18035,2011-02-01,0.0375,4,1,FALSE,0.09250793457033524,5.285839670158538,78.625,99.86,-0.29529394969580286,-0.2877771942428031,FALSE,FALSE,0,-3.2570970376883985
0-4 km,18125,IN56,IN56,IN56,Carroll's Airpark,small_airport,18035,2011-03-01,0.10900000000000001,2,1,FALSE,8.510003662109398,5.702672979542447,85.5,100.08500000000001,-0.3483082186938014,-0.7772248808050627,FALSE,FALSE,0,-2.2072749131897207
0-4 km,18125,IN56,IN56,IN56,Carroll's Airpark,small_airport,18035,2011-04-01,0.1032,5,1,FALSE,12.948010253906272,3.920997534034112,85.4,99.53,-0.7469480367597109,0.02385133859119193,FALSE,FALSE,0,-2.2614431496628704
0-4 km,18125,IN56,IN56,IN56,Carroll's Airpark,small_airport,18035,2011-05-01,0.0334,5,1,FALSE,14.752001953125022,6.231003588564324,91.45,99.408,0.09844918651975665,0.3314248488582217,FALSE,FALSE,0,-3.3696987146027846
0-4 km,18125,IN56,IN56,IN56,Carroll's Airpark,small_airport,18035,2011-06-01,0.3972,5,1,FALSE,21.19600219726565,4.897541156001205,82.65,99.614,-0.788462197930931,0.08995729008770317,FALSE,FALSE,0,-0.9208008873520411
0-4 km,18125,IN56,IN56,IN56,Carroll's Airpark,small_airport,18035,2011-07-01,0.1872,5,1,FALSE,24.554003906250024,4.135813261262143,84,99.462,0.006967413038272019,0.039535633012105255,FALSE,FALSE,0,-1.6702500518308578
0-4 km,18125,IN56,IN56,IN56,Carroll's Airpark,small_airport,18035,2011-08-01,0.17216666666666666,6,1,FALSE,24.575006103515648,2.576347529732118,79.70833333333333,99.45833333333333,-0.3537138424870655,-0.8527320263656026,FALSE,FALSE,0,-1.7535007571109646
0-4 km,18125,IN56,IN56,IN56,Carroll's Airpark,small_airport,18035,2011-09-01,0.2072,5,1,FALSE,15.376000976562523,5.200434260557272,83.45,99.72,0.19828012398055467,-0.29479614133677273,FALSE,FALSE,0,-1.5692561228012685
0-4 km,18125,IN56,IN56,IN56,Carroll's Airpark,small_airport,18035,2011-10-01,0.1376,5,1,FALSE,14.248004150390647,6.322263417852147,70.8,99.75999999999999,-0.3336051497606049,-0.38870865100232016,FALSE,FALSE,0,-1.9761631922263343
0-4 km,18125,IN56,IN56,IN56,Carroll's Airpark,small_airport,18035,2011-11-01,0.17300000000000001,5,1,FALSE,5.684002685546898,5.124863327789619,81.45,99.742,-0.25575295785923496,0.44066523255741086,FALSE,FALSE,0,-1.748699979767608
0-4 km,18125,IN56,IN56,IN56,Carroll's Airpark,small_airport,18035,2011-12-01,0.2398,5,1,FALSE,1.3620056152343978,5.084183266762015,82.65,100.396,0.4650700177802071,-0.03523915678421684,FALSE,FALSE,0,-1.4237885655474711
0-4 km,18125,IN56,IN56,IN56,Carroll's Airpark,small_airport,18035,2012-01-01,0.4762,5,1,FALSE,-0.7899963378906023,10.410537135716744,80.1,99.994,-0.8465599918563278,-0.4870144926268974,FALSE,FALSE,0,-0.739819588758376
0-4 km,18125,IN56,IN56,IN56,Carroll's Airpark,small_airport,18035,2012-02-01,0.297,5,1,FALSE,2.908001708984398,5.506880969392634,80.2,100.29,-0.2358344602610702,-0.7063701840336858,FALSE,FALSE,0,-1.2106617924767327
0-4 km,18125,IN56,IN56,IN56,Carroll's Airpark,small_airport,18035,2012-03-01,0.0906,5,1,FALSE,11.500000000000023,6.971137806140184,77.65,99.964,-0.3208211051361135,-0.4097006808754137,FALSE,FALSE,0,-2.3903240073020524
0-4 km,18125,IN56,IN56,IN56,Carroll's Airpark,small_airport,18035,2012-04-01,0.13319999999999999,10,1,FALSE,11.585998535156273,6.632948655928431,74.4,99.742,-0.4527347343871598,0.2706677034135989,FALSE,FALSE,0,-2.0084240544445557
0-4 km,18125,IN56,IN56,IN56,Carroll's Airpark,small_airport,18035,2012-05-01,0.14700000000000002,7,1,FALSE,18.52857578822547,4.915222239956196,75.39285714285714,99.77571428571429,0.3160871706102561,-0.17415442044185073,FALSE,FALSE,0,-1.910543005218022
0-4 km,18125,IN56,IN56,IN56,Carroll's Airpark,small_airport,18035,2012-06-01,0.0635,4,1,FALSE,24.267510986328148,5.719951088460386,68.625,99.625,-0.7640869021534826,0.1038906865995658,FALSE,FALSE,0,-2.7410900551804103
0-4 km,18125,IN56,IN56,IN56,Carroll's Airpark,small_airport,18035,2012-07-01,0.07011111111111111,9,1,FALSE,25.455560302734398,4.9055828340096514,82.30555555555556,99.61555555555556,-0.029951064592506113,-0.1925855527445637,FALSE,FALSE,0,-2.643511679964639
0-4 km,18125,IN56,IN56,IN56,Carroll's Airpark,small_airport,18035,2012-08-01,0.030818181818181817,11,1,FALSE,23.30000388405542,7.297522483249926,74.93181818181819,99.64181818181818,-0.2522166652735191,-0.18749706389848278,FALSE,FALSE,0,-3.4477173972970485
0-4 km,18125,IN56,IN56,IN56,Carroll's Airpark,small_airport,18035,2012-09-01,0.0697,10,1,FALSE,18.267004394531273,5.4003733698342105,81.775,99.726,-0.5617469072087532,-0.16404008892834362,FALSE,FALSE,0,-2.64930970607961
0-4 km,18125,IN56,IN56,IN56,Carroll's Airpark,small_airport,18035,2012-10-01,0.0593,10,1,FALSE,10.894003295898461,5.801708279685542,81.525,99.563,-0.03510686147439909,-0.23559250851370095,FALSE,FALSE,0,-2.8084231752489974
0-4 km,18125,IN56,IN56,IN56,Carroll's Airpark,small_airport,18035,2012-11-01,0.022222222222222223,9,1,FALSE,5.9466762966580085,3.9030989546174686,71.36111111111111,100.40222222222222,0.37961698811147243,0.008925671236764361,FALSE,FALSE,0,-3.7626456043535454
0-4 km,18125,IN56,IN56,IN56,Carroll's Airpark,small_airport,18035,2012-12-01,0.08125,8,1,FALSE,5.1699996948242415,7.02111970378531,89.59375,99.38375,0.238451017926129,-0.2402537731353851,FALSE,FALSE,0,-2.4979918893366557
0-4 km,18125,IN56,IN56,IN56,Carroll's Airpark,small_airport,18035,2013-01-01,0.05990909090909091,11,1,FALSE,-0.8345397949218523,5.960946589673403,76.5909090909091,100.11090909090909,-0.7050923481349748,-0.2728095518516044,FALSE,FALSE,0,-2.798372839395496
0-4 km,18125,IN56,IN56,IN56,Carroll's Airpark,small_airport,18035,2013-02-01,0.027444444444444445,9,1,FALSE,-1.7288879394531023,4.869120842703055,81.25,99.79,-0.2921917339657774,-0.06574208507916253,FALSE,FALSE,0,-3.559802411838794
0-4 km,18125,IN56,IN56,IN56,Carroll's Airpark,small_airport,18035,2013-03-01,0.026,9,1,FALSE,2.0155646430121754,6.066100394192917,70.13888888888889,99.90555555555555,-0.7480686695997235,0.14374878689060167,FALSE,FALSE,0,-3.611918412977808
0-4 km,18125,IN56,IN56,IN56,Carroll's Airpark,small_airport,18035,2013-04-01,0.03144444444444444,9,1,FALSE,9.956675889756967,4.752704068580671,81.47222222222223,99.67666666666666,-0.31101681868403813,-0.37327851102324905,FALSE,FALSE,0,-3.4282260540500746
0-4 km,18125,IN56,IN56,IN56,Carroll's Airpark,small_airport,18035,2013-05-01,0.02190909090909091,11,1,FALSE,17.603637140447464,6.379713369834602,83.29545454545455,99.69363636363636,-0.539492724624384,-0.39398059729347074,FALSE,FALSE,0,-3.776221464269084
0-4 km,18125,IN56,IN56,IN56,Carroll's Airpark,small_airport,18035,2013-06-01,0.0295,10,1,FALSE,20.97300720214846,4.781472774548198,88.525,99.489,-0.37712065249819327,-0.10834950333422032,FALSE,FALSE,0,-3.4900285953687713
0-4 km,18125,IN56,IN56,IN56,Carroll's Airpark,small_airport,18035,2013-07-01,0.025555555555555554,9,1,FALSE,22.60333658854169,5.8024715494872385,91.41666666666667,99.82777777777778,-0.32373650128376824,-0.11064351500016009,FALSE,FALSE,0,-3.628516304386846
0-4 km,18125,IN56,IN56,IN56,Carroll's Airpark,small_airport,18035,2013-08-01,0.067875,8,1,FALSE,21.908757781982445,5.209116021274957,83.03125,99.9225,0.013106221900290892,0.016740422620363266,FALSE,FALSE,0,-2.6754620115090586
0-4 km,18125,IN56,IN56,IN56,Carroll's Airpark,small_airport,18035,2013-09-01,0.028749999999999998,8,1,FALSE,18.68500671386721,4.517231958003012,79.0625,99.73625,0.028603007329003206,0.01915952827247862,FALSE,FALSE,0,-3.5149261469904984
0-4 km,18125,IN56,IN56,IN56,Carroll's Airpark,small_airport,18035,2013-10-01,0.06245454545454546,11,1,FALSE,13.461821954900591,5.222473460368071,80.61363636363636,99.79545454545455,-0.3293739043208647,-0.38670591933414705,FALSE,FALSE,0,-2.757431449018135
0-4 km,18125,IN56,IN56,IN56,Carroll's Airpark,small_airport,18035,2013-11-01,0.0173,10,1,FALSE,3.8530059814453352,8.046245749106417,77.05,100.349,-0.1027842218160293,-0.26888958637433896,FALSE,FALSE,0,-4.000854219134761
0-4 km,18125,IN56,IN56,IN56,Carroll's Airpark,small_airport,18035,2013-12-01,0.0253,10,1,FALSE,-2.0939941406249774,5.186716803512538,86.85,100.07600000000001,-0.5387967679593424,-0.20332304306544535,FALSE,FALSE,0,-3.638186339798418
0-4 km,18125,IN56,IN56,IN56,Carroll's Airpark,small_airport,18035,2014-01-01,0.04855555555555555,9,1,FALSE,-3.3999932183159496,5.976166219514847,80.27777777777777,99.40555555555555,-0.28326234783388005,-0.7502831423200911,FALSE,FALSE,0,-3.0046609042982926
0-4 km,18125,IN56,IN56,IN56,Carroll's Airpark,small_airport,18035,2014-02-01,0.034555555555555555,9,1,FALSE,-5.5600070529513665,5.0837577191572105,75.88888888888889,100.03888888888889,-0.34360329742941575,-0.04578119702804993,FALSE,FALSE,0,-3.3366588605245844
0-4 km,18125,IN56,IN56,IN56,Carroll's Airpark,small_airport,18035,2014-03-01,0.03414285714285714,7,1,FALSE,1.587143380301362,4.8647089898725975,76.25,99.84714285714286,-0.36542959265713737,0.18999212950924416,FALSE,FALSE,0,-3.3483338921050874
0-4 km,18125,IN56,IN56,IN56,Carroll's Airpark,small_airport,18035,2014-04-01,0.04075,8,1,FALSE,10.81375656127932,6.733304785998578,78.40625,99.4225,-0.7759502017026105,-0.09195622335703903,FALSE,FALSE,0,-3.1760558276852726
0-4 km,18125,IN56,IN56,IN56,Carroll's Airpark,small_airport,18035,2014-05-01,0.0549,10,1,FALSE,16.69500427246096,4.039799860086385,81.625,99.754,-0.13049317121424212,-0.1923845169556758,FALSE,FALSE,0,-2.8841908988210836
0-4 km,18125,IN56,IN56,IN56,Carroll's Airpark,small_airport,18035,2014-06-01,0.0417,10,1,FALSE,22.150006103515647,3.674891385781292,83.8,99.59400000000001,-0.2076172066141389,-0.3605904546101831,FALSE,FALSE,0,-3.1535563587475584
0-4 km,18125,IN56,IN56,IN56,Carroll's Airpark,small_airport,18035,2014-07-01,0.048818181818181816,11,1,FALSE,21.28909801136366,7.515482842103116,80.63636363636364,99.6809090909091,-0.31631443574164886,-0.04700185304772209,FALSE,FALSE,0,-2.999375264832492
0-4 km,18125,IN56,IN56,IN56,Carroll's Airpark,small_airport,18035,2014-08-01,0.0177,10,1,FALSE,22.20500183105471,4.502677645983805,90,99.67,-0.32177579339072865,-0.1143213705444744,FALSE,FALSE,0,-3.979231755121596
0-4 km,18125,IN56,IN56,IN56,Carroll's Airpark,small_airport,18035,2014-09-01,0.034,10,1,FALSE,19.103002929687523,3.2742259249806067,75.375,100.005,0.16361558915167454,-0.04935231309925694,FALSE,FALSE,0,-3.3524072174927233
0-4 km,18125,IN56,IN56,IN56,Carroll's Airpark,small_airport,18035,2014-10-01,0.0426,10,1,FALSE,12.96099548339846,6.718375047886499,77.5,99.50025,-0.18474693681172386,-0.36835838496370105,FALSE,FALSE,0,-3.1326981286271485
0-4 km,18125,IN56,IN56,IN56,Carroll's Airpark,small_airport,18035,2014-11-01,0.019222222222222224,9,1,FALSE,0.41109280056425884,6.128896020955352,81.11111111111111,100.16694444444444,-0.3642158674925991,-0.32170891154117137,FALSE,FALSE,0,-3.900973169241561
0-4 km,18125,IN56,IN56,IN56,Carroll's Airpark,small_airport,18035,2014-12-01,0.032818181818181816,11,1,FALSE,1.5045299183238863,4.43368132086562,87.95454545454545,100.33909090909091,-0.3437678154620739,0.14348822511350673,FALSE,FALSE,0,-3.3867566975073613
0-4 km,18125,IN56,IN56,IN56,Carroll's Airpark,small_airport,18035,2015-01-01,0.0315,10,1,FALSE,-2.61250305175779,5.939057906616275,83.15,99.96724999999999,-0.6052368219453723,-0.21644299673312725,FALSE,FALSE,0,-3.4265151896464454
0-4 km,18125,IN56,IN56,IN56,Carroll's Airpark,small_airport,18035,2015-02-01,0.03733333333333333,9,1,FALSE,-6.605566406249977,4.721638563927225,76.02777777777777,99.93472222222222,-0.4312748916666167,0.1074426869972104,FALSE,FALSE,0,-3.2614354392869966
0-4 km,18125,IN56,IN56,IN56,Carroll's Airpark,small_airport,18035,2015-03-01,0.05381818181818182,11,1,FALSE,4.609080366654852,5.321067196839554,80.22727272727273,100.11977272727273,-0.23946618332011002,-0.2768352242654123,FALSE,FALSE,0,-2.903733355053322
0-4 km,18125,IN56,IN56,IN56,Carroll's Airpark,small_airport,18035,2015-04-01,0.047,10,1,FALSE,12.692483520507835,5.09235347992486,73.575,99.62725,0.02906292284473221,-0.19191367613683802,FALSE,FALSE,0,-3.036554268074246
0-4 km,18125,IN56,IN56,IN56,Carroll's Airpark,small_airport,18035,2015-05-01,0.0819,10,1,FALSE,18.7999938964844,5.002185296772546,84.825,99.96074999999999,-0.30296108858090315,-0.683212821744576,FALSE,FALSE,0,-2.4901202168408876
0-4 km,18125,IN56,IN56,IN56,Carroll's Airpark,small_airport,18035,2015-06-01,0.059000000000000004,10,1,FALSE,21.639993286132835,5.276607818077282,89.8,99.53275,-0.473741098050114,-0.37047431929763874,FALSE,FALSE,0,-2.8134107167600364
0-4 km,18125,IN56,IN56,IN56,Carroll's Airpark,small_airport,18035,2015-07-01,0.0298,10,1,FALSE,23.17249450683596,4.050084956596028,85.7,99.47875,0.0032916346725301708,-0.19920129620779153,FALSE,FALSE,0,-3.4802405890026082
0-4 km,18125,IN56,IN56,IN56,Carroll's Airpark,small_airport,18035,2015-08-01,0.04772727272727273,11,1,FALSE,21.6477156205611,3.81343600626632,77.93181818181819,99.72863636363637,-0.05457177762765371,-0.22947904390790952,FALSE,FALSE,0,-3.0215163907097056
0-4 km,18125,IN56,IN56,IN56,Carroll's Airpark,small_airport,18035,2015-09-01,0.0271,10,1,FALSE,20.175000000000022,5.867828190653141,79.725,99.897,-0.4607460300983792,-0.045541574685136046,FALSE,FALSE,0,-3.571985702642437
0-4 km,18125,IN56,IN56,IN56,Carroll's Airpark,small_airport,18035,2015-10-01,0.0505,8,1,FALSE,13.018735504150413,5.432822030351713,70.40625,100.1340625,-0.14381962447062818,-0.21228605562651653,FALSE,FALSE,0,-2.9661734713124464
0-4 km,18125,IN56,IN56,IN56,Carroll's Airpark,small_airport,18035,2015-11-01,0.0347,10,1,FALSE,8.287487792968772,6.02757871266276,74.475,100.38725,0.26717866104454974,-0.482933191971591,FALSE,FALSE,0,-3.3326045901965435
0-4 km,18125,IN56,IN56,IN56,Carroll's Airpark,small_airport,18035,2015-12-01,0.2518888888888889,9,1,FALSE,7.897217475043425,6.646583439703105,87.08333333333333,99.41055555555556,-0.37057651023689947,-0.5491804539128025,FALSE,FALSE,0,-1.374805061072135
0-4 km,18125,IN56,IN56,IN56,Carroll's Airpark,small_airport,18035,2016-01-01,0.03190909090909091,11,1,FALSE,-2.2863830566406023,6.202906595384646,79.95454545454545,99.83545454545455,-0.3272550374299351,-0.3369015559332671,FALSE,FALSE,0,-3.4140063399547365
0-4 km,18125,IN56,IN56,IN56,Carroll's Airpark,small_airport,18035,2016-02-01,0.023333333333333334,9,1,FALSE,1.4527662489149533,6.955683270199667,82.41666666666667,99.66638888888889,-0.587461739760897,-0.24918730107346632,FALSE,FALSE,0,-3.7159081265018554
0-4 km,18125,IN56,IN56,IN56,Carroll's Airpark,small_airport,18035,2016-03-01,0.02818181818181818,11,1,FALSE,10.04544566761366,6.554656698247859,85.54545454545455,99.38886363636364,-0.20766046072488067,-0.34125026727301605,FALSE,FALSE,0,-3.5342094286504917
0-4 km,18125,IN56,IN56,IN56,Carroll's Airpark,small_airport,18035,2016-04-01,0.020777777777777777,9,1,FALSE,10.883315022786482,4.594153587894975,79.55555555555556,99.92916666666666,-0.713907908541711,0.26086446383694634,FALSE,FALSE,0,-3.826865197087839
0-4 km,18125,IN56,IN56,IN56,Carroll's Airpark,small_airport,18035,2016-05-01,0.0291,10,1,FALSE,15.344992065429711,5.9674800631836815,86.725,99.69975,-0.30704268589873207,0.06432572964182715,FALSE,FALSE,0,-3.503230107227307
0-4 km,18125,IN56,IN56,IN56,Carroll's Airpark,small_airport,18035,2016-06-01,0.03922222222222222,9,1,FALSE,21.908336046006966,6.7959324823427725,80,99.46666666666667,-0.5366080253090716,-0.1352728211947652,FALSE,FALSE,0,-3.2133356444925854
0-4 km,18125,IN56,IN56,IN56,Carroll's Airpark,small_airport,18035,2016-07-01,0.021444444444444447,9,1,FALSE,23.833320448133705,5.135434208161236,83.91666666666667,99.70666666666666,-0.42111756037025794,-0.24707415096650048,FALSE,FALSE,0,-3.7967121589171517
0-4 km,18125,IN56,IN56,IN56,Carroll's Airpark,small_airport,18035,2016-08-01,0.0262,10,1,FALSE,24.47749633789065,6.138199461472227,86.3,99.83575,-0.3019002375689842,-0.18242185884475592,FALSE,FALSE,0,-3.6045383056801854
0-4 km,18125,IN56,IN56,IN56,Carroll's Airpark,small_airport,18035,2016-09-01,0.02688888888888889,9,1,FALSE,20.51944037543405,3.4944341889559754,77.63888888888889,99.93583333333333,-0.014908366026587287,-0.0661751493783431,FALSE,FALSE,0,-3.5795269171865725
0-4 km,18125,IN56,IN56,IN56,Carroll's Airpark,small_airport,18035,2016-10-01,0.0311,10,1,FALSE,17.14248962402346,6.053398908009487,75.375,99.90975,-0.09176390767048992,-0.18288314035928707,FALSE,FALSE,0,-3.438899248846167
0-4 km,18125,IN56,IN56,IN56,Carroll's Airpark,small_airport,18035,2016-11-01,0.021777777777777778,9,1,FALSE,10.688873969184051,4.675613203911321,74.94444444444444,100.05944444444445,-0.34623319354466214,-0.5188569238729198,FALSE,FALSE,0,-3.7819698771799484
0-4 km,18125,IN56,IN56,IN56,Carroll's Airpark,small_airport,18035,2016-12-01,0.0414,10,1,FALSE,-0.18501281738278977,4.82672974139666,85.65,100.16,0.07222100021512956,-0.5588869639255909,FALSE,FALSE,0,-3.160606916744225
0-4 km,18125,IN56,IN56,IN56,Carroll's Airpark,small_airport,18035,2017-01-01,0.015,10,1,FALSE,0.6924804687500228,6.044881166311553,85.675,99.6405,-0.46368095451514174,-0.20489396964561993,FALSE,FALSE,0,-4.135166556742356
0-4 km,18125,IN56,IN56,IN56,Carroll's Airpark,small_airport,18035,2017-02-01,0.02225,8,1,FALSE,5.112485504150413,5.391014594849685,78.3125,99.7065625,-0.38875294252152665,-0.16927250720958542,FALSE,FALSE,0,-3.7614501469487718
0-4 km,18125,IN56,IN56,IN56,Carroll's Airpark,small_airport,18035,2017-03-01,0.0316,10,1,FALSE,3.9824920654297102,5.386735698520659,76.675,100.33025,0.08693403187430943,-0.11220736728559795,FALSE,FALSE,0,-3.423442990609475
0-4 km,18125,IN56,IN56,IN56,Carroll's Airpark,small_airport,18035,2017-04-01,0.01625,8,1,FALSE,12.537496185302757,7.564307182114054,80.46875,99.7090625,-0.7391220244066365,0.04432093972051971,FALSE,FALSE,0,-4.059943135504768
0-4 km,18125,IN56,IN56,IN56,Carroll's Airpark,small_airport,18035,2017-05-01,0.039181818181818186,11,1,FALSE,16.615905206853714,5.197399694018101,82.8409090909091,99.19954545454546,-0.6388230906223468,-0.1943872201189218,FALSE,FALSE,0,-3.214340669702809
0-4 km,18125,IN56,IN56,IN56,Carroll's Airpark,small_airport,18035,2017-06-01,0.0409,10,1,FALSE,21.695001220703148,6.822555540790962,76.9,99.43025,-0.5799072295110284,-0.24536135209280027,FALSE,FALSE,0,-3.172469452054045
0-4 km,18125,IN56,IN56,IN56,Carroll's Airpark,small_airport,18035,2017-07-01,0.0287,10,1,FALSE,23.60248718261721,4.472287882449911,80.6,99.7245,-0.49535655381412824,-0.05216026378549504,FALSE,FALSE,0,-3.516608233173483
0-4 km,18125,IN56,IN56,IN56,Carroll's Airpark,small_airport,18035,2017-08-01,0.0409,10,1,FALSE,21.559991455078148,5.666573368299013,79.375,99.79525,-0.33528003658064776,-0.14455941867366845,FALSE,FALSE,0,-3.172469452054045
0-4 km,18125,IN56,IN56,IN56,Carroll's Airpark,small_airport,18035,2017-09-01,0.0296,10,1,FALSE,19.77249450683596,6.095286236877033,77.95,99.83125,-0.4602947498244695,-0.01101444992178027,FALSE,FALSE,0,-3.486755270023802
0-4 km,18125,IN56,IN56,IN56,Carroll's Airpark,small_airport,18035,2017-10-01,0.04190909090909091,11,1,FALSE,14.238630260120761,5.618437271958833,74.81818181818181,99.9890909090909,-0.027655208756556977,-0.30428603569591867,FALSE,FALSE,0,-3.148671566194952
0-4 km,18125,IN56,IN56,IN56,Carroll's Airpark,small_airport,18035,2017-11-01,0.018444444444444444,9,1,FALSE,7.844428846571203,5.9894652004062685,78.77777777777777,99.93416666666667,0.04828024269034362,-0.3489359498714344,FALSE,FALSE,0,-3.9401938823948424
0-4 km,18125,IN56,IN56,IN56,Carroll's Airpark,small_airport,18035,2017-12-01,0.0463,10,1,FALSE,-3.3025115966796648,4.312293132943486,78.875,100.0635,0.02538675905169576,-0.11632595882177782,FALSE,FALSE,0,-3.0512449834842497
0-4 km,18125,IN56,IN56,IN56,Carroll's Airpark,small_airport,18035,2018-01-01,0.0207,10,1,FALSE,-5.055023193359352,7.152166450258287,67.3,100.8375,-0.4954835358608563,-0.7189006922431698,FALSE,FALSE,0,-3.830443018435723
0-4 km,18125,IN56,IN56,IN56,Carroll's Airpark,small_airport,18035,2018-02-01,0.009899999999999999,10,1,FALSE,2.509991455078148,6.10972836992424,84.55,100.159,-0.16764313409448278,-0.11397782938476682,FALSE,FALSE,0,-4.518992489747039
0-4 km,18125,IN56,IN56,IN56,Carroll's Airpark,small_airport,18035,2018-03-01,0.011,10,1,FALSE,2.669995117187523,6.695173919608417,75.1,99.804,-0.682662521609673,-0.13793745282522182,FALSE,FALSE,0,-4.422848629194137
0-4 km,18125,IN56,IN56,IN56,Carroll's Airpark,small_airport,18035,2018-04-01,0.008,10,1,FALSE,7.674981689453148,5.877041672705658,70.7,99.829,-0.6989527921771205,0.21330157139487207,FALSE,FALSE,0,-4.710530701645918
0-4 km,18125,IN56,IN56,IN56,Carroll's Airpark,small_airport,18035,2018-05-01,0.0292,10,1,FALSE,20.199993896484397,5.7226068641239864,85.45,99.6805,-0.5586709100385309,-0.46712296514585333,FALSE,FALSE,0,-3.499913354601313
0-4 km,18125,IN56,IN56,IN56,Carroll's Airpark,small_airport,18035,2018-06-01,0.0263,10,1,FALSE,22.189996337890648,4.477368882783052,89.2,99.4885,-0.13495359845393073,-0.3187986999150001,FALSE,FALSE,0,-3.600868576791223
0-4 km,18125,IN56,IN56,IN56,Carroll's Airpark,small_airport,18035,2018-07-01,0.008583333333333333,12,1,FALSE,22.324995930989605,5.589568735832926,80.70833333333333,99.88541666666667,-0.5580172154915304,0.17181396378731556,FALSE,FALSE,0,-4.647729800406887
0-4 km,18125,IN56,IN56,IN56,Carroll's Airpark,small_airport,18035,2018-08-01,0.0087,10,1,FALSE,22.454998779296897,5.1851223202214936,87.6,99.9205,-0.771649566870398,-0.11287843965532651,FALSE,FALSE,0,-4.6356293934728
0-4 km,18125,IN56,IN56,IN56,Carroll's Airpark,small_airport,18035,2018-09-01,0.02,10,1,FALSE,19.309991455078148,5.292389389042644,84.55,100.1065,-0.17816768640342565,0.2306264345748086,FALSE,FALSE,0,-3.863232841258714
0-4 km,18125,IN56,IN56,IN56,Carroll's Airpark,small_airport,18035,2018-10-01,0.0253,10,1,FALSE,12.754998779296898,4.531651500393669,82.35,99.76299999999999,-0.153941576588501,-0.14890480275472087,FALSE,FALSE,0,-3.638186339798418
0-4 km,18125,IN56,IN56,IN56,Carroll's Airpark,small_airport,18035,2018-11-01,0.0171,10,1,FALSE,0.5899841308593977,5.554813560225696,85.25,100.25,0.6038136645147866,-0.24370584505343454,FALSE,FALSE,0,-4.011843340710357
0-4 km,18125,IN56,IN56,IN56,Carroll's Airpark,small_airport,18035,2018-12-01,0.0163,10,1,FALSE,2.5650024414062726,6.686252538699475,88.15,99.688,-0.1954429560637817,0.14225037441379793,FALSE,FALSE,0,-4.057048777478403
0-4 km,18125,IN56,IN56,IN56,Carroll's Airpark,small_airport,18035,2019-01-01,0.0238,5,1,FALSE,-5.170007324218727,4.639198740277416,78.3,100.2315,-0.3407586664517898,-0.08376892106967035,FALSE,FALSE,0,-3.6969116258112003
0-4 km,18125,IN56,IN56,IN56,Carroll's Airpark,small_airport,18035,2019-02-01,0.009833333333333335,6,1,FALSE,-1.283336385091123,6.211730467670375,78.16666666666667,100.37458333333333,-0.4341850560621599,-0.2467236687296669,FALSE,FALSE,0,-4.5251274783145545
0-4 km,18125,IN56,IN56,IN56,Carroll's Airpark,small_airport,18035,2019-03-01,0.0287,10,1,FALSE,3.4299865722656477,6.533302926608661,78.95,99.8165,-0.0770277338224124,-0.1421200303759734,FALSE,FALSE,0,-3.516608233173483
0-4 km,18125,IN56,IN56,IN56,Carroll's Airpark,small_airport,18035,2019-04-01,0.017,9,1,FALSE,10.422218153211828,5.214486525026265,77.16666666666667,99.41111111111111,-0.4440642494574015,0.17680111948416544,FALSE,FALSE,0,-4.017383521085972
0-4 km,18125,IN56,IN56,IN56,Carroll's Airpark,small_airport,18035,2019-05-01,0.024,5,1,FALSE,16.78499145507815,3.7327285955690876,87.4,99.7945,-0.8955008488970592,0.009880725302030916,FALSE,FALSE,0,-3.6888794541139363
0-4 km,18125,IN56,IN56,IN56,Carroll's Airpark,small_airport,18035,2019-06-01,0.040299999999999996,10,1,FALSE,19.569989013671897,5.09906989538568,89,99.299,-0.49491690368892927,-0.25049086595486736,FALSE,FALSE,0,-3.18689277901515
0-4 km,18125,IN56,IN56,IN56,Carroll's Airpark,small_airport,18035,2019-07-01,0.03371428571428572,7,1,FALSE,23.803569684709846,6.2427538489216206,83.39285714285714,99.88071428571429,-0.028187005091121327,-0.029047745887451393,FALSE,FALSE,0,-3.3606039846969016
0-4 km,18125,IN56,IN56,IN56,Carroll's Airpark,small_airport,18035,2019-08-01,0.0165,12,1,FALSE,22.295816040039085,5.537058317201106,86.83333333333333,99.68333333333334,-0.0963928807588492,-0.07427590680138711,FALSE,FALSE,0,-4.045554398052668
0-4 km,18125,IN56,IN56,IN56,Carroll's Airpark,small_airport,18035,2019-09-01,0.03671428571428571,7,1,FALSE,21.535690743582613,4.943298202886658,82.85714285714286,99.8925,-0.37768550429942493,0.05894106056876804,FALSE,FALSE,0,-3.2777163248911343
0-4 km,18125,IN56,IN56,IN56,Carroll's Airpark,small_airport,18035,2019-10-01,0.019,6,1,FALSE,11.791665649414085,5.409395947399409,80.125,100.04375,0.23026461769122966,0.06693749814835898,FALSE,FALSE,0,-3.912023005428146
0-4 km,18125,IN56,IN56,IN56,Carroll's Airpark,small_airport,18035,2019-11-01,0.013333333333333332,9,1,FALSE,4.9388637966580085,2.7956885880706532,79.75,100.09833333333333,-0.3369425651066503,0.5285368567190251,FALSE,FALSE,0,-4.245167451956684
0-4 km,18125,IN56,IN56,IN56,Carroll's Airpark,small_airport,18035,2019-12-01,0.025285714285714286,7,1,FALSE,4.703567940848237,5.31233156064057,87.07142857142857,99.89071428571428,-0.03838228358825303,-0.4659465938554239,FALSE,FALSE,0,-3.638729670428465
0-4 km,18125,IN56,IN56,IN56,Carroll's Airpark,small_airport,18035,2020-01-01,0.005833333333333334,6,1,FALSE,2.0583129882812727,7.661184182854333,87.08333333333333,100.13583333333334,-0.8281007963811601,0.037391809047644047,FALSE,FALSE,0,-4.985942681505884
0-4 km,18125,IN56,IN56,IN56,Carroll's Airpark,small_airport,18035,2020-02-01,0.0259,10,1,FALSE,-2.4750122070312273,6.478531363596179,75.55,100.444,-0.33628500275133905,0.011155885000874444,FALSE,FALSE,0,-3.6156289923743437
0-4 km,18125,IN56,IN56,IN56,Carroll's Airpark,small_airport,18035,2020-03-01,0.017833333333333333,6,1,FALSE,7.649982706705752,6.681028371337875,82.91666666666667,99.90083333333334,-0.5090074793790254,-0.17527696836395365,FALSE,FALSE,0,-3.9721269294978514
0-4 km,18125,IN56,IN56,IN56,Carroll's Airpark,small_airport,18035,2020-04-01,0.04211111111111111,9,1,FALSE,9.233314344618078,4.756807210167204,68.02777777777777,99.45833333333333,-0.2818795130577933,0.20628054602602408,FALSE,FALSE,0,-3.1439745166950828
0-4 km,18125,IN56,IN56,IN56,Carroll's Airpark,small_airport,18035,2020-05-01,0.0169,10,1,FALSE,15.464990234375023,4.581233271228066,83.7,99.7245,0.3123871088829697,-0.3554202798438764,FALSE,FALSE,0,-4.022954566135428
0-4 km,18125,IN56,IN56,IN56,Carroll's Airpark,small_airport,18035,2020-06-01,0.10444444444444445,9,1,FALSE,20.50276082356773,4.756656214229388,72.33333333333333,99.9511111111111,-0.10770640126841044,-0.15149932259462795,FALSE,FALSE,0,-2.2495710577084287
0-4 km,18125,IN56,IN56,IN56,Carroll's Airpark,small_airport,18035,2020-07-01,0.0291,10,1,FALSE,24.579992675781273,2.9992743237612705,81.05,99.687,-0.5128618173166359,-0.3301643545969215,FALSE,FALSE,0,-3.503230107227307
0-4 km,18125,IN56,IN56,IN56,Carroll's Airpark,small_airport,18035,2020-08-01,0.024916666666666667,12,1,FALSE,22.016656494140648,4.622133002165514,82,99.63625,-0.01636425711784049,0.2827338694173377,FALSE,FALSE,0,-3.6528690165909032
0-4 km,18125,IN56,IN56,IN56,Carroll's Airpark,small_airport,18035,2020-09-01,0.048888888888888885,9,1,FALSE,17.94999932183162,6.171085154112299,72.5,99.74472222222222,-0.5723215210672337,-0.4777261659654134,FALSE,FALSE,0,-2.9979569685761023
0-4 km,18125,IN56,IN56,IN56,Carroll's Airpark,small_airport,18035,2020-10-01,0.0324,10,1,FALSE,11.849987792968772,7.183075298820065,78.45,99.837,-0.27691364621053666,-0.10727057755652218,FALSE,FALSE,0,-3.3991993789994823
0-4 km,18125,IN56,IN56,IN56,Carroll's Airpark,small_airport,18035,2020-11-01,0.0167,10,1,FALSE,7.979986572265648,4.947179409489584,81.05,100.178,0.6982752744952623,-0.17279742826984804,FALSE,FALSE,0,-4.034190639402354
0-4 km,18125,IN56,IN56,IN56,Carroll's Airpark,small_airport,18035,2020-12-01,0.008666666666666666,9,1,FALSE,1.1749918619791895,5.924777291405883,84.86111111111111,100.11611111111111,-0.08046711430574713,0.24316068680907207,FALSE,FALSE,0,-4.639071737663772
0-4 km,18125,IN56,IN56,IN56,Carroll's Airpark,small_airport,18035,2021-01-01,0.0278,10,1,FALSE,-2.595013427734352,5.300888011821877,87.7,99.9705,0.26367837082127027,0.04529927098231665,FALSE,FALSE,0,-3.547379891840237
0-4 km,18125,IN56,IN56,IN56,Carroll's Airpark,small_airport,18035,2021-02-01,0.006555555555555556,9,1,FALSE,-4.627789984809005,4.073326080302247,85.41666666666667,100.3275,-0.20306279118990636,0.19589080593666164,FALSE,FALSE,0,-4.88547215114225
0-4 km,18125,IN56,IN56,IN56,Carroll's Airpark,small_airport,18035,2021-03-01,0.0224,10,1,FALSE,7.680004882812523,6.2695466182806205,79.2,100.088,-0.744301706825661,-0.07945638524659494,FALSE,FALSE,0,-3.7550192566184815
0-4 km,18125,IN56,IN56,IN56,Carroll's Airpark,small_airport,18035,2021-04-01,0.026222222222222223,9,1,FALSE,11.322215440538217,5.624463285218008,77.61111111111111,99.64083333333333,0.2675076842134502,-0.12896450311214563,FALSE,FALSE,0,-3.6037216457736294
0-4 km,18125,IN56,IN56,IN56,Carroll's Airpark,small_airport,18035,2021-05-01,0.017166666666666667,6,1,FALSE,17.02082214355471,4.9485769085220905,79.20833333333333,99.7225,-0.4338584299330776,0.28615687565124814,FALSE,FALSE,0,-4.008166865981048
0-4 km,18125,IN56,IN56,IN56,Carroll's Airpark,small_airport,18035,2021-06-01,0.022222222222222223,9,1,FALSE,22.17222154405384,4.615122597575101,85.38888888888889,99.43944444444445,0.2056266544907952,-0.4552901539510525,FALSE,FALSE,0,-3.7626456043535454
0-4 km,18125,IN56,IN56,IN56,Carroll's Airpark,small_airport,18035,2021-07-01,0.049300000000000004,10,1,FALSE,22.44000244140627,5.49719402890034,78.6,99.7885,0.23443216456663832,0.2580173336799828,FALSE,FALSE,0,-2.9897502018764435
0-4 km,18125,IN56,IN56,IN56,Carroll's Airpark,small_airport,18035,2021-08-01,0.0105,8,1,FALSE,22.862485504150413,4.3275256754532565,84.09375,99.904375,-0.2516101845177015,0.1999105441949632,FALSE,FALSE,0,-4.4654082436129325
0-4 km,18125,IN56,IN56,IN56,Carroll's Airpark,small_airport,18035,2021-09-01,0.0533,10,1,FALSE,21.550000000000022,5.276117843501158,78.45,99.6595,-0.176638235455847,-0.21785603630651526,FALSE,FALSE,0,-2.913231052042247
0-4 km,18125,IN56,IN56,IN56,Carroll's Airpark,small_airport,18035,2021-10-01,0.024999999999999998,10,1,FALSE,16.714996337890646,3.762133612845531,81.35,99.92,0.18597341556589064,-0.3302041205509346,FALSE,FALSE,0,-3.649658740960655
0-4 km,18125,IN56,IN56,IN56,Carroll's Airpark,small_airport,18035,2021-11-01,0.0583,10,1,FALSE,5.929986572265648,5.212908214430459,79.6,99.9635,0.3959818848302312,-0.6851001492419878,FALSE,FALSE,0,-2.8251459729784574
0-4 km,18125,IN56,IN56,IN56,Carroll's Airpark,small_airport,18035,2021-12-01,0.016,6,1,FALSE,6.324975585937523,4.658245368326074,89.58333333333333,99.40208333333334,-0.2594284627822217,-0.43561768907876053,FALSE,FALSE,0,-4.074541934925921
0-4 km,18125,IN56,IN56,IN56,Carroll's Airpark,small_airport,18035,2022-01-01,0.025,9,1,FALSE,-6.091674126519075,4.493148153135732,73.5,99.96111111111111,-0.5170609304926911,0.11498274077381818,TRUE,FALSE,0,-3.649658740960655
0-4 km,18125,IN56,IN56,IN56,Carroll's Airpark,small_airport,18035,2022-02-01,0.0143,10,1,FALSE,2.3299865722656476,8.989369226833826,79.25,99.96000000000001,-0.22258867826704817,-0.31860578085375707,TRUE,FALSE,0,-4.179902450583747
0-4 km,18125,IN56,IN56,IN56,Carroll's Airpark,small_airport,18035,2022-03-01,0.0205,4,1,FALSE,9.393739318847679,6.792433121072285,78.8125,99.396875,-0.39204044982519004,-0.2780850371054017,TRUE,FALSE,0,-3.83970234384852
0-4 km,18125,IN56,IN56,IN56,Carroll's Airpark,small_airport,18035,2022-04-01,0.009888888888888888,9,1,FALSE,11.83610772026912,4.090405909286632,78.33333333333333,99.78083333333333,0.10253604553546745,-0.17489783069755138,TRUE,FALSE,0,-4.5200123776477845
0-4 km,18125,IN56,IN56,IN56,Carroll's Airpark,small_airport,18035,2022-05-01,0.0072,5,1,FALSE,16.3549987792969,4.754426604846701,82.75,99.858,0.1273110035907298,-0.13032721511869683,TRUE,FALSE,0,-4.803621124711929
0-4 km,18125,IN56,IN56,IN56,Carroll's Airpark,small_airport,18035,2022-06-01,0.04666666666666667,9,1,FALSE,22.36387871636287,3.755646634273276,65.19444444444444,99.80194444444444,-0.6955394458720391,0.1396585962376003,TRUE,FALSE,0,-3.0435229373903394
0-4 km,18125,IN56,IN56,IN56,Carroll's Airpark,small_airport,18035,2022-07-01,0.04428571428571428,7,1,FALSE,23.97142508370538,3.946721945114715,78.42857142857143,99.63892857142856,0.06265651023349328,-0.5417459382908796,TRUE,FALSE,0,-3.09476365416017
0-4 km,18125,IN56,IN56,IN56,Carroll's Airpark,small_airport,18035,2022-08-01,0.0226,10,1,FALSE,22.720001220703146,5.909816536336076,88.15,99.6555,-0.47169040710670374,-0.04181392662920763,TRUE,FALSE,0,-3.7465085669505727
0-4 km,18125,IN56,IN56,IN56,Carroll's Airpark,small_airport,18035,2022-09-01,0.019666666666666666,9,1,FALSE,20.308333333333355,2.944368543636247,75.22222222222223,99.69,-0.3408600256787707,0.06431916162898578,TRUE,FALSE,0,-3.879233182605155
0-4 km,18125,IN56,IN56,IN56,Carroll's Airpark,small_airport,18035,2022-10-01,0.03144444444444444,9,1,FALSE,9.597205946180578,5.92591314382317,59.94444444444444,99.80111111111111,-0.4299404494100601,-0.1784290143652654,TRUE,FALSE,0,-3.4282260540500746
0-4 km,18125,IN56,IN56,IN56,Carroll's Airpark,small_airport,18035,2022-11-01,0.0523,10,1,FALSE,5.774987792968773,4.891637993525268,77.45,100.2665,-0.609508087374908,-0.24055553786721998,TRUE,FALSE,0,-2.931818947810338
0-4 km,18125,IN56,IN56,IN56,Carroll's Airpark,small_airport,18035,2022-12-01,0.015272727272727273,11,1,FALSE,-0.9204578746448636,5.9906425513441235,77.81818181818181,100.33386363636363,-0.4110440133630165,-0.1433747317801172,TRUE,FALSE,0,-4.118264745939753
0-4 km,18125,IN56,IN56,IN56,Carroll's Airpark,small_airport,18035,2023-01-01,0.013111111111111112,9,1,FALSE,2.594439019097245,4.860345865328592,91.83333333333333,99.79972222222221,-0.4202341199211368,-0.07086356824355061,TRUE,FALSE,0,-4.260792769859765
0-4 km,18125,IN56,IN56,IN56,Carroll's Airpark,small_airport,18035,2023-02-01,0.023625,8,1,FALSE,4.9124923706054915,5.483449781542028,82.1875,99.7925,0.15761016527990995,-0.13452923992685742,TRUE,FALSE,0,-3.7039930919239845
0-4 km,18125,IN56,IN56,IN56,Carroll's Airpark,small_airport,18035,2023-03-01,0.03654545454545455,11,1,FALSE,6.281807084517069,5.679820647287901,83.25,99.48840909090909,-0.154434940984899,-0.2598642222435762,TRUE,FALSE,0,-3.2822029588194748
0-4 km,18125,IN56,IN56,IN56,Carroll's Airpark,small_airport,18035,2023-04-01,0.038,10,1,FALSE,9.109985351562523,3.351577710328152,76.05,99.6405,-0.6453491867786223,0.2609402845362826,TRUE,FALSE,0,-3.2441936328524905
0-4 km,18125,IN56,IN56,IN56,Carroll's Airpark,small_airport,18035,2023-05-01,0.0096,10,1,FALSE,18.695001220703148,4.791991912548338,70.25,99.9075,-0.19877503523633705,-0.04040449778840058,TRUE,FALSE,0,-4.546901277864116
0-4 km,18125,IN56,IN56,IN56,Carroll's Airpark,small_airport,18035,2023-06-01,0.013111111111111112,9,1,FALSE,20.294434271918426,5.244591711939666,74.30555555555556,99.49222222222222,0.1981706896339153,0.21723181274672976,TRUE,FALSE,0,-4.260792769859765
0-4 km,18125,IN56,IN56,IN56,Carroll's Airpark,small_airport,18035,2023-07-01,0.039,9,1,FALSE,23.68888075086808,4.089102665289685,79.58333333333333,99.57111111111111,0.21874468967321375,-0.706219401856227,TRUE,FALSE,0,-3.2188758248682006
0-4 km,18125,IN56,IN56,IN56,Carroll's Airpark,small_airport,18035,2023-08-01,0.0177,10,1,FALSE,21.819989013671897,6.879007353936863,78.65,99.62950000000001,-0.4800287599075483,0.263028125400947,TRUE,FALSE,0,-3.979231755121596
0-4 km,18125,IN56,IN56,IN56,Carroll's Airpark,small_airport,18035,2023-09-01,0.0175,8,1,FALSE,20.137490844726585,5.724025232151094,75.75,100.1,0.5105934582523342,-0.04057769801201156,TRUE,FALSE,0,-3.989984546897858
0-4 km,18125,IN56,IN56,IN56,Carroll's Airpark,small_airport,18035,2023-10-01,0.0144,5,1,FALSE,14.844989013671897,7.480353551529307,74.8,99.4935,-0.3344635332905559,-0.1318424504943222,TRUE,FALSE,0,-4.173387769562553
0-4 km,18125,IN56,IN56,IN56,Carroll's Airpark,small_airport,18035,2023-11-01,0.0224,5,1,FALSE,6.569989013671898,5.400020383672368,76.1,100.2145,-0.44004226633345134,-0.049434919280615046,TRUE,FALSE,0,-3.7550192566184815
0-4 km,18125,IN56,IN56,IN56,Carroll's Airpark,small_airport,18035,2023-12-01,0.025,7,1,FALSE,6.232132393973237,6.725553308454439,77.35714285714286,100.41107142857143,-0.06874394560971486,-0.7019965686962752,TRUE,FALSE,0,-3.649658740960655
0-4 km,18125,IN56,IN56,IN56,Carroll's Airpark,small_airport,18035,2024-01-01,0.03654545454545455,11,1,FALSE,0.029532137784113646,4.963865299751449,89.47727272727273,99.48159090909091,-0.09747786471999571,-0.08607715233724822,TRUE,FALSE,0,-3.2822029588194748
0-4 km,18125,IN56,IN56,IN56,Carroll's Airpark,small_airport,18035,2024-02-01,0.010875,8,1,FALSE,-1.3937591552734148,7.00048416339059,76.375,99.6575,-0.6996992400135773,0.21307497965301414,TRUE,FALSE,0,-4.433319929061432
0-4 km,18125,IN56,IN56,IN56,Carroll's Airpark,small_airport,18035,2024-03-01,0.018363636363636363,11,1,FALSE,7.881799316406273,5.223553659307056,76.25,99.75886363636364,-0.29437548423528587,-0.20290615037711288,TRUE,FALSE,0,-3.9443583860710825
0-4 km,18125,IN56,IN56,IN56,Carroll's Airpark,small_airport,18035,2024-04-01,0.0055,8,1,FALSE,11.193742370605491,4.2881070881569014,83.78125,99.486875,-0.35718636503787654,0.36698374608023154,TRUE,FALSE,0,-5.035953102080546
0-4 km,18125,IN56,IN56,IN56,Carroll's Airpark,small_airport,18035,2024-05-01,0.014857142857142857,7,1,FALSE,17.907141985212075,2.968318155748504,83.85714285714286,99.66928571428572,0.2712332686073866,0.004329342174537172,TRUE,FALSE,0,-4.144135226725116
0-4 km,18125,IN56,IN56,IN56,Carroll's Airpark,small_airport,18035,2024-06-01,0.044,9,1,FALSE,23.091658528645855,4.74585983180232,83.77777777777777,99.24305555555556,0.11265855072786411,-0.48788883402910377,TRUE,FALSE,0,-3.101092789211817
0-4 km,18125,IN56,IN56,IN56,Carroll's Airpark,small_airport,18035,2024-07-01,0.0455,10,1,FALSE,23.115002441406272,3.0809570756884463,91.4,99.52199999999999,0.3225353628818112,-0.3592662425792438,TRUE,FALSE,0,-3.0683029663888264
0-4 km,18125,IN56,IN56,IN56,Carroll's Airpark,small_airport,18035,2024-08-01,0.028,10,1,FALSE,22.654998779296896,4.623715543527,73.3,99.879,-0.17363314314022238,-0.023574442610987623,TRUE,FALSE,0,-3.540459448995663
0-4 km,18125,IN56,IN56,IN56,Carroll's Airpark,small_airport,18035,2024-09-01,0.0175,10,1,FALSE,20.699993896484397,4.0673078811859416,68.7,99.865,0.13054135467305783,0.15318315165886118,TRUE,FALSE,0,-3.989984546897858
0-4 km,18125,IN56,IN56,IN56,Carroll's Airpark,small_airport,18035,2024-10-01,0.029444444444444443,9,1,FALSE,13.836111111111133,4.050857869274461,62.611111111111114,100.32333333333334,-0.6040575287449159,0.12485394637409052,TRUE,FALSE,0,-3.4918517499302864
0-4 km,18125,IN56,IN56,IN56,Carroll's Airpark,small_airport,18035,2024-11-01,0.022,10,1,FALSE,9.179986572265648,5.165656432504007,81.95,99.8995,-0.5673990635871363,0.0894531541933883,TRUE,FALSE,0,-3.7722610630529876
0-4 km,18125,IN56,IN56,IN56,Carroll's Airpark,small_airport,18035,2024-12-01,0.05,9,1,FALSE,0.24165581597224495,5.990494282811372,82.13888888888889,100.31666666666666,-0.11339435542711707,-0.37712607836597567,TRUE,FALSE,0,-2.975929646257811
0-4 km,18125,IN56,IN56,IN56,Carroll's Airpark,small_airport,18035,2025-01-01,0.026583333333333334,12,1,FALSE,-2.550004069010394,7.121538519507689,82.29166666666667,99.92583333333333,-0.643739398672635,-0.07142988264731816,TRUE,FALSE,0,-3.5905435533930743
0-4 km,18125,IN56,IN56,IN56,Carroll's Airpark,small_airport,18035,2025-02-01,0.010125,8,1,FALSE,-1.9625076293945085,5.267904188888635,85.75,99.918125,-0.21132347566464382,0.16824028452240164,TRUE,FALSE,0,-4.498560450929833
0-4 km,18125,IN56,IN56,IN56,Carroll's Airpark,small_airport,18035,2025-03-01,0.024888888888888887,9,1,FALSE,5.961100938585092,3.9666775302789765,74.77777777777777,99.56805555555556,-0.4350120622116605,0.027280766292330547,TRUE,FALSE,0,-3.6539414027526558
0-4 km,18125,IN56,IN56,IN56,Carroll's Airpark,small_airport,18035,2025-04-01,0.03911111111111111,9,1,FALSE,10.133325195312523,5.299840778209307,82.38888888888889,99.74111111111111,-0.3912891255951446,-0.02914581299124944,TRUE,FALSE,0,-3.2161018979854754
0-4 km,18125,IN56,IN56,IN56,Carroll's Airpark,small_airport,18035,2025-05-01,0.020166666666666666,12,1,FALSE,16.870818074544292,4.068532900812278,86.20833333333333,99.53375,-0.015260583002725791,0.07182784886294165,TRUE,FALSE,0,-3.8553276617516006
0-4 km,18125,IN56,IN56,IN56,Carroll's Airpark,small_airport,18035,2025-06-01,0.07788888888888888,9,1,FALSE,23.344439019097244,5.617393656443089,88.72222222222223,99.62138888888889,-0.08287228287967788,-0.463222976787182,TRUE,FALSE,0,-2.5397148862829955
0-4 km,18125,IN56,IN56,IN56,Carroll's Airpark,small_airport,18035,2025-07-01,0.0612,10,1,FALSE,25.719995117187523,5.129859943667755,87.15,99.76599999999999,-0.5222804247116862,0.050662988782598964,TRUE,FALSE,0,-2.7774002792370034
0-4 km,18125,IN56,IN56,IN56,Carroll's Airpark,small_airport,18035,2025-08-01,0.0328,10,1,FALSE,23.3499938964844,2.0325911724415957,78.8,99.966,-0.26318052873006414,0.11450058685684389,TRUE,FALSE,0,-3.387294476493164
0-4 km,18125,IN56,IN56,IN56,Carroll's Airpark,small_airport,18035,2025-09-01,0.022555555555555554,9,1,FALSE,21.12219645182294,5.757526806501616,73.05555555555556,99.69416666666667,0.286864116364568,-0.19329627756379145,TRUE,FALSE,0,-3.748393581646344
0-4 km,19281,KANE,KANE,ANE,Anoka County-Blaine (Janes Field) Airport,small_airport,27003,2012-01-01,0.0075,4,1,FALSE,-2.432493591308571,8.43215307791494,80.1875,96.9625,-0.9079087448096047,-0.219446329139872,FALSE,FALSE,0,-4.767689115485866
0-4 km,19281,KANE,KANE,ANE,Anoka County-Blaine (Janes Field) Airport,small_airport,27003,2012-02-01,0.008,5,1,FALSE,-2.8479980468749773,5.324097474792604,87,97.424,-0.8041963265964502,-0.3050361775050688,FALSE,FALSE,0,-4.710530701645918
0-4 km,19281,KANE,KANE,ANE,Anoka County-Blaine (Janes Field) Airport,small_airport,27003,2012-03-01,0.012,5,1,FALSE,5.650006103515648,4.3468219178091045,80.7,97.262,-0.4460359378608674,0.03754678637662129,FALSE,FALSE,0,-4.3428059215206005
0-4 km,19281,KANE,KANE,ANE,Anoka County-Blaine (Janes Field) Airport,small_airport,27003,2012-04-01,0.012,5,1,FALSE,9.206011962890647,6.414493122331041,76.25,97.214,-0.23840724515166295,0.2167941446576857,FALSE,FALSE,0,-4.3428059215206005
0-4 km,19281,KANE,KANE,ANE,Anoka County-Blaine (Janes Field) Airport,small_airport,27003,2012-05-01,0.002,5,1,FALSE,15.884002685546898,4.533532625222474,84.15,97.21,-0.8979805974415331,-0.03964946302903045,FALSE,FALSE,0,-5.809142990314028
0-4 km,19281,KANE,KANE,ANE,Anoka County-Blaine (Janes Field) Airport,small_airport,27003,2012-06-01,0.002,5,1,FALSE,18.37000122070315,6.054876440042214,78.8,97.058,-0.5437116473133867,-0.7045145135227001,FALSE,FALSE,0,-5.809142990314028
0-4 km,19281,KANE,KANE,ANE,Anoka County-Blaine (Janes Field) Airport,small_airport,27003,2012-07-01,0.002,5,1,FALSE,22.790002441406273,3.8297862542615606,83,97.33200000000001,-0.5268483622811311,-0.33191953420294007,FALSE,FALSE,0,-5.809142990314028
0-4 km,19281,KANE,KANE,ANE,Anoka County-Blaine (Janes Field) Airport,small_airport,27003,2012-08-01,0.002,5,1,FALSE,22.960009765625024,6.617723034609499,65.4,97.348,-0.12345183666340236,-0.03426676023952433,FALSE,FALSE,0,-5.809142990314028
0-4 km,19281,KANE,KANE,ANE,Anoka County-Blaine (Janes Field) Airport,small_airport,27003,2012-09-01,0.002,5,1,FALSE,15.734008789062523,6.150284613363555,53.35,97.44,-0.5289480800439004,-0.024883249781668237,FALSE,FALSE,0,-5.809142990314028
0-4 km,19281,KANE,KANE,ANE,Anoka County-Blaine (Janes Field) Airport,small_airport,27003,2012-10-01,0.01,5,1,FALSE,6.211999511718773,3.7297080271540315,73.8,97.234,0.25535118694258574,0.0591146921144563,FALSE,FALSE,0,-4.509860006183766
0-4 km,19281,KANE,KANE,ANE,Anoka County-Blaine (Janes Field) Airport,small_airport,27003,2012-11-01,0.008,5,1,FALSE,2.7080078125000226,4.12598132240193,85.15,97.548,0.33321207331351155,-0.5858486114102955,FALSE,FALSE,0,-4.710530701645918
0-4 km,19281,KANE,KANE,ANE,Anoka County-Blaine (Janes Field) Airport,small_airport,27003,2012-12-01,0.002,5,1,FALSE,-9.371997070312478,4.445192962847347,89.4,97.408,0.35687144275458277,0.4148104532919952,FALSE,FALSE,0,-5.809142990314028
0-4 km,19281,KANE,KANE,ANE,Anoka County-Blaine (Janes Field) Airport,small_airport,27003,2013-01-01,0.03,5,1,FALSE,-8.461999511718727,6.81827251536428,85.05,97.54,-0.8706221036263554,-0.3374041021381839,FALSE,FALSE,0,-3.473768074496991
0-4 km,19281,KANE,KANE,ANE,Anoka County-Blaine (Janes Field) Airport,small_airport,27003,2013-02-01,0.024,5,1,FALSE,-9.444000244140602,7.6956579410640185,82.75,97.754,-0.46375220224738295,0.25448443367975887,FALSE,FALSE,0,-3.6888794541139363
0-4 km,19281,KANE,KANE,ANE,Anoka County-Blaine (Janes Field) Airport,small_airport,27003,2013-03-01,0.008,5,1,FALSE,-4.202001953124977,8.950763332785934,84.05,97.582,-0.7664839778957181,0.205823566297444,FALSE,FALSE,0,-4.710530701645918
0-4 km,19281,KANE,KANE,ANE,Anoka County-Blaine (Janes Field) Airport,small_airport,27003,2013-04-01,0.014,5,1,FALSE,4.152008056640648,5.1516539394236505,86.65,97.54,-0.5016885952361484,-0.5015526771620133,FALSE,FALSE,0,-4.199705077879927
0-4 km,19281,KANE,KANE,ANE,Anoka County-Blaine (Janes Field) Airport,small_airport,27003,2013-05-01,0.004,5,1,FALSE,10.398004150390648,5.594479452558624,89.45,97.16,-0.4407637916310549,0.5446413980669921,FALSE,FALSE,0,-5.298317366548036
0-4 km,19281,KANE,KANE,ANE,Anoka County-Blaine (Janes Field) Airport,small_airport,27003,2013-06-01,0.004,5,1,FALSE,18.254010009765647,2.6785714405941112,83.2,97.16,-0.5403636982734432,-0.17968337011049892,FALSE,FALSE,0,-5.298317366548036
0-4 km,19281,KANE,KANE,ANE,Anoka County-Blaine (Janes Field) Airport,small_airport,27003,2013-07-01,0.004,5,1,FALSE,19.368011474609396,4.390278201881056,79.75,97.58200000000001,-0.35719253495666514,-0.0813293987402044,FALSE,FALSE,0,-5.298317366548036
0-4 km,19281,KANE,KANE,ANE,Anoka County-Blaine (Janes Field) Airport,small_airport,27003,2013-08-01,0.004,5,1,FALSE,21.876007080078146,4.258637402590576,64.85,97.49600000000001,0.26731509334591125,-0.21547970640941788,FALSE,FALSE,0,-5.298317366548036
0-4 km,19281,KANE,KANE,ANE,Anoka County-Blaine (Janes Field) Airport,small_airport,27003,2013-09-01,0.006,5,1,FALSE,20.88800048828127,3.5756470857112084,72.5,97.176,0.28188088875275075,-0.09651910000033799,FALSE,FALSE,0,-4.961845129926823
0-4 km,19281,KANE,KANE,ANE,Anoka County-Blaine (Janes Field) Airport,small_airport,27003,2013-10-01,0.0016666666666666668,6,1,FALSE,9.201664225260439,3.8663008382701642,77,97.1,-0.11746204188656181,-0.2911275656211706,FALSE,FALSE,0,-5.926926025970411
0-4 km,19281,KANE,KANE,ANE,Anoka County-Blaine (Janes Field) Airport,small_airport,27003,2013-11-01,0.005,4,1,FALSE,-4.06999816894529,7.282421815752133,80.3125,97.86,-0.6596342264280823,-0.02927102059221809,FALSE,FALSE,0,-5.115995809754082
0-4 km,19281,KANE,KANE,ANE,Anoka County-Blaine (Janes Field) Airport,small_airport,27003,2013-12-01,0.006,5,1,FALSE,-18.514001464843727,4.754005319689831,88,98.104,-0.6986534870272827,-0.25738495252959526,FALSE,FALSE,0,-4.961845129926823
0-4 km,19281,KANE,KANE,ANE,Anoka County-Blaine (Janes Field) Airport,small_airport,27003,2014-01-01,0.0032500000000000003,4,1,FALSE,-14.087492370605446,6.006137668432115,82.0625,97.1525,-0.2295331221187728,0.3005317475039715,FALSE,FALSE,0,-5.4608362960458114
0-4 km,19281,KANE,KANE,ANE,Anoka County-Blaine (Janes Field) Airport,small_airport,27003,2014-02-01,0.008199999999999999,5,1,FALSE,-15.454003906249977,3.7701939370445094,74.4,97.65,0.004092458051823444,0.382126033062774,FALSE,FALSE,0,-4.688551794927142
0-4 km,19281,KANE,KANE,ANE,Anoka County-Blaine (Janes Field) Airport,small_airport,27003,2014-03-01,0.0076,5,1,FALSE,-4.215997314453102,7.268207788337459,79.25,97.52,-0.5166796369556312,-0.2920236850803606,FALSE,FALSE,0,-4.755993075722675
0-4 km,19281,KANE,KANE,ANE,Anoka County-Blaine (Janes Field) Airport,small_airport,27003,2014-04-01,0.0036,5,1,FALSE,4.142010498046898,7.822231631612652,81.7,97.19800000000001,-0.7600197745343164,0.24619087822368824,FALSE,FALSE,0,-5.381698975487088
0-4 km,19281,KANE,KANE,ANE,Anoka County-Blaine (Janes Field) Airport,small_airport,27003,2014-05-01,0.0098,5,1,FALSE,13.358001708984398,4.10913591715647,68.45,97.544,-0.9152892106590115,-0.09384854547814966,FALSE,FALSE,0,-4.528209144851963
0-4 km,19281,KANE,KANE,ANE,Anoka County-Blaine (Janes Field) Airport,small_airport,27003,2014-06-01,0.00825,4,1,FALSE,18.710000610351585,3.4385449458215813,78.3125,97.1575,-0.6799429280875289,-0.33088463438123944,FALSE,FALSE,0,-4.683131727457803
0-4 km,19281,KANE,KANE,ANE,Anoka County-Blaine (Janes Field) Airport,small_airport,27003,2014-07-01,0.0064,5,1,FALSE,19.188000488281272,6.964046042244396,74,97.69,0.010720470095343692,-0.2649535663176143,FALSE,FALSE,0,-4.9062752787720125
0-4 km,19281,KANE,KANE,ANE,Anoka County-Blaine (Janes Field) Airport,small_airport,27003,2014-08-01,0.007,5,1,FALSE,20.142004394531273,5.593409279231497,77.4,97.628,-0.8279783879353989,-0.23494696129493714,FALSE,FALSE,0,-4.8283137373023015
0-4 km,19281,KANE,KANE,ANE,Anoka County-Blaine (Janes Field) Airport,small_airport,27003,2014-09-01,0.003,5,1,FALSE,17.1200134277344,5.567635042041154,77.7,97.388,-0.40964653827157643,-0.70215796157319,FALSE,FALSE,0,-5.521460917862246
0-4 km,19281,KANE,KANE,ANE,Anoka County-Blaine (Janes Field) Airport,small_airport,27003,2014-10-01,0.0056,5,1,FALSE,11.417993164062523,8.017817244857074,72.35,97.016,-0.43045673464800943,0.3170907255625406,FALSE,FALSE,0,-5.0206856299497575
0-4 km,19281,KANE,KANE,ANE,Anoka County-Blaine (Janes Field) Airport,small_airport,27003,2014-11-01,0.0182,5,1,FALSE,-5.165008544921852,4.8087424694487515,78.95,97.735,-0.3333485488088847,0.038624784696586104,FALSE,FALSE,0,-3.952844999948401
0-4 km,19281,KANE,KANE,ANE,Anoka County-Blaine (Janes Field) Airport,small_airport,27003,2014-12-01,0.014833333333333332,6,1,FALSE,-8.55834299723305,5.548208914730992,87.5,98.16166666666666,-0.02790003322181382,-0.40183061759489114,FALSE,FALSE,0,-4.1456378566096515
0-4 km,19281,KANE,KANE,ANE,Anoka County-Blaine (Janes Field) Airport,small_airport,27003,2015-01-01,0.0052,5,1,FALSE,-9.585009765624978,6.480298161618822,86.45,97.82300000000001,-0.8579340355062974,0.39569801295379614,FALSE,FALSE,0,-5.083205986931091
0-4 km,19281,KANE,KANE,ANE,Anoka County-Blaine (Janes Field) Airport,small_airport,27003,2015-02-01,0.001,3,1,FALSE,-14.691681925455706,3.1339294065930874,83.16666666666667,98.03166666666667,-0.5783059158717019,0.6062471485857481,FALSE,FALSE,0,-6.214608098422191
0-4 km,19281,KANE,KANE,ANE,Anoka County-Blaine (Janes Field) Airport,small_airport,27003,2015-03-01,0.0035,6,1,FALSE,1.991657511393252,5.513037957117933,79.29166666666667,97.53208333333333,-0.39008393385799905,-0.3088388338781788,FALSE,FALSE,0,-5.403677882205863
0-4 km,19281,KANE,KANE,ANE,Anoka County-Blaine (Janes Field) Airport,small_airport,27003,2015-04-01,0.0048,5,1,FALSE,10.189996337890648,4.354750356664472,69.35,97.344,-0.3157333698143754,0.25859137664452336,FALSE,FALSE,0,-5.149897361429764
0-4 km,19281,KANE,KANE,ANE,Anoka County-Blaine (Janes Field) Airport,small_airport,27003,2015-05-01,0.0014,5,1,FALSE,12.289990234375022,5.71760796127477,86.3,97.4035,-0.19586046237770502,-0.03930887235133098,FALSE,FALSE,0,-6.032286541628237
0-4 km,19281,KANE,KANE,ANE,Anoka County-Blaine (Janes Field) Airport,small_airport,27003,2015-06-01,0.0032,5,1,FALSE,16.885003662109398,4.429264224267243,86.9,97.357,-0.38721147068559875,0.5358698460484533,FALSE,FALSE,0,-5.472670753692814
0-4 km,19281,KANE,KANE,ANE,Anoka County-Blaine (Janes Field) Airport,small_airport,27003,2015-07-01,0.0032,5,1,FALSE,20.784997558593773,4.793985498011526,80.9,97.1855,-0.6075557032726921,-0.6645602629599721,FALSE,FALSE,0,-5.472670753692814
0-4 km,19281,KANE,KANE,ANE,Anoka County-Blaine (Janes Field) Airport,small_airport,27003,2015-08-01,0.0036,5,1,FALSE,20.929986572265648,5.923255566697721,72.25,97.3095,-0.7015188360724431,-0.13911063757160222,FALSE,FALSE,0,-5.381698975487088
0-4 km,19281,KANE,KANE,ANE,Anoka County-Blaine (Janes Field) Airport,small_airport,27003,2015-09-01,0.0044,5,1,FALSE,20.434991455078148,6.865315435295886,66.8,97.311,-0.3693689442041316,-0.4775768954312059,FALSE,FALSE,0,-5.221356325411908
0-4 km,19281,KANE,KANE,ANE,Anoka County-Blaine (Janes Field) Airport,small_airport,27003,2015-10-01,0.0052,5,1,FALSE,11.769982910156273,5.274610867152556,69.2,97.8165,-0.5673371695366826,-0.058595517234976795,FALSE,FALSE,0,-5.083205986931091
0-4 km,19281,KANE,KANE,ANE,Anoka County-Blaine (Janes Field) Airport,small_airport,27003,2015-11-01,0.0062,5,1,FALSE,3.8649902343750226,5.594383390936447,74.6,97.5815,-0.1754886864551914,-0.1760036028475547,FALSE,FALSE,0,-4.933674252960127
0-4 km,19281,KANE,KANE,ANE,Anoka County-Blaine (Janes Field) Airport,small_airport,27003,2015-12-01,0.0048,5,1,FALSE,-0.32001342773435226,9.986432502931343,91.65,96.803,-0.48970613589921763,-0.07886672432097427,FALSE,FALSE,0,-5.149897361429764
0-4 km,19281,KANE,KANE,ANE,Anoka County-Blaine (Janes Field) Airport,small_airport,27003,2016-01-01,0.024,6,1,FALSE,-8.812521362304665,3.9049514156469862,85.58333333333333,97.27916666666667,-0.2676096508426572,-0.14705630889928906,FALSE,FALSE,0,-3.6888794541139363
0-4 km,19281,KANE,KANE,ANE,Anoka County-Blaine (Janes Field) Airport,small_airport,27003,2016-02-01,0.01575,4,1,FALSE,-6.143759155273415,5.793220685916196,84.25,97.83625,-0.0493354246292027,-0.011665291894739499,FALSE,FALSE,0,-4.089357020711062
0-4 km,19281,KANE,KANE,ANE,Anoka County-Blaine (Janes Field) Airport,small_airport,27003,2016-03-01,0.014,6,1,FALSE,1.1541483561198145,5.412310336621172,83.70833333333333,96.995,-0.4728390253778272,0.17873932962619504,FALSE,FALSE,0,-4.199705077879927
0-4 km,19281,KANE,KANE,ANE,Anoka County-Blaine (Janes Field) Airport,small_airport,27003,2016-04-01,0.0118,5,1,FALSE,8.839984130859397,6.027412103214434,78.25,97.53,-0.17246014659756306,-0.03644716670944701,FALSE,FALSE,0,-4.358310108056566
0-4 km,19281,KANE,KANE,ANE,Anoka County-Blaine (Janes Field) Airport,small_airport,27003,2016-05-01,0.0048000000000000004,5,1,FALSE,16.014996337890647,6.182323441988102,75,97.39150000000001,-0.4521891527425696,-0.24554097478921197,FALSE,FALSE,0,-5.149897361429764
0-4 km,19281,KANE,KANE,ANE,Anoka County-Blaine (Janes Field) Airport,small_airport,27003,2016-06-01,0.0044,5,1,FALSE,18.754992675781274,3.858962432223307,81.35,97.25,-0.477942834591217,0.12278642565446289,FALSE,FALSE,0,-5.221356325411908
0-4 km,19281,KANE,KANE,ANE,Anoka County-Blaine (Janes Field) Airport,small_airport,27003,2016-07-01,0.0036,5,1,FALSE,22.209991455078146,5.265244879978473,83.55,97.1225,0.09577790012502455,-0.28069199835457415,FALSE,FALSE,0,-5.381698975487088
0-4 km,19281,KANE,KANE,ANE,Anoka County-Blaine (Janes Field) Airport,small_airport,27003,2016-08-01,0.002,5,1,FALSE,22.284997558593773,4.784404159438465,74.75,97.4805,-0.369916105295421,-0.6501865472340845,FALSE,FALSE,0,-5.809142990314028
0-4 km,19281,KANE,KANE,ANE,Anoka County-Blaine (Janes Field) Airport,small_airport,27003,2016-09-01,0.0026,5,1,FALSE,17.470007324218773,3.536931833650537,68.3,97.5455,-0.41155379310633955,-0.16206833549955346,FALSE,FALSE,0,-5.626821433520073
0-4 km,19281,KANE,KANE,ANE,Anoka County-Blaine (Janes Field) Airport,small_airport,27003,2016-10-01,0.0044,5,1,FALSE,10.464996337890648,4.1134136123381,73.95,97.8155,-0.29951899694135775,-0.2878972551411453,FALSE,FALSE,0,-5.221356325411908
0-4 km,19281,KANE,KANE,ANE,Anoka County-Blaine (Janes Field) Airport,small_airport,27003,2016-11-01,0.017,5,1,FALSE,4.594982910156273,5.889978560469677,76.3,97.9605,0.049603783150235815,0.3051009491836527,FALSE,FALSE,0,-4.017383521085972
0-4 km,19281,KANE,KANE,ANE,Anoka County-Blaine (Janes Field) Airport,small_airport,27003,2016-12-01,0.006,4,1,FALSE,-6.6562637329101335,4.797599434097891,82.125,97.211875,-0.3267158362388677,-0.4392609661157142,FALSE,FALSE,0,-4.961845129926823
0-4 km,19281,KANE,KANE,ANE,Anoka County-Blaine (Janes Field) Airport,small_airport,27003,2017-01-01,0.008666666666666666,3,1,FALSE,-3.375016276041644,5.0577858807416085,87.16666666666667,96.52916666666667,-0.5116607372742387,0.39607944685162616,FALSE,FALSE,0,-4.639071737663772
0-4 km,19281,KANE,KANE,ANE,Anoka County-Blaine (Janes Field) Airport,small_airport,27003,2017-02-01,0.0085,2,1,FALSE,-1.4749969482421648,8.089334260125115,81.125,96.63374999999999,-0.003935912301174016,-0.09533120598937428,FALSE,FALSE,0,-4.656463480375642
0-4 km,19281,KANE,KANE,ANE,Anoka County-Blaine (Janes Field) Airport,small_airport,27003,2017-03-01,0.0078,5,1,FALSE,-1.7600036621093522,3.3980382851754536,75.8,97.64,0.0732014907932882,0.6467097391298097,FALSE,FALSE,0,-4.733003557497977
0-4 km,19281,KANE,KANE,ANE,Anoka County-Blaine (Janes Field) Airport,small_airport,27003,2017-04-01,0.0085,4,1,FALSE,10.268739318847679,5.476478313730544,78.25,97.405,-0.9455338736119347,-0.013075579261593456,FALSE,FALSE,0,-4.656463480375642
0-4 km,19281,KANE,KANE,ANE,Anoka County-Blaine (Janes Field) Airport,small_airport,27003,2017-05-01,0.003,6,1,FALSE,9.73748677571617,5.330268404142144,78.95833333333333,97.03416666666666,-0.14293894564334161,0.5116940663885249,FALSE,FALSE,0,-5.521460917862246
0-4 km,19281,KANE,KANE,ANE,Anoka County-Blaine (Janes Field) Airport,small_airport,27003,2017-06-01,0.0026,5,1,FALSE,16.704986572265646,3.6230678432124908,88,96.99799999999999,-0.46023980320432795,0.307567774936256,FALSE,FALSE,0,-5.626821433520073
0-4 km,19281,KANE,KANE,ANE,Anoka County-Blaine (Janes Field) Airport,small_airport,27003,2017-07-01,0.0056,5,1,FALSE,22.195001220703148,3.772232054230566,79.1,97.4345,-0.0474075837957636,-0.31893374128907637,FALSE,FALSE,0,-5.0206856299497575
0-4 km,19281,KANE,KANE,ANE,Anoka County-Blaine (Janes Field) Airport,small_airport,27003,2017-08-01,0.0056,5,1,FALSE,17.659985351562522,5.483591668186704,84.8,97.3925,-0.24179015973339574,0.23711224148862564,FALSE,FALSE,0,-5.0206856299497575
0-4 km,19281,KANE,KANE,ANE,Anoka County-Blaine (Janes Field) Airport,small_airport,27003,2017-09-01,6.666666666666666e-4,3,1,FALSE,19.899997965494816,7.1981128375403,71.91666666666667,97.25916666666667,-0.8266323094337763,-0.3104104925687707,FALSE,FALSE,0,-6.396929655216146
0-4 km,19281,KANE,KANE,ANE,Anoka County-Blaine (Janes Field) Airport,small_airport,27003,2017-10-01,0.0045000000000000005,4,1,FALSE,9.41248474121096,3.6407639818618023,78.9375,97.978125,-0.328366115211687,-0.022198645475147133,FALSE,FALSE,0,-5.2030071867437115
0-4 km,19281,KANE,KANE,ANE,Anoka County-Blaine (Janes Field) Airport,small_airport,27003,2017-11-01,0.0076,5,1,FALSE,0.9849914550781478,4.361180314723926,79.9,97.3825,-0.11312437605017533,0.20078327868730872,FALSE,FALSE,0,-4.755993075722675
0-4 km,19281,KANE,KANE,ANE,Anoka County-Blaine (Janes Field) Airport,small_airport,27003,2017-12-01,0.006,5,1,FALSE,-9.055010986328103,4.779858244923229,83.15,97.7805,0.6963262419455324,0.311040472262289,FALSE,FALSE,0,-4.961845129926823
0-4 km,19281,KANE,KANE,ANE,Anoka County-Blaine (Janes Field) Airport,small_airport,27003,2018-01-01,0.009600000000000001,5,1,FALSE,-9.465008544921853,5.547772470974961,76.45,97.666,-0.7648132821567829,-0.44510937808275747,FALSE,FALSE,0,-4.546901277864116
0-4 km,19281,KANE,KANE,ANE,Anoka County-Blaine (Janes Field) Airport,small_airport,27003,2018-02-01,0.0026,5,1,FALSE,-10.705004882812478,4.546205116593857,83.95,97.54599999999999,-0.24235456166204866,-0.1279944508041103,FALSE,FALSE,0,-5.626821433520073
0-4 km,19281,KANE,KANE,ANE,Anoka County-Blaine (Janes Field) Airport,small_airport,27003,2018-03-01,0.0092,5,1,FALSE,-2.8200134277343523,5.177759911503492,84.4,97.681,-0.3626156847401729,0.1192164639506292,FALSE,FALSE,0,-4.585367558691911
0-4 km,19281,KANE,KANE,ANE,Anoka County-Blaine (Janes Field) Airport,small_airport,27003,2018-04-01,0.0062,5,1,FALSE,-0.7800109863281023,4.978628816152766,67.95,97.736,-0.6309033621329379,0.06412312787090911,FALSE,FALSE,0,-4.933674252960127
0-4 km,19281,KANE,KANE,ANE,Anoka County-Blaine (Janes Field) Airport,small_airport,27003,2018-05-01,0.0052,5,1,FALSE,16.79998779296877,5.189776646461443,81.2,97.2205,-0.8240821829548949,0.02548372320763594,FALSE,FALSE,0,-5.083205986931091
0-4 km,19281,KANE,KANE,ANE,Anoka County-Blaine (Janes Field) Airport,small_airport,27003,2018-06-01,0.0042,5,1,FALSE,18.384991455078147,3.1746150148469683,85.75,97.4245,-0.7288470961429134,0.4777028336367073,FALSE,FALSE,0,-5.259096653394756
0-4 km,19281,KANE,KANE,ANE,Anoka County-Blaine (Janes Field) Airport,small_airport,27003,2018-07-01,0.0035,6,1,FALSE,22.320825195312523,6.146742262618882,74.08333333333333,97.55041666666666,-0.2905222999301193,-0.2897811443130006,FALSE,FALSE,0,-5.403677882205863
0-4 km,19281,KANE,KANE,ANE,Anoka County-Blaine (Janes Field) Airport,small_airport,27003,2018-08-01,0.0034000000000000002,5,1,FALSE,21.595001220703146,6.077249361687077,69.2,97.56,-0.6635689646063176,-0.20910547090138812,FALSE,FALSE,0,-5.426150738057921
0-4 km,19281,KANE,KANE,ANE,Anoka County-Blaine (Janes Field) Airport,small_airport,27003,2018-09-01,0.003,5,1,FALSE,16.525000000000023,5.8705179116834625,74.8,97.6725,0.4374815742455271,-0.006041041212329479,FALSE,FALSE,0,-5.521460917862246
0-4 km,19281,KANE,KANE,ANE,Anoka County-Blaine (Janes Field) Airport,small_airport,27003,2018-10-01,0.0126,5,1,FALSE,5.114996337890648,3.864186653499512,77.8,97.6425,0.05219384121925613,0.5030540269738569,FALSE,FALSE,0,-4.29768548624013
0-4 km,19281,KANE,KANE,ANE,Anoka County-Blaine (Janes Field) Airport,small_airport,27003,2018-11-01,0.0082,5,1,FALSE,-4.060015869140602,4.644755369837647,86.35,97.6375,0.23286051712528236,0.16106735850867793,FALSE,FALSE,0,-4.688551794927142
0-4 km,19281,KANE,KANE,ANE,Anoka County-Blaine (Janes Field) Airport,small_airport,27003,2018-12-01,0.00475,4,1,FALSE,-7.7500137329101335,3.6184788766565004,90.0625,97.6575,-0.3763877524413666,-0.569799279791337,FALSE,FALSE,0,-5.158555424172878
0-4 km,19281,KANE,KANE,ANE,Anoka County-Blaine (Janes Field) Airport,small_airport,27003,2019-01-01,0.0076,5,1,FALSE,-12.925012207031227,5.688230798951406,84.15,97.778,-0.3521836968958754,0.0305258178920531,FALSE,FALSE,0,-4.755993075722675
0-4 km,19281,KANE,KANE,ANE,Anoka County-Blaine (Janes Field) Airport,small_airport,27003,2019-02-01,0.0146,5,1,FALSE,-11.145001220703103,4.392791311925921,79,97.557,-0.3260508208488609,-0.21313559385617892,FALSE,FALSE,0,-4.160484364726646
0-4 km,19281,KANE,KANE,ANE,Anoka County-Blaine (Janes Field) Airport,small_airport,27003,2019-03-01,0.0026,5,1,FALSE,-3.9600128173827898,3.6525994218545925,82.6,97.50750000000001,-0.12362693013391199,0.5422346046984367,FALSE,FALSE,0,-5.626821433520073
0-4 km,19281,KANE,KANE,ANE,Anoka County-Blaine (Janes Field) Airport,small_airport,27003,2019-04-01,0.0076,5,1,FALSE,7.599981689453148,5.7614473675437115,71.85,97.147,-0.4702753417235392,0.18705928048896195,FALSE,FALSE,0,-4.755993075722675
0-4 km,19281,KANE,KANE,ANE,Anoka County-Blaine (Janes Field) Airport,small_airport,27003,2019-05-01,0.0044,5,1,FALSE,9.664996337890647,4.931683788909693,84.65,97.4305,-0.6554460857538751,0.48497278535375804,FALSE,FALSE,0,-5.221356325411908
0-4 km,19281,KANE,KANE,ANE,Anoka County-Blaine (Janes Field) Airport,small_airport,27003,2019-06-01,0.003,5,1,FALSE,16.669995117187522,4.652986610715711,75.85,97.1455,0.2759698574388595,-0.2767112806597224,FALSE,FALSE,0,-5.521460917862246
0-4 km,19281,KANE,KANE,ANE,Anoka County-Blaine (Janes Field) Airport,small_airport,27003,2019-07-01,0.0016,5,1,FALSE,22.144995117187523,4.562526931489709,82.05,97.34,-0.10134196563702118,-0.195421859494405,FALSE,FALSE,0,-5.952243833954701
0-4 km,19281,KANE,KANE,ANE,Anoka County-Blaine (Janes Field) Airport,small_airport,27003,2019-08-01,0.0013333333333333333,6,1,FALSE,19.424986775716167,5.212159894249686,66.04166666666667,97.57166666666666,-0.6122344233457099,-0.2989778617951398,FALSE,FALSE,0,-6.060457418594933
0-4 km,19281,KANE,KANE,ANE,Anoka County-Blaine (Janes Field) Airport,small_airport,27003,2019-09-01,8e-4,5,1,FALSE,19.589996337890646,7.958071849720534,83.75,97.26,-0.37261563423832283,-0.28814958140160535,FALSE,FALSE,0,-6.319968614080018
0-4 km,19281,KANE,KANE,ANE,Anoka County-Blaine (Janes Field) Airport,small_airport,27003,2019-10-01,0.004,5,1,FALSE,4.064984130859398,7.536838094572832,76.85,97.3385,-0.509565545200892,-0.37168844161077874,FALSE,FALSE,0,-5.298317366548036
0-4 km,19281,KANE,KANE,ANE,Anoka County-Blaine (Janes Field) Airport,small_airport,27003,2019-11-01,0.001,5,1,FALSE,-3.245013427734352,5.8801889282556425,81.15,97.918,-0.3089465369585622,-0.072589957454882,FALSE,FALSE,0,-6.214608098422191
0-4 km,19281,KANE,KANE,ANE,Anoka County-Blaine (Janes Field) Airport,small_airport,27003,2019-12-01,0.0092,5,1,FALSE,-6.040011596679665,2.965750318432307,89.6,97.2645,-0.5986097413599347,-0.030855592447989865,FALSE,FALSE,0,-4.585367558691911
0-4 km,19281,KANE,KANE,ANE,Anoka County-Blaine (Janes Field) Airport,small_airport,27003,2020-01-01,0.0106,5,1,FALSE,-9.645016479492165,6.395778478197105,90,97.82849999999999,-0.6840993222782795,0.3608600440660559,FALSE,FALSE,0,-4.456750180869818
0-4 km,19281,KANE,KANE,ANE,Anoka County-Blaine (Janes Field) Airport,small_airport,27003,2020-02-01,0.0028,5,1,FALSE,-8.175012207031227,6.395777783984254,78.4,97.67,-0.07669426725736854,-0.11723078345402815,FALSE,FALSE,0,-5.572754212249797
0-4 km,19281,KANE,KANE,ANE,Anoka County-Blaine (Janes Field) Airport,small_airport,27003,2020-03-01,0.0024000000000000002,5,1,FALSE,-1.6650146484374773,6.644800205329014,87.9,97.665,-0.4153854205695439,0.09260987844870111,FALSE,FALSE,0,-5.683979847360021
0-4 km,19281,KANE,KANE,ANE,Anoka County-Blaine (Janes Field) Airport,small_airport,27003,2020-04-01,0.0012000000000000001,5,1,FALSE,3.339984130859398,4.695149394159428,71.45,97.219,-0.3375815936475789,0.18630815641898119,FALSE,FALSE,0,-6.119297918617867
0-4 km,19281,KANE,KANE,ANE,Anoka County-Blaine (Janes Field) Airport,small_airport,27003,2020-05-01,0.0028,5,1,FALSE,13.325006103515648,3.9354265682322938,71.95,97.393,-0.5381069492709456,0.4036496046442039,FALSE,FALSE,0,-5.572754212249797
0-4 km,19281,KANE,KANE,ANE,Anoka County-Blaine (Janes Field) Airport,small_airport,27003,2020-06-01,0.003,4,1,FALSE,19.999986267089866,6.124320294749616,71.8125,97.401875,-0.6384599057305662,-0.31305073732902816,FALSE,FALSE,0,-5.521460917862246
0-4 km,19281,KANE,KANE,ANE,Anoka County-Blaine (Janes Field) Airport,small_airport,27003,2020-07-01,0.0026,5,1,FALSE,23.224987792968772,7.475786321226357,78.9,97.257,-0.5736791444878226,-0.20629581211436918,FALSE,FALSE,0,-5.626821433520073
0-4 km,19281,KANE,KANE,ANE,Anoka County-Blaine (Janes Field) Airport,small_airport,27003,2020-08-01,0.0023333333333333335,6,1,FALSE,21.983331298828148,5.1854863040609915,65.66666666666667,97.33041666666666,-0.6261913125652345,-0.5831881139726571,FALSE,FALSE,0,-5.703782474656201
0-4 km,19281,KANE,KANE,ANE,Anoka County-Blaine (Janes Field) Airport,small_airport,27003,2020-09-01,0.003,5,1,FALSE,15.684997558593773,4.593357924695685,66.75,97.2525,-0.7974223372579592,0.08711130257546168,FALSE,FALSE,0,-5.521460917862246
0-4 km,19281,KANE,KANE,ANE,Anoka County-Blaine (Janes Field) Airport,small_airport,27003,2020-10-01,0.002,5,1,FALSE,4.964984130859397,4.19954991926764,77.15,97.44200000000001,-0.6148943514416767,0.06342004674350063,FALSE,FALSE,0,-5.809142990314028
0-4 km,19281,KANE,KANE,ANE,Anoka County-Blaine (Janes Field) Airport,small_airport,27003,2020-11-01,0.0036,5,1,FALSE,1.1649841308593978,1.8822692963827057,81.2,97.654,0.6673686658879876,0.4008329234748361,FALSE,FALSE,0,-5.381698975487088
0-4 km,19281,KANE,KANE,ANE,Anoka County-Blaine (Janes Field) Airport,small_airport,27003,2020-12-01,0.011000000000000001,5,1,FALSE,-4.805017089843727,5.467734397640986,86.6,97.4075,-0.005990716787534831,-0.3007707375192954,FALSE,FALSE,0,-4.422848629194137
0-4 km,19281,KANE,KANE,ANE,Anoka County-Blaine (Janes Field) Airport,small_airport,27003,2021-01-01,0.0022,5,1,FALSE,-8.770007324218728,3.8750386589634864,87.35,97.7255,-0.1765753875383204,-0.11047152125775636,FALSE,FALSE,0,-5.744604469176456
0-4 km,19281,KANE,KANE,ANE,Anoka County-Blaine (Janes Field) Airport,small_airport,27003,2021-02-01,0.006500000000000001,4,1,FALSE,-14.17501296997068,3.965299320270141,77.25,98.00875,-0.414888643538574,-0.40876144689147875,FALSE,FALSE,0,-4.892852258439873
0-4 km,19281,KANE,KANE,ANE,Anoka County-Blaine (Janes Field) Airport,small_airport,27003,2021-03-01,0.0032,5,1,FALSE,2.1350036621093977,6.878402195854085,86.95,97.302,-0.8356375219824688,-0.3204964895665056,FALSE,FALSE,0,-5.472670753692814
0-4 km,19281,KANE,KANE,ANE,Anoka County-Blaine (Janes Field) Airport,small_airport,27003,2021-04-01,0.0038,5,1,FALSE,7.654992675781273,4.340166312920756,79.75,97.259,0.38038437440563067,0.053475782551755266,FALSE,FALSE,0,-5.339139361068292
0-4 km,19281,KANE,KANE,ANE,Anoka County-Blaine (Janes Field) Airport,small_airport,27003,2021-05-01,0.0018,5,1,FALSE,10.724993896484397,7.669452079076374,82.45,97.7905,-0.3653081729222077,0.2586630405419515,FALSE,FALSE,0,-5.8781358618009785
0-4 km,19281,KANE,KANE,ANE,Anoka County-Blaine (Janes Field) Airport,small_airport,27003,2021-06-01,0.00175,4,1,FALSE,19.556253051757835,6.553212249124667,80,97.273125,-0.8644918354771025,0.32450957745697484,FALSE,FALSE,0,-5.896154367303657
0-4 km,19281,KANE,KANE,ANE,Anoka County-Blaine (Janes Field) Airport,small_airport,27003,2021-07-01,0.0036,5,1,FALSE,21.654998779296896,4.364852016361859,72.55,97.5685,-0.4400699521704882,-0.16807927787997456,FALSE,FALSE,0,-5.381698975487088
0-4 km,19281,KANE,KANE,ANE,Anoka County-Blaine (Janes Field) Airport,small_airport,27003,2021-08-01,0.0018,5,1,FALSE,21.60999145507815,5.533647761327993,64.35,97.615,-0.8174005481777025,-0.11024733133326849,FALSE,FALSE,0,-5.8781358618009785
0-4 km,19281,KANE,KANE,ANE,Anoka County-Blaine (Janes Field) Airport,small_airport,27003,2021-09-01,0.0028,5,1,FALSE,18.11499633789065,4.594323379804126,63.45,97.2675,-0.22679563484367105,-0.10403904768126276,FALSE,FALSE,0,-5.572754212249797
0-4 km,19281,KANE,KANE,ANE,Anoka County-Blaine (Janes Field) Airport,small_airport,27003,2021-10-01,0.007666666666666667,6,1,FALSE,13.829166666666689,5.661178718368265,75.45833333333333,97.50375,-0.3239999282393822,-0.013183582137817876,FALSE,FALSE,0,-4.748271029628765
0-4 km,19281,KANE,KANE,ANE,Anoka County-Blaine (Janes Field) Airport,small_airport,27003,2021-11-01,0.0016,5,1,FALSE,3.7649841308593976,6.32288653166979,77.2,96.806,-0.302388187631195,-0.2890189408354859,FALSE,FALSE,0,-5.952243833954701
0-4 km,19281,KANE,KANE,ANE,Anoka County-Blaine (Janes Field) Airport,small_airport,27003,2021-12-01,0.0018,5,1,FALSE,-7.130010986328102,6.4739700617181954,86.5,96.9225,-0.3773242569813321,-0.06601233387685032,FALSE,FALSE,0,-5.8781358618009785
0-4 km,19281,KANE,KANE,ANE,Anoka County-Blaine (Janes Field) Airport,small_airport,27003,2022-01-01,0.001,5,1,FALSE,-13.085015869140602,4.688045597725012,81.95,97.249,-0.12991415300852524,0.09737960810081198,TRUE,FALSE,0,-6.214608098422191
0-4 km,19281,KANE,KANE,ANE,Anoka County-Blaine (Janes Field) Airport,small_airport,27003,2022-02-01,0.003,4,1,FALSE,-11.287516021728493,6.348863828806524,83.5625,97.5975,-0.3636493070348806,0.13439167529208706,TRUE,FALSE,0,-5.521460917862246
0-4 km,19281,KANE,KANE,ANE,Anoka County-Blaine (Janes Field) Airport,small_airport,27003,2022-03-01,0.01,4,1,FALSE,-0.08749999999997726,5.812425703771774,93.0625,96.625625,-0.4037387320667415,0.7729400010183624,TRUE,FALSE,0,-4.509860006183766
0-4 km,19281,KANE,KANE,ANE,Anoka County-Blaine (Janes Field) Airport,small_airport,27003,2022-04-01,0.008,4,1,FALSE,7.593751525878929,5.845845520263315,83.25,97.026875,-0.8834650288595145,-0.3065553188149039,TRUE,FALSE,0,-4.710530701645918
0-4 km,19281,KANE,KANE,ANE,Anoka County-Blaine (Janes Field) Airport,small_airport,27003,2022-05-01,0.0026,5,1,FALSE,14.629986572265647,4.5906569612352985,69.45,97.5275,0.1449596824951206,0.15328974668275938,TRUE,FALSE,0,-5.626821433520073
0-4 km,19281,KANE,KANE,ANE,Anoka County-Blaine (Janes Field) Airport,small_airport,27003,2022-06-01,0.0038,5,1,FALSE,18.85999145507815,5.961414678468265,62.55,97.3535,-0.6967544822632674,-0.4785670981536505,TRUE,FALSE,0,-5.339139361068292
0-4 km,19281,KANE,KANE,ANE,Anoka County-Blaine (Janes Field) Airport,small_airport,27003,2022-07-01,0.0015,4,1,FALSE,21.18750152587893,8.261875402370762,76.0625,97.25999999999999,-0.06179616932711568,-0.10792367776632025,TRUE,FALSE,0,-5.991464547107982
0-4 km,19281,KANE,KANE,ANE,Anoka County-Blaine (Janes Field) Airport,small_airport,27003,2022-08-01,0.00175,4,1,FALSE,21.074998474121116,4.351762850627173,75.1875,97.305625,0.1345964946108704,-0.36044271802890704,TRUE,FALSE,0,-5.896154367303657
0-4 km,19281,KANE,KANE,ANE,Anoka County-Blaine (Janes Field) Airport,small_airport,27003,2022-09-01,0.0022500000000000003,4,1,FALSE,20.89374694824221,6.433962401236396,63,97.170625,-0.24539266233258678,-0.4790184288918299,TRUE,FALSE,0,-5.72910028264049
0-4 km,19281,KANE,KANE,ANE,Anoka County-Blaine (Janes Field) Airport,small_airport,27003,2022-10-01,0.0022500000000000003,4,1,FALSE,6.94373474121096,5.036821620744533,59.5625,97.47125,-0.5005152660342378,-0.030932651883376107,TRUE,FALSE,0,-5.72910028264049
0-4 km,19281,KANE,KANE,ANE,Anoka County-Blaine (Janes Field) Airport,small_airport,27003,2022-11-01,0.0048000000000000004,5,1,FALSE,-0.21001586914060227,2.950754343841191,66.25,97.8035,-0.07979812516289045,-0.0067324379813728935,TRUE,FALSE,0,-5.149897361429764
0-4 km,19281,KANE,KANE,ANE,Anoka County-Blaine (Janes Field) Airport,small_airport,27003,2022-12-01,0.006,6,1,FALSE,-10.166670227050759,6.268512583175853,85.83333333333333,97.84958333333333,-0.2593210735490103,-0.17115924134305077,TRUE,FALSE,0,-4.961845129926823
0-4 km,19281,KANE,KANE,ANE,Anoka County-Blaine (Janes Field) Airport,small_airport,27003,2023-01-01,0.0032,5,1,FALSE,-7.540014648437477,4.546351850513042,91.05,97.7085,-0.19177440778685606,0.4512168303239189,TRUE,FALSE,0,-5.472670753692814
0-4 km,19281,KANE,KANE,ANE,Anoka County-Blaine (Janes Field) Airport,small_airport,27003,2023-02-01,0.0022500000000000003,4,1,FALSE,-6.950010681152321,6.360724270766134,81.375,97.4875,-0.14177334956356302,0.22125085670329753,TRUE,FALSE,0,-5.72910028264049
0-4 km,19281,KANE,KANE,ANE,Anoka County-Blaine (Janes Field) Airport,small_airport,27003,2023-03-01,0.006666666666666667,6,1,FALSE,-1.9333455403645605,4.849297899756625,85.5,97.32875,-0.30497342143012707,0.48542742302745473,TRUE,FALSE,0,-4.870873351721097
0-4 km,19281,KANE,KANE,ANE,Anoka County-Blaine (Janes Field) Airport,small_airport,27003,2023-04-01,0.0134,5,1,FALSE,3.6749877929687726,8.217069616025004,77.3,97.076,-0.7641255601873386,-0.1259052292589148,TRUE,FALSE,0,-4.240527072400182
0-4 km,19281,KANE,KANE,ANE,Anoka County-Blaine (Janes Field) Airport,small_airport,27003,2023-05-01,0.0042,5,1,FALSE,17.474987792968772,5.343093839604195,80.25,97.3475,-0.8311170375417777,-0.29153360201117345,TRUE,FALSE,0,-5.259096653394756
0-4 km,19281,KANE,KANE,ANE,Anoka County-Blaine (Janes Field) Airport,small_airport,27003,2023-06-01,0.004,5,1,FALSE,20.269995117187523,5.846688939834549,76.9,97.325,-0.486044649825687,-0.20202234700998803,TRUE,FALSE,0,-5.298317366548036
0-4 km,19281,KANE,KANE,ANE,Anoka County-Blaine (Janes Field) Airport,small_airport,27003,2023-07-01,0.0022500000000000003,4,1,FALSE,19.15625915527346,2.5760289773271676,76.5,97.20875,-0.3076009731561806,0.8131123552275821,TRUE,FALSE,0,-5.72910028264049
0-4 km,19281,KANE,KANE,ANE,Anoka County-Blaine (Janes Field) Airport,small_airport,27003,2023-08-01,0.002,1,1,FALSE,20.250024414062523,4.069704750656685,63.75,97.4675,0.44229178340114295,-0.8968712161374321,TRUE,FALSE,0,-5.809142990314028
0-4 km,19281,KANE,KANE,ANE,Anoka County-Blaine (Janes Field) Airport,small_airport,27003,2023-09-01,0.0035,4,1,FALSE,21.637490844726585,6.497664360736202,66.1875,97.510625,-0.013475121268803042,-0.8270896216742998,TRUE,FALSE,0,-5.403677882205863
0-4 km,19281,KANE,KANE,ANE,Anoka County-Blaine (Janes Field) Airport,small_airport,27003,2023-10-01,8e-4,5,1,FALSE,11.274981689453147,4.411477225185746,79,97.2325,-0.25988164993228896,0.4026683981403729,TRUE,FALSE,0,-6.319968614080018
0-4 km,19281,KANE,KANE,ANE,Anoka County-Blaine (Janes Field) Airport,small_airport,27003,2023-11-01,0.0062,5,1,FALSE,1.3349914550781476,7.335196783472095,81.3,97.5195,-0.6454426614537768,-0.43102234323052113,TRUE,FALSE,0,-4.933674252960127
0-4 km,19281,KANE,KANE,ANE,Anoka County-Blaine (Janes Field) Airport,small_airport,27003,2023-12-01,0.012,5,1,FALSE,1.0649780273437728,4.610821272294022,83.5,97.361,-0.3669452137287359,-0.396868758075294,TRUE,FALSE,0,-4.3428059215206005
0-4 km,19281,KANE,KANE,ANE,Anoka County-Blaine (Janes Field) Airport,small_airport,27003,2024-01-01,0.0075,6,1,FALSE,-7.929179890950498,4.97093474594529,93.41666666666667,97.47791666666666,-0.42046902301582,0.02400860657171418,TRUE,FALSE,0,-4.767689115485866
0-4 km,19281,KANE,KANE,ANE,Anoka County-Blaine (Janes Field) Airport,small_airport,27003,2024-02-01,0.00375,4,1,FALSE,-2.5687469482421648,5.658197234549573,74.25,97.200625,-0.516497216584194,-0.13899868542049065,TRUE,FALSE,0,-5.349610660935587
0-4 km,19281,KANE,KANE,ANE,Anoka County-Blaine (Janes Field) Airport,small_airport,27003,2024-03-01,0.007333333333333334,6,1,FALSE,2.7541595458984602,5.626553783564529,78.54166666666667,96.95458333333333,-0.24753017399351515,0.009412690410299997,TRUE,FALSE,0,-4.787491742782046
0-4 km,19281,KANE,KANE,ANE,Anoka County-Blaine (Janes Field) Airport,small_airport,27003,2024-04-01,0.0022,5,1,FALSE,7.090008544921898,3.3940507733941514,82.1,97.411,-0.5675761285696561,0.09386753917440012,TRUE,FALSE,0,-5.744604469176456
0-4 km,19281,KANE,KANE,ANE,Anoka County-Blaine (Janes Field) Airport,small_airport,27003,2024-05-01,0.0014,5,1,FALSE,16.73498535156252,4.402197075516703,76.4,96.925,0.1286567090557752,-0.8921983953525312,TRUE,FALSE,0,-6.032286541628237
0-4 km,19281,KANE,KANE,ANE,Anoka County-Blaine (Janes Field) Airport,small_airport,27003,2024-06-01,4e-4,5,1,FALSE,18.65999145507815,3.924134504655849,88.75,96.704,-0.8329929840230684,-0.07124202349271347,TRUE,FALSE,0,-6.571283042360924
0-4 km,19281,KANE,KANE,ANE,Anoka County-Blaine (Janes Field) Airport,small_airport,27003,2024-07-01,0.00525,4,1,FALSE,20.556237792968773,5.9135174691222225,86.8125,97.388125,-0.6727909762431779,0.22101446446475922,TRUE,FALSE,0,-5.075173815233827
0-4 km,19281,KANE,KANE,ANE,Anoka County-Blaine (Janes Field) Airport,small_airport,27003,2024-08-01,0.0026,5,1,FALSE,19.1749938964844,4.573491618950612,82.25,97.507,-0.3472906273564163,-0.12770939499517625,TRUE,FALSE,0,-5.626821433520073
0-4 km,19281,KANE,KANE,ANE,Anoka County-Blaine (Janes Field) Airport,small_airport,27003,2024-09-01,0.0058,5,1,FALSE,19.92000122070315,5.3204232115023435,67.65,97.5655,-0.08564105930794877,-0.7176346010873235,TRUE,FALSE,0,-4.990832666800076
0-4 km,19281,KANE,KANE,ANE,Anoka County-Blaine (Janes Field) Airport,small_airport,27003,2024-10-01,0.0142,5,1,FALSE,12.544989013671898,6.3175172307663265,60.15,97.86449999999999,-0.4968664243922701,-0.16665807922547032,TRUE,FALSE,0,-4.186459851129906
0-4 km,19281,KANE,KANE,ANE,Anoka County-Blaine (Janes Field) Airport,small_airport,27003,2024-11-01,0.0076,5,1,FALSE,0.11998291015627274,4.551810161474634,86.5,97.5255,-0.4300394721844238,-0.07392739722041564,TRUE,FALSE,0,-4.755993075722675
0-4 km,19281,KANE,KANE,ANE,Anoka County-Blaine (Janes Field) Airport,small_airport,27003,2024-12-01,0.002,5,1,FALSE,-6.365008544921852,6.509702969859083,85.45,98.0015,-0.14279273145061777,-0.1401186558408164,TRUE,FALSE,0,-5.809142990314028
0-4 km,19281,KANE,KANE,ANE,Anoka County-Blaine (Janes Field) Airport,small_airport,27003,2025-01-01,0.001,6,1,FALSE,-11.795846048990862,5.775029339190758,77.125,97.74416666666667,-0.7887689402786358,0.3528380168185995,TRUE,FALSE,0,-6.214608098422191
0-4 km,19281,KANE,KANE,ANE,Anoka County-Blaine (Janes Field) Airport,small_airport,27003,2025-02-01,0.002,4,1,FALSE,-11.968756103515602,6.025239631896859,77.375,97.564375,-0.8284824522077746,-0.07634012046838229,TRUE,FALSE,0,-5.809142990314028
0-4 km,19281,KANE,KANE,ANE,Anoka County-Blaine (Janes Field) Airport,small_airport,27003,2025-03-01,0.0014,5,1,FALSE,-0.7050048828124773,5.749266813304309,71.2,97.2195,-0.5004956710681656,-0.13048611715159952,TRUE,FALSE,0,-6.032286541628237
0-4 km,19281,KANE,KANE,ANE,Anoka County-Blaine (Janes Field) Airport,small_airport,27003,2025-04-01,0.0015,4,1,FALSE,5.899995422363304,8.138347216104698,84.4375,97.361875,-0.6870866268931042,0.2798872653070621,TRUE,FALSE,0,-5.991464547107982
0-4 km,19281,KANE,KANE,ANE,Anoka County-Blaine (Janes Field) Airport,small_airport,27003,2025-05-01,0.0025,6,1,FALSE,15.104160563151064,3.9622644948575205,73.375,97.35958333333333,-0.22015244770221412,0.06923787686435824,TRUE,FALSE,0,-5.654992310486769
0-4 km,19281,KANE,KANE,ANE,Anoka County-Blaine (Janes Field) Airport,small_airport,27003,2025-06-01,0.0036,5,1,FALSE,19.43499755859377,4.868533633806616,80.75,97.4455,-0.4507783662653037,0.30279216495258726,TRUE,FALSE,0,-5.381698975487088
0-4 km,19539,KCPM,KCPM,CPM,Compton Woodley Airport,small_airport,06037,2008-11-01,0.014,5,1,FALSE,15.629998779296898,3.2174736829705743,53.85,91.87,-0.3795585107192849,5.981692240380366e-4,FALSE,FALSE,0,-4.199705077879927
0-4 km,19539,KCPM,KCPM,CPM,Compton Woodley Airport,small_airport,06037,2008-12-01,0.0125,4,1,FALSE,8.780007934570335,3.146560778728272,70.125,91.735,-0.44071098975064127,-0.06369463534192003,FALSE,FALSE,0,-4.305065593537753
0-4 km,19539,KCPM,KCPM,CPM,Compton Woodley Airport,small_airport,06037,2009-01-01,0.019,10,1,FALSE,11.420001220703147,3.730068521263988,49.6,92.28,0.4565044069460834,0.4631916342157305,FALSE,FALSE,0,-3.912023005428146
0-4 km,19539,KCPM,KCPM,CPM,Compton Woodley Airport,small_airport,06037,2009-02-01,0.00875,8,1,FALSE,7.692506408691429,3.9342043500586508,83.0625,91.8925,0.8827831267674604,-0.3484271634836933,FALSE,FALSE,0,-4.630487993972381
0-4 km,19539,KCPM,KCPM,CPM,Compton Woodley Airport,small_airport,06037,2009-03-01,0.026000000000000002,10,1,FALSE,14.247998046875022,3.954070630583332,46.1,91.614,0.9776740218926409,-0.08364521016443774,FALSE,FALSE,0,-3.6119184129778077
0-4 km,19539,KCPM,KCPM,CPM,Compton Woodley Airport,small_airport,06037,2009-04-01,0.01,10,1,FALSE,14.762011718750022,3.958505339367428,42.05,91.724,0.17645034920919814,0.04262888221774655,FALSE,FALSE,0,-4.509860006183766
0-4 km,19539,KCPM,KCPM,CPM,Compton Woodley Airport,small_airport,06037,2009-05-01,0.009000000000000001,10,1,FALSE,19.497998046875022,3.2756596140349767,40.3,91.584,0.483085743357971,-0.4793589246802695,FALSE,FALSE,0,-4.605170185988091
0-4 km,19539,KCPM,KCPM,CPM,Compton Woodley Airport,small_airport,06037,2009-06-01,0.007,10,1,FALSE,18.736004638671897,3.914393174453628,52.65,91.43,-0.5161285524716348,-0.2591674030102154,FALSE,FALSE,0,-4.8283137373023015
0-4 km,19539,KCPM,KCPM,CPM,Compton Woodley Airport,small_airport,06037,2009-07-01,0.01,10,1,FALSE,25.07000732421877,4.829107007939811,36,91.68599999999999,0.3078860247638901,-0.5583575121001383,FALSE,FALSE,0,-4.509860006183766
0-4 km,19539,KCPM,KCPM,CPM,Compton Woodley Airport,small_airport,06037,2009-08-01,0.0075,8,1,FALSE,23.540017700195335,3.5471195070748576,39.8125,91.77,-0.4351077844616549,-0.5101093754754488,FALSE,FALSE,0,-4.767689115485866
0-4 km,19539,KCPM,KCPM,CPM,Compton Woodley Airport,small_airport,06037,2009-09-01,0.01,10,1,FALSE,23.676000976562523,4.5343275817401665,36.75,91.694,-0.4486581680298932,-0.02300116853497102,FALSE,FALSE,0,-4.509860006183766
0-4 km,19539,KCPM,KCPM,CPM,Compton Woodley Airport,small_airport,06037,2009-10-01,0.01,8,1,FALSE,15.900010681152366,2.6266532698201734,52,91.4325,-0.47542786049271,-0.18980719461443984,FALSE,FALSE,0,-4.509860006183766
0-4 km,19539,KCPM,KCPM,CPM,Compton Woodley Airport,small_airport,06037,2009-11-01,0.02,10,1,FALSE,14.344006347656272,4.333701456339926,39.4,91.86,-0.31682759332145427,-0.05066808277294107,FALSE,FALSE,0,-3.863232841258714
0-4 km,19539,KCPM,KCPM,CPM,Compton Woodley Airport,small_airport,06037,2009-12-01,0.016,10,1,FALSE,6.961999511718773,5.037854158088994,61.05,91.918,-0.19572735739742822,0.10658264441104905,FALSE,FALSE,0,-4.074541934925921
0-4 km,19539,KCPM,KCPM,CPM,Compton Woodley Airport,small_airport,06037,2010-01-01,0.01,4,1,FALSE,8.102502441406273,4.426314368922084,72.625,91.59,0.8623898666952758,0.32563518029106014,FALSE,FALSE,0,-4.509860006183766
0-4 km,19539,KCPM,KCPM,CPM,Compton Woodley Airport,small_airport,06037,2010-02-01,0.01125,4,1,FALSE,8.700006103515648,2.6891378626926437,78.75,91.6375,0.7000264853765255,-0.40338171297671255,FALSE,FALSE,0,-4.402229341991401
0-4 km,19539,KCPM,KCPM,CPM,Compton Woodley Airport,small_airport,06037,2010-03-01,0.007,5,1,FALSE,11.119995117187523,3.8078317565688735,49.15,91.916,0.23128554021122666,0.03463754373176641,FALSE,FALSE,0,-4.8283137373023015
0-4 km,19539,KCPM,KCPM,CPM,Compton Woodley Airport,small_airport,06037,2010-04-01,0.009000000000000001,5,1,FALSE,13.514001464843773,2.404308067232906,44.4,91.636,0.08902673755492899,0.004979153975757244,FALSE,FALSE,0,-4.605170185988091
0-4 km,19539,KCPM,KCPM,CPM,Compton Woodley Airport,small_airport,06037,2010-05-01,0.004,5,1,FALSE,16.323999023437523,2.6326256967270925,44.05,91.52,0.4189957681973499,-0.38602672321987636,FALSE,FALSE,0,-5.298317366548036
0-4 km,19539,KCPM,KCPM,CPM,Compton Woodley Airport,small_airport,06037,2010-06-01,0.008,5,1,FALSE,19.14400024414065,3.8760240382540916,46.75,91.668,0.029228443069055976,-0.7144373374938662,FALSE,FALSE,0,-4.710530701645918
0-4 km,19539,KCPM,KCPM,CPM,Compton Woodley Airport,small_airport,06037,2010-07-01,0.00875,4,1,FALSE,25.18000183105471,4.727525775677752,34.3125,91.53999999999999,-0.443079633576022,-0.283744555076341,FALSE,FALSE,0,-4.630487993972381
0-4 km,19539,KCPM,KCPM,CPM,Compton Woodley Airport,small_airport,06037,2010-08-01,0.01,5,1,FALSE,22.278002929687524,1.6053749230303218,38.3,91.47800000000001,-0.1667616780467584,-0.4724401988246407,FALSE,FALSE,0,-4.509860006183766
0-4 km,19539,KCPM,KCPM,CPM,Compton Woodley Airport,small_airport,06037,2010-09-01,0.006,5,1,FALSE,21.62000122070315,4.44089328313215,37.05,91.458,-0.556984498809552,-0.19045750138832385,FALSE,FALSE,0,-4.961845129926823
0-4 km,19539,KCPM,KCPM,CPM,Compton Woodley Airport,small_airport,06037,2010-10-01,0.003,5,1,FALSE,15.711993408203147,3.6618788324802836,55.85,91.76400000000001,0.6882004694891231,-0.3024801058567845,FALSE,FALSE,0,-5.521460917862246
0-4 km,19539,KCPM,KCPM,CPM,Compton Woodley Airport,small_airport,06037,2010-11-01,0.011,5,1,FALSE,12.283996582031273,1.5892861918354029,50.1,91.748,0.7965361176319575,-0.03414945627882419,FALSE,FALSE,0,-4.422848629194137
0-4 km,19539,KCPM,KCPM,CPM,Compton Woodley Airport,small_airport,06037,2010-12-01,0.009000000000000001,5,1,FALSE,10.321997070312523,6.366145895952788,69.15,91.658,-0.5520152556620717,-0.12296945085717254,FALSE,FALSE,0,-4.605170185988091
0-4 km,19539,KCPM,KCPM,CPM,Compton Woodley Airport,small_airport,06037,2011-01-01,0.0136,5,1,FALSE,8.384008789062523,5.048152423871683,53.45,91.99,0.8220366431021696,0.36075467113746273,FALSE,FALSE,0,-4.226733750267846
0-4 km,19539,KCPM,KCPM,CPM,Compton Woodley Airport,small_airport,06037,2011-02-01,0.0075,4,1,FALSE,8.192506408691429,3.6033563451984407,48.875,91.655,0.365865754691094,-0.029647149877261594,FALSE,FALSE,0,-4.767689115485866
0-4 km,19539,KCPM,KCPM,CPM,Compton Woodley Airport,small_airport,06037,2011-03-01,0.009000000000000001,5,1,FALSE,11.779998779296898,1.9307785240456776,60.65,91.87,0.20047791657595976,0.1066889187355167,FALSE,FALSE,0,-4.605170185988091
0-4 km,19539,KCPM,KCPM,CPM,Compton Woodley Airport,small_airport,06037,2011-04-01,0.0073999999999999995,5,1,FALSE,11.926007080078147,3.2109499345094306,53.6,91.586,0.23246746930682022,0.04675900616914915,FALSE,FALSE,0,-4.779523573132869
0-4 km,19539,KCPM,KCPM,CPM,Compton Woodley Airport,small_airport,06037,2011-05-01,0.0056,5,1,FALSE,15.324005126953148,1.4768489779562626,42.8,91.554,0.12256035720028231,-0.2070071671842435,FALSE,FALSE,0,-5.0206856299497575
0-4 km,19539,KCPM,KCPM,CPM,Compton Woodley Airport,small_airport,06037,2011-06-01,0.0048000000000000004,5,1,FALSE,18.402001953125023,3.1578621206714717,44.55,91.508,-0.10562514988983225,-0.4158772743628307,FALSE,FALSE,0,-5.149897361429764
0-4 km,19539,KCPM,KCPM,CPM,Compton Woodley Airport,small_airport,06037,2011-07-01,0.0048000000000000004,5,1,FALSE,24.161999511718772,5.0877028780483275,37.8,91.452,0.13541008348763972,-0.4749082510187088,FALSE,FALSE,0,-5.149897361429764
0-4 km,19539,KCPM,KCPM,CPM,Compton Woodley Airport,small_airport,06037,2011-08-01,0.005,5,1,FALSE,24.074005126953146,4.653674205332645,36.8,91.62,-0.929427245364883,-0.231948451893834,FALSE,FALSE,0,-5.115995809754082
0-4 km,19539,KCPM,KCPM,CPM,Compton Woodley Airport,small_airport,06037,2011-09-01,0.006,4,1,FALSE,22.787507629394554,3.262876067740715,38.125,91.785,-0.46632565943744175,-0.11797492944249854,FALSE,FALSE,0,-4.961845129926823
0-4 km,19539,KCPM,KCPM,CPM,Compton Woodley Airport,small_airport,06037,2011-10-01,0.0084,5,1,FALSE,17.305999755859396,3.7171205985503217,41.1,91.748,-0.07544587138734202,0.42060789426485296,FALSE,FALSE,0,-4.667045589706179
0-4 km,19539,KCPM,KCPM,CPM,Compton Woodley Airport,small_airport,06037,2011-11-01,0.0076,5,1,FALSE,12.661993408203148,5.899167781087436,40.05,91.868,-0.19482230318667854,0.04409530531444485,FALSE,FALSE,0,-4.755993075722675
0-4 km,19539,KCPM,KCPM,CPM,Compton Woodley Airport,small_airport,06037,2011-12-01,0.01225,4,1,FALSE,7.2725082397461165,3.250330518624475,39.375,92.2075,-0.23175398199269667,0.5498056164394519,FALSE,FALSE,0,-4.323757726549906
0-4 km,19539,KCPM,KCPM,CPM,Compton Woodley Airport,small_airport,06037,2012-01-01,0.0076,5,1,FALSE,10.405999755859398,3.86809934099304,49.15,92.17,0.8884919059610935,0.26663907449315405,FALSE,FALSE,0,-4.755993075722675
0-4 km,19539,KCPM,KCPM,CPM,Compton Woodley Airport,small_airport,06037,2012-02-01,0.0076,5,1,FALSE,8.534008789062522,4.6692755005494035,54.45,91.782,0.6586688383758477,-0.0034353682745604797,FALSE,FALSE,0,-4.755993075722675
0-4 km,19539,KCPM,KCPM,CPM,Compton Woodley Airport,small_airport,06037,2012-03-01,0.007,3,1,FALSE,13.826674397786482,2.0600192723358144,38.916666666666664,92.03333333333333,0.07997525536470947,0.4719761596132447,FALSE,FALSE,0,-4.8283137373023015
0-4 km,19539,KCPM,KCPM,CPM,Compton Woodley Airport,small_airport,06037,2012-04-01,0.003,4,1,FALSE,15.434999084472679,2.1300634625846206,42.75,91.7425,0.08925612273304176,0.060044223240848876,FALSE,FALSE,0,-5.521460917862246
0-4 km,19539,KCPM,KCPM,CPM,Compton Woodley Airport,small_airport,06037,2012-05-01,0.0055,4,1,FALSE,17.700006103515648,1.5875649841765316,43,91.6325,3.352508547388895e-4,-0.7268620359617005,FALSE,FALSE,0,-5.035953102080546
0-4 km,19539,KCPM,KCPM,CPM,Compton Woodley Airport,small_airport,06037,2012-06-01,0.00525,4,1,FALSE,20.200006103515648,5.1515232567366755,41.8125,91.325,-0.2732316999897594,-0.5462132826205431,FALSE,FALSE,0,-5.075173815233827
0-4 km,19539,KCPM,KCPM,CPM,Compton Woodley Airport,small_airport,06037,2012-07-01,0.0026,5,1,FALSE,22.838006591796898,3.709785708103023,42.2,91.68599999999999,0.1881823030124375,-0.632802758470885,FALSE,FALSE,0,-5.626821433520073
0-4 km,19539,KCPM,KCPM,CPM,Compton Woodley Airport,small_airport,06037,2012-08-01,0.0031666666666666666,6,1,FALSE,25.436669921875023,3.714105796530459,40.25,91.64166666666667,-0.031143635261594502,-0.5753900835892262,FALSE,FALSE,0,-5.480638923341991
0-4 km,19539,KCPM,KCPM,CPM,Compton Woodley Airport,small_airport,06037,2012-09-01,0.0048000000000000004,5,1,FALSE,22.05200195312502,2.799979101192585,45.35,91.832,0.5384555392518857,-0.1764202470045932,FALSE,FALSE,0,-5.149897361429764
0-4 km,19539,KCPM,KCPM,CPM,Compton Woodley Airport,small_airport,06037,2012-10-01,0.007,1,1,FALSE,11.420007324218773,3.740652452974535,51.5,91.6,-0.9891314402384486,0.14703398903591103,FALSE,FALSE,0,-4.8283137373023015
0-4 km,19539,KCPM,KCPM,CPM,Compton Woodley Airport,small_airport,06037,2012-11-01,0.0085,4,1,FALSE,12.372499084472679,3.1112395795815484,52.625,92.155,0.026747679110805223,0.48839127738749855,FALSE,FALSE,0,-4.656463480375642
0-4 km,19539,KCPM,KCPM,CPM,Compton Woodley Airport,small_airport,06037,2012-12-01,0.0052,5,1,FALSE,9.078009033203148,2.4525191015692793,69.85,92.028,-0.4845094796238948,-0.041673206802854745,FALSE,FALSE,0,-5.083205986931091
0-4 km,19539,KCPM,KCPM,CPM,Compton Woodley Airport,small_airport,06037,2013-01-01,0.009600000000000001,5,1,FALSE,7.158001708984398,4.123163877151606,44.95,92.07,0.7209028578119488,0.36993919875745906,FALSE,FALSE,0,-4.546901277864116
0-4 km,19539,KCPM,KCPM,CPM,Compton Woodley Airport,small_airport,06037,2013-02-01,0.008,5,1,FALSE,8.607989501953147,3.2220451908514085,53.6,91.904,0.42840323048946655,0.2615526403773825,FALSE,FALSE,0,-4.710530701645918
0-4 km,19539,KCPM,KCPM,CPM,Compton Woodley Airport,small_airport,06037,2013-03-01,0.005,3,1,FALSE,14.510003662109398,3.9641966151052386,43.583333333333336,92.05333333333334,0.9453332996402591,-0.07065699870977349,FALSE,FALSE,0,-5.115995809754082
0-4 km,19539,KCPM,KCPM,CPM,Compton Woodley Airport,small_airport,06037,2013-04-01,0.005,5,1,FALSE,15.147998046875022,2.6102834898737823,42.45,91.88,0.12849349720359668,-0.033559284385973366,FALSE,FALSE,0,-5.115995809754082
0-4 km,19539,KCPM,KCPM,CPM,Compton Woodley Airport,small_airport,06037,2013-05-01,0.0032,5,1,FALSE,18.135998535156272,3.3059822733998354,47.85,91.424,0.27978310415419244,-0.4408659239364635,FALSE,FALSE,0,-5.472670753692814
0-4 km,19539,KCPM,KCPM,CPM,Compton Woodley Airport,small_airport,06037,2013-06-01,0.0036,5,1,FALSE,21.353997802734398,3.394970845023301,44.9,91.464,0.01095446036573745,-0.7388423820571801,FALSE,FALSE,0,-5.381698975487088
0-4 km,19539,KCPM,KCPM,CPM,Compton Woodley Airport,small_airport,06037,2013-07-01,0.0034000000000000002,5,1,FALSE,24.40600585937502,3.6478273817022786,42.5,91.702,0.08146272786563699,-0.4492210564939397,FALSE,FALSE,0,-5.426150738057921
0-4 km,19539,KCPM,KCPM,CPM,Compton Woodley Airport,small_airport,06037,2013-08-01,0.0034000000000000002,5,1,FALSE,23.35400390625002,2.4001226228610935,38.2,91.678,0.22076074670490073,-0.5476727062604765,FALSE,FALSE,0,-5.426150738057921
0-4 km,19539,KCPM,KCPM,CPM,Compton Woodley Airport,small_airport,06037,2013-09-01,0.0042,5,1,FALSE,22.402008056640646,3.8422288249600927,38.75,91.452,-0.17639037783224112,-0.26843402073546113,FALSE,FALSE,0,-5.259096653394756
0-4 km,19539,KCPM,KCPM,CPM,Compton Woodley Airport,small_airport,06037,2013-10-01,0.007,6,1,FALSE,16.515003458658878,2.1875359364557996,42.541666666666664,91.78833333333333,0.4447609251786247,0.1509444744654368,FALSE,FALSE,0,-4.8283137373023015
0-4 km,19539,KCPM,KCPM,CPM,Compton Woodley Airport,small_airport,06037,2013-11-01,0.010799999999999999,5,1,FALSE,11.654003906250022,4.251028182993779,49.5,92.176,-0.17311262334248512,0.6031068972469041,FALSE,FALSE,0,-4.4396557475105185
0-4 km,19539,KCPM,KCPM,CPM,Compton Woodley Airport,small_airport,06037,2013-12-01,0.01325,4,1,FALSE,11.380006408691429,3.4983063453447714,33,92.275,-0.6868778862560407,0.6842206526043445,FALSE,FALSE,0,-4.250998372267477
0-4 km,19539,KCPM,KCPM,CPM,Compton Woodley Airport,small_airport,06037,2014-01-01,0.0125,4,1,FALSE,12.585008239746116,3.145740049174325,25.9375,91.97,-0.030795377657695487,0.6596163839097091,FALSE,FALSE,0,-4.305065593537753
0-4 km,19539,KCPM,KCPM,CPM,Compton Woodley Airport,small_airport,06037,2014-02-01,0.0063999999999999994,5,1,FALSE,12.434002685546897,2.300455221385317,58.25,91.592,0.4699351518373915,-0.11158428350464683,FALSE,FALSE,0,-4.906275278772013
0-4 km,19539,KCPM,KCPM,CPM,Compton Woodley Airport,small_airport,06037,2014-03-01,0.00825,4,1,FALSE,14.750001525878929,3.701498499824574,38.4375,91.7775,0.5410612039854982,0.36891834956219055,FALSE,FALSE,0,-4.683131727457803
0-4 km,19539,KCPM,KCPM,CPM,Compton Woodley Airport,small_airport,06037,2014-04-01,0.011600000000000001,5,1,FALSE,16.116009521484397,3.4439138260124906,36.7,91.566,-0.21661331281106017,-0.0774626525461059,FALSE,FALSE,0,-4.374058465024705
0-4 km,19539,KCPM,KCPM,CPM,Compton Woodley Airport,small_airport,06037,2014-05-01,0.008,4,1,FALSE,18.567498779296898,4.052977409315552,34.625,91.47,-0.014462952720662892,-0.06892492972041854,FALSE,FALSE,0,-4.710530701645918
0-4 km,19539,KCPM,KCPM,CPM,Compton Woodley Airport,small_airport,06037,2014-06-01,0.007333333333333333,3,1,FALSE,21.100010172526066,3.3823931272077425,42.333333333333336,91.32,0.33980851699305287,-0.3378531991611423,FALSE,FALSE,0,-4.787491742782046
0-4 km,19539,KCPM,KCPM,CPM,Compton Woodley Airport,small_airport,06037,2014-07-01,0.00975,4,1,FALSE,23.985009765625023,4.2419398255616025,44.25,91.8425,0.02397963085972632,-0.31596065247145044,FALSE,FALSE,0,-4.532849524408466
0-4 km,19539,KCPM,KCPM,CPM,Compton Woodley Airport,small_airport,06037,2014-08-01,0.0042,5,1,FALSE,22.902001953125023,3.5412605145856944,45.3,91.782,0.17924954052956274,-0.42676596556731144,FALSE,FALSE,0,-5.259096653394756
0-4 km,19539,KCPM,KCPM,CPM,Compton Woodley Airport,small_airport,06037,2014-09-01,0.0068,5,1,FALSE,23.67199707031252,3.115794406496228,45.5,91.462,0.0058726558188839425,-0.6059306347576026,FALSE,FALSE,0,-4.853631545286591
0-4 km,19539,KCPM,KCPM,CPM,Compton Woodley Airport,small_airport,06037,2014-10-01,0.00575,4,1,FALSE,18.999986267089866,3.265172132061477,42.5625,91.64875,0.05618867240301488,0.054468952305222994,FALSE,FALSE,0,-4.9982127740976985
0-4 km,19539,KCPM,KCPM,CPM,Compton Woodley Airport,small_airport,06037,2014-11-01,0.008199999999999999,5,1,FALSE,14.804974365234397,5.060131381854782,40.2,92.077,-0.5696879263301204,-0.08202309339909242,FALSE,FALSE,0,-4.688551794927142
0-4 km,19539,KCPM,KCPM,CPM,Compton Woodley Airport,small_airport,06037,2014-12-01,0.0084,5,1,FALSE,9.979998779296897,4.900445209044532,75.35,91.943,-0.43349796003675495,0.10284475409235361,FALSE,FALSE,0,-4.667045589706179
0-4 km,19539,KCPM,KCPM,CPM,Compton Woodley Airport,small_airport,06037,2015-01-01,0.010833333333333334,6,1,FALSE,12.954156494140648,3.655685662239437,45.666666666666664,92.26625,0.8370353476528105,0.021123783601017337,FALSE,FALSE,0,-4.436834871168877
0-4 km,19539,KCPM,KCPM,CPM,Compton Woodley Airport,small_airport,06037,2015-02-01,0.0073750000000000005,8,1,FALSE,12.531221008300804,1.902854582612209,55.75,91.81875,0.7279650112353204,0.20645353302298178,FALSE,FALSE,0,-4.782504201271007
0-4 km,19539,KCPM,KCPM,CPM,Compton Woodley Airport,small_airport,06037,2015-03-01,0.006272727272727273,11,1,FALSE,15.163626376065364,2.926761685137185,44.25,91.80818181818182,0.6063522555668492,0.18357232639810245,FALSE,FALSE,0,-4.923623917106626
0-4 km,19539,KCPM,KCPM,CPM,Compton Woodley Airport,small_airport,06037,2015-04-01,0.0016250000000000001,8,1,FALSE,15.528131103515648,3.3554329931339266,51.59375,91.4628125,0.39128620495803734,-0.17066036104193716,FALSE,FALSE,0,-5.9426743829385495
0-4 km,19539,KCPM,KCPM,CPM,Compton Woodley Airport,small_airport,06037,2015-05-01,9e-4,10,1,FALSE,16.48999633789065,2.351604818961997,52.6,91.5185,0.460987293240514,-0.6263942786935388,FALSE,FALSE,0,-6.2659013928097425
0-4 km,19539,KCPM,KCPM,CPM,Compton Woodley Airport,small_airport,06037,2015-06-01,0.006,10,1,FALSE,21.93499755859377,1.7630020399973891,44.55,91.49849999999999,0.5206696572788676,-0.5116539745954474,FALSE,FALSE,0,-4.961845129926823
0-4 km,19539,KCPM,KCPM,CPM,Compton Woodley Airport,small_airport,06037,2015-07-01,0.007,8,1,FALSE,22.624986267089866,3.166023204919353,49.875,91.6175,-0.46406616667122935,-0.553610265387599,FALSE,FALSE,0,-4.8283137373023015
0-4 km,19539,KCPM,KCPM,CPM,Compton Woodley Airport,small_airport,06037,2015-08-01,0.0064,10,1,FALSE,24.890002441406274,4.616454176233542,41.95,91.6555,0.23644683237911027,-0.45366807304786194,FALSE,FALSE,0,-4.9062752787720125
0-4 km,19539,KCPM,KCPM,CPM,Compton Woodley Airport,small_airport,06037,2015-09-01,0.0035,6,1,FALSE,22.77082214355471,3.0874175976008122,53.833333333333336,91.46333333333334,0.2897279691404906,-0.4781319039470112,FALSE,FALSE,0,-5.403677882205863
0-4 km,19539,KCPM,KCPM,CPM,Compton Woodley Airport,small_airport,06037,2015-10-01,0.0083,10,1,FALSE,20.39998168945315,3.598673951888797,49.5,91.6105,0.6281393994539463,0.2936737418510784,FALSE,FALSE,0,-4.677740878822926
0-4 km,19539,KCPM,KCPM,CPM,Compton Woodley Airport,small_airport,06037,2015-11-01,0.014,10,1,FALSE,13.579980468750023,2.4310719678514814,41.3,91.6545,-0.8149995696371684,0.07503875998925762,FALSE,FALSE,0,-4.199705077879927
0-4 km,19539,KCPM,KCPM,CPM,Compton Woodley Airport,small_airport,06037,2015-12-01,0.010142857142857143,7,1,FALSE,8.16427873883931,2.56706426002371,57.607142857142854,91.63571428571429,0.06691162645465357,0.02146650166516812,FALSE,FALSE,0,-4.496956601347859
0-4 km,19539,KCPM,KCPM,CPM,Compton Woodley Airport,small_airport,06037,2016-01-01,0.010181818181818183,11,1,FALSE,7.952256081321045,3.4995809153686275,66.9090909090909,91.87886363636363,0.20311504374891626,0.07334482595458182,FALSE,FALSE,0,-4.49346619640809
0-4 km,19539,KCPM,KCPM,CPM,Compton Woodley Airport,small_airport,06037,2016-02-01,0.009125,8,1,FALSE,13.674989318847679,2.136572831545397,46,92.138125,-0.01999647840478342,-0.027393525183781443,FALSE,FALSE,0,-4.592747665989535
0-4 km,19539,KCPM,KCPM,CPM,Compton Woodley Airport,small_airport,06037,2016-03-01,0.0037272727272727275,11,1,FALSE,11.872713401100874,2.926869231159347,59.20454545454545,91.73409090909091,0.1765265191842673,0.25207303276875426,FALSE,FALSE,0,-5.35440683319908
0-4 km,19539,KCPM,KCPM,CPM,Compton Woodley Airport,small_airport,06037,2016-04-01,0.006125,8,1,FALSE,16.12811431884768,3.5081576033191784,52.71875,91.803125,-0.45564848690990983,0.010812804603288885,FALSE,FALSE,0,-4.944145552827423
0-4 km,19539,KCPM,KCPM,CPM,Compton Woodley Airport,small_airport,06037,2016-05-01,0.0034000000000000002,10,1,FALSE,16.314996337890648,3.87444375993422,54.75,91.57,0.07107792202635607,-0.21293815391001028,FALSE,FALSE,0,-5.426150738057921
0-4 km,19539,KCPM,KCPM,CPM,Compton Woodley Airport,small_airport,06037,2016-06-01,0.005,10,1,FALSE,22.904992675781273,2.969626003382502,38.35,91.6925,0.5084951739618467,-0.6648596110803534,FALSE,FALSE,0,-5.115995809754082
0-4 km,19539,KCPM,KCPM,CPM,Compton Woodley Airport,small_airport,06037,2016-07-01,0.0038,10,1,FALSE,24.445001220703148,2.6652511281434714,34.3,91.571,0.2349507449538931,-0.4514471177701123,FALSE,FALSE,0,-5.339139361068292
0-4 km,19539,KCPM,KCPM,CPM,Compton Woodley Airport,small_airport,06037,2016-08-01,0.0041,10,1,FALSE,22.569989013671897,3.838905631022707,43.85,91.6605,0.005847187849700386,-0.5064571896263095,FALSE,FALSE,0,-5.2785147392518565
0-4 km,19539,KCPM,KCPM,CPM,Compton Woodley Airport,small_airport,06037,2016-09-01,0.0052,10,1,FALSE,21.03499145507815,4.71462625490381,42.9,91.7475,-0.2877904882620106,-0.05680676711334276,FALSE,FALSE,0,-5.083205986931091
0-4 km,19539,KCPM,KCPM,CPM,Compton Woodley Airport,small_airport,06037,2016-10-01,0.0071111111111111115,9,1,FALSE,19.124983723958355,1.4189958256649402,37.361111111111114,91.7525,-0.5673486697718116,0.05839402362300752,FALSE,FALSE,0,-4.814520415169965
0-4 km,19539,KCPM,KCPM,CPM,Compton Woodley Airport,small_airport,06037,2016-11-01,0.0106,10,1,FALSE,15.764990234375023,4.448003315275691,34.3,92,0.16558643646980878,0.020218973786033104,FALSE,FALSE,0,-4.456750180869818
0-4 km,19539,KCPM,KCPM,CPM,Compton Woodley Airport,small_airport,06037,2016-12-01,0.014375,8,1,FALSE,8.924989318847679,3.609662165075825,43.40625,92.0253125,-0.2874523682648458,0.21713026560121457,FALSE,FALSE,0,-4.175012465289556
0-4 km,19539,KCPM,KCPM,CPM,Compton Woodley Airport,small_airport,06037,2017-01-01,0.0134,10,1,FALSE,6.489996337890648,3.110645519802907,76.25,91.87575,0.07098772417672045,0.2880569961511058,FALSE,FALSE,0,-4.240527072400182
0-4 km,19539,KCPM,KCPM,CPM,Compton Woodley Airport,small_airport,06037,2017-02-01,0.0045,8,1,FALSE,7.462503051757835,5.24526301982039,81.9375,91.39750000000001,-0.2434912419273965,-0.09264709072956662,FALSE,FALSE,0,-5.2030071867437115
0-4 km,19539,KCPM,KCPM,CPM,Compton Woodley Airport,small_airport,06037,2017-03-01,0.0076,10,1,FALSE,14.684991455078148,2.9200250828190657,43.35,92.1085,-0.1320756230212024,-0.08869374798009962,FALSE,FALSE,0,-4.755993075722675
0-4 km,19539,KCPM,KCPM,CPM,Compton Woodley Airport,small_airport,06037,2017-04-01,0.0045000000000000005,10,1,FALSE,13.995001220703148,4.103921104151288,60.1,91.606,-0.11594092743844882,-0.24067581386092915,FALSE,FALSE,0,-5.2030071867437115
0-4 km,19539,KCPM,KCPM,CPM,Compton Woodley Airport,small_airport,06037,2017-05-01,0.005636363636363636,11,1,FALSE,16.895437899502863,2.478468390850038,43.11363636363637,91.33045454545454,-0.20751378817881294,-0.2782469185856905,FALSE,FALSE,0,-5.0151911106321165
0-4 km,19539,KCPM,KCPM,CPM,Compton Woodley Airport,small_airport,06037,2017-06-01,0.0029000000000000002,10,1,FALSE,22.154992675781273,2.3924777432958924,42.6,91.5085,-0.0933446441460343,-0.3207382603838316,FALSE,FALSE,0,-5.546778725846536
0-4 km,19539,KCPM,KCPM,CPM,Compton Woodley Airport,small_airport,06037,2017-07-01,0.0057,10,1,FALSE,24.9749938964844,4.121057207811971,43.15,91.732,-0.19100607803174416,-0.6488349146432137,FALSE,FALSE,0,-5.005647752585217
0-4 km,19539,KCPM,KCPM,CPM,Compton Woodley Airport,small_airport,06037,2017-08-01,0.005875,8,1,FALSE,25.4468818664551,2.6308373729160235,40.46875,91.688125,0.15808251084382433,-0.652880609020003,FALSE,FALSE,0,-4.979863635429502
0-4 km,19539,KCPM,KCPM,CPM,Compton Woodley Airport,small_airport,06037,2017-09-01,0.0081,10,1,FALSE,20.10998535156252,2.9612256657114675,48.9,91.625,0.17776729005461137,0.16248728244460872,FALSE,FALSE,0,-4.699480865459333
0-4 km,19539,KCPM,KCPM,CPM,Compton Woodley Airport,small_airport,06037,2017-10-01,0.0088,10,1,FALSE,17.509997558593774,3.389023372139322,34.4,91.924,-0.16412779723285584,0.308918231097459,FALSE,FALSE,0,-4.62537289330561
0-4 km,19539,KCPM,KCPM,CPM,Compton Woodley Airport,small_airport,06037,2017-11-01,0.009555555555555555,9,1,FALSE,15.155548773871551,3.316111773733827,56.30555555555556,91.84861111111111,-0.08544345536773097,-0.3576400017127648,FALSE,FALSE,0,-4.551102964717816
0-4 km,19539,KCPM,KCPM,CPM,Compton Woodley Airport,small_airport,06037,2017-12-01,0.0147,10,1,FALSE,11.704986572265648,3.058377809101117,37.5,92.129,-0.44166456000651677,0.3152520069127216,FALSE,FALSE,0,-4.154094566627875
0-4 km,19539,KCPM,KCPM,CPM,Compton Woodley Airport,small_airport,06037,2018-01-01,0.00811111111111111,9,1,FALSE,12.436103651258703,1.9909866906659535,51.05555555555556,91.95555555555555,0.24448742200130016,0.44662775170470126,FALSE,FALSE,0,-4.6982606090541035
0-4 km,19539,KCPM,KCPM,CPM,Compton Woodley Airport,small_airport,06037,2018-02-01,0.009333333333333334,9,1,FALSE,10.349986436631967,3.826408160073246,43.19444444444444,91.78861111111111,0.8028349995384394,0.17001007129717854,FALSE,FALSE,0,-4.5723803631651005
0-4 km,19539,KCPM,KCPM,CPM,Compton Woodley Airport,small_airport,06037,2018-03-01,0.004666666666666667,9,1,FALSE,10.563880750868078,3.7314429991489804,60.138888888888886,91.70361111111112,0.011651946956994242,-0.11905165655155277,FALSE,FALSE,0,-5.173154223594031
0-4 km,19539,KCPM,KCPM,CPM,Compton Woodley Airport,small_airport,06037,2018-04-01,0.004428571428571428,7,1,FALSE,15.103561837332611,2.900240057405835,43.75,91.74928571428572,0.8841406137639796,-0.22956661138827547,FALSE,FALSE,0,-5.216079268311065
0-4 km,19539,KCPM,KCPM,CPM,Compton Woodley Airport,small_airport,06037,2018-05-01,0.0025,8,1,FALSE,14.943742370605491,1.4749896331144425,60.3125,91.581875,0.642478100389145,-0.6780287060273528,FALSE,FALSE,0,-5.654992310486769
0-4 km,19539,KCPM,KCPM,CPM,Compton Woodley Airport,small_airport,06037,2018-06-01,0.0031111111111111114,9,1,FALSE,19.988882107204883,2.687037831233697,48.638888888888886,91.51861111111111,0.0901945347199483,-0.5754956833984152,FALSE,FALSE,0,-5.494061943674132
0-4 km,19539,KCPM,KCPM,CPM,Compton Woodley Airport,small_airport,06037,2018-07-01,0.004166666666666667,12,1,FALSE,26.820820109049503,3.3107519780713806,40.291666666666664,91.79791666666667,-0.2237066980633481,-0.7148193714616802,FALSE,FALSE,0,-5.265527543725046
0-4 km,19539,KCPM,KCPM,CPM,Compton Woodley Airport,small_airport,06037,2018-08-01,0.0033,10,1,FALSE,23.81500244140627,2.563719108753317,41.75,91.7305,0.4815676983039331,-0.5803270514378509,FALSE,FALSE,0,-5.44914025628262
0-4 km,19539,KCPM,KCPM,CPM,Compton Woodley Airport,small_airport,06037,2018-09-01,0.0037,10,1,FALSE,22.329986572265646,2.866388953347236,43.85,91.55149999999999,-0.12469335923158568,-0.5810999130620689,FALSE,FALSE,0,-5.360192770266124
0-4 km,19539,KCPM,KCPM,CPM,Compton Woodley Airport,small_airport,06037,2018-10-01,0.0047,10,1,FALSE,16.704998779296897,3.80549583445057,56.55,91.6755,-0.235593382099629,-0.2084368555186225,FALSE,FALSE,0,-5.1672891041416324
0-4 km,19539,KCPM,KCPM,CPM,Compton Woodley Airport,small_airport,06037,2018-11-01,0.006666666666666666,9,1,FALSE,14.774987792968773,2.3484953362868692,43.55555555555556,91.85611111111112,1.0578922826457201e-4,-0.05413144158339039,FALSE,FALSE,0,-4.870873351721097
0-4 km,19539,KCPM,KCPM,CPM,Compton Woodley Airport,small_airport,06037,2018-12-01,0.0081,10,1,FALSE,10.114984130859398,2.1393899644679926,48.95,91.9905,-0.395693865229361,0.36721348121425285,FALSE,FALSE,0,-4.699480865459333
0-4 km,19539,KCPM,KCPM,CPM,Compton Woodley Airport,small_airport,06037,2019-01-01,0.007625,8,1,FALSE,8.11249694824221,3.114432100392804,72.5,92.1340625,0.11430904904045859,0.46499202017349506,FALSE,FALSE,0,-4.753090316064713
0-4 km,19539,KCPM,KCPM,CPM,Compton Woodley Airport,small_airport,06037,2019-02-01,0.0045,10,1,FALSE,7.064990234375022,3.5204984570715263,74.95,91.637,0.4506871288170368,-0.2629182767869923,FALSE,FALSE,0,-5.2030071867437115
0-4 km,19539,KCPM,KCPM,CPM,Compton Woodley Airport,small_airport,06037,2019-03-01,0.0062,10,1,FALSE,9.154992675781273,3.72544504592502,74.25,91.838,0.12250875588568681,0.061047642698885116,FALSE,FALSE,0,-4.933674252960127
0-4 km,19539,KCPM,KCPM,CPM,Compton Woodley Airport,small_airport,06037,2019-04-01,0.009285714285714286,7,1,FALSE,16.43214024135047,2.069315556194088,56.42857142857143,91.56357142857142,0.7708843747026232,-0.48413388820044867,FALSE,FALSE,0,-4.576999309021395
0-4 km,19539,KCPM,KCPM,CPM,Compton Woodley Airport,small_airport,06037,2019-05-01,0.0028,10,1,FALSE,14.650000000000023,2.976230356157411,61.3,91.394,-0.3249970324474144,-0.43586417953931655,FALSE,FALSE,0,-5.572754212249797
0-4 km,19539,KCPM,KCPM,CPM,Compton Woodley Airport,small_airport,06037,2019-06-01,0.0024000000000000002,10,1,FALSE,19.209997558593773,5.237757009564519,53.95,91.4565,0.16245728999502893,-0.5085763608914702,FALSE,FALSE,0,-5.683979847360021
0-4 km,19539,KCPM,KCPM,CPM,Compton Woodley Airport,small_airport,06037,2019-07-01,0.0026,10,1,FALSE,22.479992675781272,2.904882648670355,45,91.6595,-0.1951654921258944,-0.6872977984013131,FALSE,FALSE,0,-5.626821433520073
0-4 km,19539,KCPM,KCPM,CPM,Compton Woodley Airport,small_airport,06037,2019-08-01,0.0027272727272727275,11,1,FALSE,23.134085360440363,4.322562965938037,43.5,91.75295454545454,-0.04496793549774433,-0.39766484192238954,FALSE,FALSE,0,-5.5920784850761995
0-4 km,19539,KCPM,KCPM,CPM,Compton Woodley Airport,small_airport,06037,2019-09-01,0.0055,10,1,FALSE,19.699993896484397,5.256793107411472,46.2,91.6725,-0.5702552443722613,-0.09132507095197402,FALSE,FALSE,0,-5.035953102080546
0-4 km,19539,KCPM,KCPM,CPM,Compton Woodley Airport,small_airport,06037,2019-10-01,0.00811111111111111,9,1,FALSE,15.738882107204883,3.916407872311074,31.666666666666668,91.72055555555555,0.48749041687117334,0.2957698510959243,FALSE,FALSE,0,-4.6982606090541035
0-4 km,19539,KCPM,KCPM,CPM,Compton Woodley Airport,small_airport,06037,2019-11-01,0.0054,10,1,FALSE,11.844989013671897,3.036619065440021,57.15,91.6845,-0.6552490075573201,0.39898290341095843,FALSE,FALSE,0,-5.051457288616511
0-4 km,19539,KCPM,KCPM,CPM,Compton Woodley Airport,small_airport,06037,2019-12-01,0.0048000000000000004,10,1,FALSE,8.174993896484398,4.010343074416532,68.6,92.0435,0.3677340933343396,-0.22796445727941192,FALSE,FALSE,0,-5.149897361429764
0-4 km,19539,KCPM,KCPM,CPM,Compton Woodley Airport,small_airport,06037,2020-01-01,0.0057,10,1,FALSE,9.484985351562523,3.6486643755903025,58.3,92.1575,0.6781072659426097,0.08040625380129887,FALSE,FALSE,0,-5.005647752585217
0-4 km,19539,KCPM,KCPM,CPM,Compton Woodley Airport,small_airport,06037,2020-02-01,0.0057777777777777775,9,1,FALSE,11.719449191623287,3.632893105675197,49.47222222222222,91.71333333333334,0.9302900662297027,0.02388016437710853,FALSE,FALSE,0,-4.9941059921450455
0-4 km,19539,KCPM,KCPM,CPM,Compton Woodley Airport,small_airport,06037,2020-03-01,0.0025,8,1,FALSE,10.299989318847679,4.0473769290653365,69.625,91.945625,0.3706400748106572,0.1429823342258448,FALSE,FALSE,0,-5.654992310486769
0-4 km,19539,KCPM,KCPM,CPM,Compton Woodley Airport,small_airport,06037,2020-07-01,0.003,10,1,FALSE,21.764996337890647,3.8434551295614643,45.85,91.592,0.5967371416446413,-0.5636911676352545,FALSE,FALSE,0,-5.521460917862246
0-4 km,19539,KCPM,KCPM,CPM,Compton Woodley Airport,small_airport,06037,2020-08-01,0.003416666666666667,12,1,FALSE,24.883320109049503,3.563323642298959,41.625,91.54041666666667,0.014664017012549787,-0.4447284875258276,FALSE,FALSE,0,-5.422370015218015
0-4 km,19539,KCPM,KCPM,CPM,Compton Woodley Airport,small_airport,06037,2020-09-01,0.007222222222222222,9,1,FALSE,26.158325873480926,2.210567124028931,31.583333333333332,91.81388888888888,-0.01255858845318124,-0.10836567798573345,FALSE,FALSE,0,-4.800914763114187
0-4 km,19539,KCPM,KCPM,CPM,Compton Woodley Airport,small_airport,06037,2020-10-01,0.0066,10,1,FALSE,20.684991455078148,2.7554430695229137,41.7,91.8835,-0.13952454312367418,0.24050533878717478,FALSE,FALSE,0,-4.879607031689852
0-4 km,19539,KCPM,KCPM,CPM,Compton Woodley Airport,small_airport,06037,2020-11-01,0.0096,10,1,FALSE,16.259985351562523,1.590870735829444,32.25,91.902,-0.026947031824891193,0.4304486545328303,FALSE,FALSE,0,-4.546901277864116
0-4 km,19539,KCPM,KCPM,CPM,Compton Woodley Airport,small_airport,06037,2020-12-01,0.0113,10,1,FALSE,8.354986572265648,2.5971977277780076,58.7,91.9425,0.15534011641933482,-0.07927961529735675,FALSE,FALSE,0,-4.398156016603766
0-4 km,19539,KCPM,KCPM,CPM,Compton Woodley Airport,small_airport,06037,2021-01-01,0.008222222222222223,9,1,FALSE,9.738882107204883,3.689305142020974,65.63888888888889,91.95472222222222,0.9465554665681402,0.010759866655600412,FALSE,FALSE,0,-4.686139248521759
0-4 km,19539,KCPM,KCPM,CPM,Compton Woodley Airport,small_airport,06037,2021-02-01,0.006,10,1,FALSE,9.814978027343773,3.8691121995533635,59.55,91.80499999999999,0.7874909784903894,-0.0993085248859982,FALSE,FALSE,0,-4.961845129926823
0-4 km,19539,KCPM,KCPM,CPM,Compton Woodley Airport,small_airport,06037,2021-03-01,0.005,10,1,FALSE,11.169995117187522,3.2287308411144884,53.55,91.7635,0.5569917219391853,-0.2708595622459253,FALSE,FALSE,0,-5.115995809754082
0-4 km,19539,KCPM,KCPM,CPM,Compton Woodley Airport,small_airport,06037,2021-04-01,0.004111111111111111,9,1,FALSE,14.288880072699676,3.4861413243498482,47.30555555555556,91.64472222222223,0.6824419075619947,0.0036990856508821307,FALSE,FALSE,0,-5.276338459829262
0-4 km,19539,KCPM,KCPM,CPM,Compton Woodley Airport,small_airport,06037,2021-05-01,0.003,10,1,FALSE,14.789984130859398,3.86226488957163,56.85,91.5045,0.5362057002472228,-0.3782249060922023,FALSE,FALSE,0,-5.521460917862246
0-4 km,19539,KCPM,KCPM,CPM,Compton Woodley Airport,small_airport,06037,2021-06-01,0.0042,10,1,FALSE,23.55000610351565,2.8000611086501292,39.65,91.538,-0.35194399285521966,-0.6319369980482993,FALSE,FALSE,0,-5.259096653394756
0-4 km,19539,KCPM,KCPM,CPM,Compton Woodley Airport,small_airport,06037,2021-07-01,0.0038888888888888888,9,1,FALSE,24.505551486545162,3.1981519273487615,46.47222222222222,91.72805555555556,0.6749644031571317,-0.6151117274390117,FALSE,FALSE,0,-5.320790222400095
0-4 km,19539,KCPM,KCPM,CPM,Compton Woodley Airport,small_airport,06037,2021-08-01,0.0035555555555555557,9,1,FALSE,23.291650390625023,3.8100547125492654,44.111111111111114,91.71972222222223,0.9101072036609862,-0.23945591355287324,FALSE,FALSE,0,-5.391407789614049
0-4 km,19539,KCPM,KCPM,CPM,Compton Woodley Airport,small_airport,06037,2021-09-01,0.003428571428571429,7,1,FALSE,21.975000000000023,2.829757286773211,50,91.6125,-0.17318761929989407,-0.5593491086131813,FALSE,FALSE,0,-5.419678223552304
0-4 km,19539,KCPM,KCPM,CPM,Compton Woodley Airport,small_airport,06037,2021-10-01,0.004142857142857143,7,1,FALSE,14.003564453125023,4.910874538125921,62.32142857142857,91.59714285714286,-0.7152841456091787,-0.15296264828316608,FALSE,FALSE,0,-5.27014648958134
0-4 km,19539,KCPM,KCPM,CPM,Compton Woodley Airport,small_airport,06037,2021-11-01,0.006818181818181818,11,1,FALSE,15.184073153409114,2.9956458021993035,50.15909090909091,91.98818181818181,-0.12616246481198415,0.2672572052802923,FALSE,FALSE,0,-4.851303255527
0-4 km,19539,KCPM,KCPM,CPM,Compton Woodley Airport,small_airport,06037,2021-12-01,0.0068,10,1,FALSE,8.204986572265648,3.272206156477097,72.25,91.697,0.2007760571982757,-0.007285291416416893,FALSE,FALSE,0,-4.853631545286591
0-4 km,19539,KCPM,KCPM,CPM,Compton Woodley Airport,small_airport,06037,2022-01-01,0.0102,10,1,FALSE,9.679968261718773,2.9744782818038833,50.35,92.266,0.1061948420288301,0.5666238306892967,TRUE,FALSE,0,-4.491841500681088
0-4 km,19539,KCPM,KCPM,CPM,Compton Woodley Airport,small_airport,06037,2022-02-01,0.0102,10,1,FALSE,9.999987792968772,3.001204675981917,47.7,91.928,0.7758951617607663,0.3797221143701646,TRUE,FALSE,0,-4.491841500681088
0-4 km,19539,KCPM,KCPM,CPM,Compton Woodley Airport,small_airport,06037,2022-03-01,0.005666666666666667,9,1,FALSE,12.488895670572939,1.6581902999574918,55.69444444444444,91.91833333333334,0.6427796602573004,-0.03085092721748297,TRUE,FALSE,0,-5.0106352940962555
0-4 km,19539,KCPM,KCPM,CPM,Compton Woodley Airport,small_airport,06037,2022-04-01,0.0039000000000000003,10,1,FALSE,13.570001220703148,2.8409882356281564,57.95,91.596,0.8437213181145666,-0.4064842875546411,TRUE,FALSE,0,-5.318520073865556
0-4 km,19539,KCPM,KCPM,CPM,Compton Woodley Airport,small_airport,06037,2022-05-01,0.005,9,1,FALSE,16.33610093858509,2.3508232637018445,48.5,91.50222222222223,0.4382336307083619,-0.5250624213725797,TRUE,FALSE,0,-5.115995809754082
0-4 km,19539,KCPM,KCPM,CPM,Compton Woodley Airport,small_airport,06037,2022-06-01,0.0036,10,1,FALSE,23.594995117187523,3.6374925931840947,41.85,91.5945,0.03671104986383742,-0.6779354536415153,TRUE,FALSE,0,-5.381698975487088
0-4 km,19539,KCPM,KCPM,CPM,Compton Woodley Airport,small_airport,06037,2022-07-01,0.004,9,1,FALSE,23.344432237413216,6.1807350033491755,44.861111111111114,91.67333333333333,-0.30153361042829374,-0.5677375417898068,TRUE,FALSE,0,-5.298317366548036
0-4 km,19539,KCPM,KCPM,CPM,Compton Woodley Airport,small_airport,06037,2022-08-01,0.0046,10,1,FALSE,24.624987792968774,3.7149665867418924,44.9,91.664,-0.0569982887682729,-0.4960485828430991,TRUE,FALSE,0,-5.184988681241033
0-4 km,19539,KCPM,KCPM,CPM,Compton Woodley Airport,small_airport,06037,2022-09-01,0.0048000000000000004,10,1,FALSE,24.009991455078147,4.524725363667939,50.8,91.54950000000001,-0.43277140300187716,-0.46052116324930004,TRUE,FALSE,0,-5.149897361429764
0-4 km,19539,KCPM,KCPM,CPM,Compton Woodley Airport,small_airport,06037,2022-10-01,0.005111111111111111,9,1,FALSE,19.311093478732662,3.3327453992383864,49.02777777777778,91.80222222222223,0.046198326575326285,-0.2973625159915816,TRUE,FALSE,0,-5.097646671085886
0-4 km,19539,KCPM,KCPM,CPM,Compton Woodley Airport,small_airport,06037,2022-11-01,0.0072,10,1,FALSE,11.329992675781273,5.298831681180661,57.2,91.8055,-0.20647469542355187,-0.0880960642193095,TRUE,FALSE,0,-4.803621124711929
0-4 km,19539,KCPM,KCPM,CPM,Compton Woodley Airport,small_airport,06037,2022-12-01,0.009,12,1,FALSE,8.11249694824221,4.631061205370133,72.08333333333333,91.85916666666667,-0.026908677553414584,-0.1575108973399977,TRUE,FALSE,0,-4.605170185988092
0-4 km,19539,KCPM,KCPM,CPM,Compton Woodley Airport,small_airport,06037,2023-01-01,0.0067777777777777775,9,1,FALSE,5.780558946397592,3.821403379814742,81.05555555555556,91.97305555555556,0.16605291398078875,0.18647193363570921,TRUE,FALSE,0,-4.8564846142689975
0-4 km,19539,KCPM,KCPM,CPM,Compton Woodley Airport,small_airport,06037,2023-02-01,0.003375,8,1,FALSE,7.6187301635742415,3.5765717541668143,57.625,91.736875,0.05915277200552971,-0.2120387861539166,TRUE,FALSE,0,-5.431848759172559
0-4 km,19539,KCPM,KCPM,CPM,Compton Woodley Airport,small_airport,06037,2023-03-01,0.0025833333333333333,12,1,FALSE,7.17499186197919,3.4158960072541062,80.70833333333333,91.73375,0.3928369064459544,-0.0016474889766348727,TRUE,FALSE,0,-5.631461813076575
0-4 km,19539,KCPM,KCPM,CPM,Compton Woodley Airport,small_airport,06037,2023-04-01,0.0023,10,1,FALSE,14.369989013671898,2.4946522921355725,55.15,91.5265,0.5367143424751303,-0.36213718070781403,TRUE,FALSE,0,-5.713832810509703
0-4 km,19539,KCPM,KCPM,CPM,Compton Woodley Airport,small_airport,06037,2023-05-01,0.002777777777777778,9,1,FALSE,17.316668023003494,3.7277133019684863,55.22222222222222,91.54972222222223,0.39879748290024963,-0.5116665888622591,TRUE,FALSE,0,-5.578619331702195
0-4 km,19539,KCPM,KCPM,CPM,Compton Woodley Airport,small_airport,06037,2023-06-01,0.0021,10,1,FALSE,18.684991455078148,4.084502524947071,54.7,91.4875,0.07418386029086826,-0.5261048241301484,TRUE,FALSE,0,-5.7763531674910364
0-4 km,19539,KCPM,KCPM,CPM,Compton Woodley Airport,small_airport,06037,2023-07-01,0.004,10,1,FALSE,25.004992675781274,5.5528788794822255,42.1,91.6935,-0.35631580284485925,-0.5626248612506971,TRUE,FALSE,0,-5.298317366548036
0-4 km,19539,KCPM,KCPM,CPM,Compton Woodley Airport,small_airport,06037,2023-08-01,0.0034000000000000002,10,1,FALSE,23.584997558593773,4.718988646801487,53.1,91.768,-0.18984956986820264,-0.4246217098026252,TRUE,FALSE,0,-5.426150738057921
0-4 km,19539,KCPM,KCPM,CPM,Compton Woodley Airport,small_airport,06037,2023-09-01,0.0042,10,1,FALSE,21.249987792968774,2.7373606566824273,60.3,91.749,0.17716525182657267,-0.5188084854748483,TRUE,FALSE,0,-5.259096653394756
0-4 km,19539,KCPM,KCPM,CPM,Compton Woodley Airport,small_airport,06037,2023-10-01,0.0046,10,1,FALSE,18.8549987792969,3.7161675285542515,54.35,91.705,0.18970305520192215,-0.06574758073602449,TRUE,FALSE,0,-5.184988681241033
0-4 km,19539,KCPM,KCPM,CPM,Compton Woodley Airport,small_airport,06037,2023-11-01,0.012875,8,1,FALSE,13.987489318847679,3.261935567885012,40.375,91.905,0.15701249557640487,0.49503646668250906,TRUE,FALSE,0,-4.277666619349639
0-4 km,19539,KCPM,KCPM,CPM,Compton Woodley Airport,small_airport,06037,2023-12-01,0.0086,5,1,FALSE,9.639978027343773,3.4536359086398596,69.2,91.885,0.47511192165719074,0.12263715095240028,TRUE,FALSE,0,-4.645992180508347
0-4 km,19539,KCPM,KCPM,CPM,Compton Woodley Airport,small_airport,06037,2024-01-01,0.008583333333333333,12,1,FALSE,9.166650390625023,3.3590341153419665,71.75,91.81958333333333,0.10367951038683475,0.0750605478680239,TRUE,FALSE,0,-4.647729800406887
0-4 km,19539,KCPM,KCPM,CPM,Compton Woodley Airport,small_airport,06037,2024-02-01,0.005142857142857143,7,1,FALSE,8.053569684709844,4.162458345226726,83.32142857142857,91.82571428571428,-0.458093525631181,0.2278561755421517,TRUE,FALSE,0,-5.092465312343888
0-4 km,19539,KCPM,KCPM,CPM,Compton Woodley Airport,small_airport,06037,2024-03-01,0.0022500000000000003,12,1,FALSE,8.89167175292971,1.8183576639035057,80.625,91.45875,-0.17112785999148133,0.04061896065905423,TRUE,FALSE,0,-5.72910028264049
0-4 km,19539,KCPM,KCPM,CPM,Compton Woodley Airport,small_airport,06037,2024-04-01,0.0024000000000000002,10,1,FALSE,14.639984130859398,2.133517418953251,56.4,91.537,0.26460750938855826,-0.6409698357534102,TRUE,FALSE,0,-5.683979847360021
0-4 km,19539,KCPM,KCPM,CPM,Compton Woodley Airport,small_airport,06037,2024-05-01,0.0023333333333333335,9,1,FALSE,16.080550130208355,5.6417265013512825,54.02777777777778,91.5111111111111,0.21616791771524,-0.3624856468677879,TRUE,FALSE,0,-5.703782474656201
0-4 km,19539,KCPM,KCPM,CPM,Compton Woodley Airport,small_airport,06037,2024-06-01,0.0031,10,1,FALSE,22.149987792968773,3.3810526010040665,44.7,91.403,0.03787585313363986,-0.7063177811107842,TRUE,FALSE,0,-5.496768305271875
0-4 km,19539,KCPM,KCPM,CPM,Compton Woodley Airport,small_airport,06037,2024-07-01,0.0043,10,1,FALSE,25.339996337890646,3.8737890571696716,37.75,91.66,0.5513975693451163,-0.27794704049556795,TRUE,FALSE,0,-5.240048458424061
0-4 km,19539,KCPM,KCPM,CPM,Compton Woodley Airport,small_airport,06037,2024-08-01,0.0034000000000000002,10,1,FALSE,23.844995117187523,4.381136784698849,44.55,91.666,-0.09949596884261083,-0.6775073784754657,TRUE,FALSE,0,-5.426150738057921
0-4 km,19539,KCPM,KCPM,CPM,Compton Woodley Airport,small_airport,06037,2024-09-01,0.0037142857142857142,7,1,FALSE,21.235694231305825,4.07685391388116,49.714285714285715,91.55642857142857,0.11554804534152671,-0.3066307782146828,TRUE,FALSE,0,-5.3571578665709705
0-4 km,19539,KCPM,KCPM,CPM,Compton Woodley Airport,small_airport,06037,2024-10-01,0.005888888888888889,9,1,FALSE,20.447222222222244,2.8881702244884058,44.97222222222222,91.84194444444445,-0.2473911128218854,-0.6017616741354057,TRUE,FALSE,0,-4.977845471273265
0-4 km,19539,KCPM,KCPM,CPM,Compton Woodley Airport,small_airport,06037,2024-11-01,0.0087,10,1,FALSE,11.999993896484398,3.5998469218079676,50.8,91.943,0.24637056237485705,-0.20032815200802725,TRUE,FALSE,0,-4.6356293934728
0-4 km,19539,KCPM,KCPM,CPM,Compton Woodley Airport,small_airport,06037,2024-12-01,0.009600000000000001,10,1,FALSE,12.359997558593772,4.08692271438809,46.4,92.113,-0.16814588511576967,0.18178231761842964,TRUE,FALSE,0,-4.546901277864116
0-4 km,19539,KCPM,KCPM,CPM,Compton Woodley Airport,small_airport,06037,2025-01-01,0.01218181818181818,11,1,FALSE,8.5613425514915,3.0601219066378325,51.5,92.03090909090909,0.5967123555879469,0.12022113058104114,TRUE,FALSE,0,-4.328916809359933
0-4 km,19539,KCPM,KCPM,CPM,Compton Woodley Airport,small_airport,06037,2025-02-01,0.003,8,1,FALSE,10.862481689453148,2.8124520220232094,70.875,91.664375,0.615999321582755,-0.49212370568903957,TRUE,FALSE,0,-5.521460917862246
0-4 km,19539,KCPM,KCPM,CPM,Compton Woodley Airport,small_airport,06037,2025-03-01,0.0043,10,1,FALSE,9.959985351562523,2.704214893464747,66.2,91.8,0.567854850397509,0.07169502476554866,TRUE,FALSE,0,-5.240048458424061
0-4 km,19539,KCPM,KCPM,CPM,Compton Woodley Airport,small_airport,06037,2025-04-01,0.004333333333333333,9,1,FALSE,13.449989149305578,4.254386878624679,57.138888888888886,91.60277777777777,0.26059812479244326,-0.32823477594649614,TRUE,FALSE,0,-5.233778845410465
0-4 km,19539,KCPM,KCPM,CPM,Compton Woodley Airport,small_airport,06037,2025-05-01,0.0030833333333333333,12,1,FALSE,16.554167683919292,2.5296908875298993,57.458333333333336,91.62583333333333,-0.22383253364697275,-0.4993990476678492,TRUE,FALSE,0,-5.500841630659511
0-4 km,19539,KCPM,KCPM,CPM,Compton Woodley Airport,small_airport,06037,2025-06-01,0.0035,10,1,FALSE,21.48499145507815,6.206225486607312,48.35,91.4975,-0.23924257656212827,-0.35016997106494413,TRUE,FALSE,0,-5.403677882205863
0-4 km,19552,KCRQ,KCRQ,CRQ,McClellan-Palomar Airport,medium_airport,06073,2012-03-01,0.07100000000000001,3,1,FALSE,13.853336588541689,3.9591917507685177,74.25,98.64,-0.6931601667578104,0.699248501553286,FALSE,FALSE,0,-2.6310891599660815
0-4 km,19552,KCRQ,KCRQ,CRQ,McClellan-Palomar Airport,medium_airport,06073,2012-04-01,0.1374,5,1,FALSE,15.378002929687522,3.8571479298503926,66.1,98.586,-0.5515920575815884,0.23615981698287666,FALSE,FALSE,0,-1.977607235798568
0-4 km,19552,KCRQ,KCRQ,CRQ,McClellan-Palomar Airport,medium_airport,06073,2012-05-01,0.1258,5,1,FALSE,16.355999755859397,2.9109825687669217,68.25,98.222,-0.20701173545220125,0.33226016379184775,FALSE,FALSE,0,-2.0651442369790116
0-4 km,19552,KCRQ,KCRQ,CRQ,McClellan-Palomar Airport,medium_airport,06073,2012-06-01,0.23399999999999999,5,1,FALSE,17.650000000000023,5.695267792440679,66.2,98.05199999999999,-0.535722306077753,-0.14018281918339387,FALSE,FALSE,0,-1.448169764837978
0-4 km,19552,KCRQ,KCRQ,CRQ,McClellan-Palomar Airport,medium_airport,06073,2012-07-01,0.12233333333333334,3,1,FALSE,19.69666951497398,3.9243998600270986,66.25,98.3,-0.7034575695102464,0.5839670314617111,FALSE,FALSE,0,-2.0928645620119766
0-4 km,19552,KCRQ,KCRQ,CRQ,McClellan-Palomar Airport,medium_airport,06073,2012-08-01,0.138,6,1,FALSE,22.824995930989605,3.8180831163410693,62.458333333333336,98.16333333333333,-0.3393523422871878,0.12943519525017816,FALSE,FALSE,0,-1.973281345851445
0-4 km,19552,KCRQ,KCRQ,CRQ,McClellan-Palomar Airport,medium_airport,06073,2012-10-01,0.059,1,1,FALSE,19.019982910156273,4.358949116748125,56,98.67,-0.9405950823702943,0.3395303977861471,FALSE,FALSE,0,-2.8134107167600364
0-4 km,19552,KCRQ,KCRQ,CRQ,McClellan-Palomar Airport,medium_airport,06073,2012-11-01,0.09883333333333333,6,1,FALSE,16.590000406901066,4.043986320373196,69.41666666666667,98.78999999999999,-0.7197384220057996,0.26421337096975966,FALSE,FALSE,0,-2.304253150094743
0-4 km,19552,KCRQ,KCRQ,CRQ,McClellan-Palomar Airport,medium_airport,06073,2012-12-01,0.090375,8,1,FALSE,13.197499847412132,3.9312549667958003,70.53125,98.7025,-0.9663322883240539,0.07246137223830565,FALSE,FALSE,0,-2.3927833609121945
0-4 km,19552,KCRQ,KCRQ,CRQ,McClellan-Palomar Airport,medium_airport,06073,2013-01-01,0.08716666666666667,6,1,FALSE,13.358341471354189,3.364754484601396,59.916666666666664,99.04833333333333,-0.4039843890273405,0.6237835066130618,FALSE,FALSE,0,-2.4285263163518924
0-4 km,19552,KCRQ,KCRQ,CRQ,McClellan-Palomar Airport,medium_airport,06073,2013-03-01,0.1498,5,1,FALSE,16.445996093750022,2.1857191594399716,64.55,98.596,0.24360522668288598,0.3208038029383736,FALSE,FALSE,0,-1.8918008234082815
0-4 km,19552,KCRQ,KCRQ,CRQ,McClellan-Palomar Airport,medium_airport,06073,2014-11-01,0.0062,10,1,FALSE,18.180004882812522,4.674587100324331,54.9,98.85600000000001,-0.84234021480978,0.2683219622919632,FALSE,FALSE,0,-4.933674252960127
0-4 km,19552,KCRQ,KCRQ,CRQ,McClellan-Palomar Airport,medium_airport,06073,2014-12-01,0.0075,12,1,FALSE,14.433323160807314,4.538520563616039,76.75,98.73,-0.8941593304245505,0.21931320414296634,FALSE,FALSE,0,-4.767689115485866
0-4 km,19552,KCRQ,KCRQ,CRQ,McClellan-Palomar Airport,medium_airport,06073,2015-01-01,0.0111,10,1,FALSE,15.809991455078148,2.125969206255103,60,98.921,-0.09510105199344132,0.8692919307505472,FALSE,FALSE,0,-4.414549826379441
0-4 km,19552,KCRQ,KCRQ,CRQ,McClellan-Palomar Airport,medium_airport,06073,2015-02-01,0.009875,8,1,FALSE,15.906243896484398,2.5512754597348244,67.4375,98.735,-0.15627277369131645,0.45625165087571634,FALSE,FALSE,0,-4.521288702007389
0-4 km,19552,KCRQ,KCRQ,CRQ,McClellan-Palomar Airport,medium_airport,06073,2015-03-01,0.0072499999999999995,12,1,FALSE,17.47082926432294,2.5735815933750974,64.375,98.52708333333334,-0.20363544939061948,0.13986883303480493,FALSE,FALSE,0,-4.797542078635548
0-4 km,19552,KCRQ,KCRQ,CRQ,McClellan-Palomar Airport,medium_airport,06073,2015-04-01,0.0071,10,1,FALSE,16.759979248046896,2.197247374194987,67.9,98.3255,0.1649235890498324,0.007484934940453936,FALSE,FALSE,0,-4.815891217303744
0-4 km,19552,KCRQ,KCRQ,CRQ,McClellan-Palomar Airport,medium_airport,06073,2015-05-01,0.0125,10,1,FALSE,15.974987792968772,1.8866940694481458,72.7,98.404,-0.7385930524792184,0.5746292077620303,FALSE,FALSE,0,-4.305065593537753
0-4 km,19552,KCRQ,KCRQ,CRQ,McClellan-Palomar Airport,medium_airport,06073,2015-06-01,0.0069,10,1,FALSE,20.624993896484398,2.173070333942672,62.05,98.1975,-0.03956492875594117,0.5965187102939066,FALSE,FALSE,0,-4.840892519509161
0-4 km,19552,KCRQ,KCRQ,CRQ,McClellan-Palomar Airport,medium_airport,06073,2015-07-01,0.0051,10,1,FALSE,20.22498168945315,3.109815871498568,73.9,98.29,-0.7359364456386572,0.5015825100890259,FALSE,FALSE,0,-5.099466507802871
0-4 km,19552,KCRQ,KCRQ,CRQ,McClellan-Palomar Airport,medium_airport,06073,2015-08-01,0.0105,10,1,FALSE,22.87500610351565,4.569724872945559,66.8,98.247,-0.38621227673002984,0.3676948582080789,FALSE,FALSE,0,-4.4654082436129325
0-4 km,19552,KCRQ,KCRQ,CRQ,McClellan-Palomar Airport,medium_airport,06073,2015-09-01,0.0084,10,1,FALSE,23.4850036621094,2.6447721654116694,71.4,98.027,0.02538266795815855,-0.035966854889014126,FALSE,FALSE,0,-4.667045589706179
0-4 km,19552,KCRQ,KCRQ,CRQ,McClellan-Palomar Airport,medium_airport,06073,2015-10-01,0.0136,10,1,FALSE,22.075000000000024,1.8710188973238877,70.35,98.181,0.1779671068935568,0.6772248316004744,FALSE,FALSE,0,-4.226733750267846
0-4 km,19552,KCRQ,KCRQ,CRQ,McClellan-Palomar Airport,medium_airport,06073,2015-11-01,0.01825,8,1,FALSE,18.449983215332054,2.5799030114854204,60.625,98.39625000000001,-0.9235731113630121,0.2792796591756933,FALSE,FALSE,0,-3.950244218248344
0-4 km,19552,KCRQ,KCRQ,CRQ,McClellan-Palomar Airport,medium_airport,06073,2015-12-01,0.014916666666666667,12,1,FALSE,14.499993896484398,4.161333016533242,60.875,98.82166666666667,-0.6524923281527237,0.6881030430280898,FALSE,FALSE,0,-4.140388500723508
0-4 km,19552,KCRQ,KCRQ,CRQ,McClellan-Palomar Airport,medium_airport,06073,2016-01-01,0.0025,10,1,FALSE,13.454974365234397,4.663824632511204,71.05,98.853,-0.28975420628278337,0.32694649004391657,FALSE,FALSE,0,-5.654992310486769
0-4 km,19552,KCRQ,KCRQ,CRQ,McClellan-Palomar Airport,medium_airport,06073,2016-02-01,0.006625,8,1,FALSE,17.59375152587893,2.427054151016655,49.75,98.845625,-0.5349856498760821,0.534339195062519,FALSE,FALSE,0,-4.876322956488662
0-4 km,19552,KCRQ,KCRQ,CRQ,McClellan-Palomar Airport,medium_airport,06073,2016-03-01,0.008166666666666666,12,1,FALSE,14.945825195312523,2.226903845538838,72.04166666666667,98.63125,-0.601193297463803,0.5554430924334999,FALSE,FALSE,0,-4.692181562977721
0-4 km,19552,KCRQ,KCRQ,CRQ,McClellan-Palomar Airport,medium_airport,06073,2016-04-01,0.0115,10,1,FALSE,17.189996337890648,2.9450012800000755,68.35,98.5695,-0.6378837430385367,0.2305158183629367,FALSE,FALSE,0,-4.382026634673881
0-4 km,19552,KCRQ,KCRQ,CRQ,McClellan-Palomar Airport,medium_airport,06073,2016-05-01,0.0058000000000000005,10,1,FALSE,15.789990234375022,4.186587657299338,79.6,98.4085,-0.10074342857361782,0.1544084004017238,FALSE,FALSE,0,-4.990832666800076
0-4 km,19552,KCRQ,KCRQ,CRQ,McClellan-Palomar Airport,medium_airport,06073,2016-06-01,0.0078,10,1,FALSE,20.509997558593774,2.8480159130529645,64.45,98.36749999999999,-0.3349646308664477,0.15260747369303504,FALSE,FALSE,0,-4.733003557497977
0-4 km,19552,KCRQ,KCRQ,CRQ,McClellan-Palomar Airport,medium_airport,06073,2016-07-01,0.010833333333333334,12,1,FALSE,22.027078247070335,2.9305721052578355,63.1875,98.24958333333333,-0.9036653580299626,0.27836733048408324,FALSE,FALSE,0,-4.436834871168877
0-4 km,19552,KCRQ,KCRQ,CRQ,McClellan-Palomar Airport,medium_airport,06073,2016-08-01,0.01,10,1,FALSE,21.60999145507815,3.523641513473768,66.5,98.261,-0.21745207170787603,0.49782409991545473,FALSE,FALSE,0,-4.509860006183766
0-4 km,19552,KCRQ,KCRQ,CRQ,McClellan-Palomar Airport,medium_airport,06073,2016-09-01,0.009,10,1,FALSE,21.184991455078148,3.886309678314735,62.45,98.3635,-0.8045032537686914,0.27485065828694943,FALSE,FALSE,0,-4.605170185988092
0-4 km,19552,KCRQ,KCRQ,CRQ,McClellan-Palomar Airport,medium_airport,06073,2016-10-01,0.009,10,1,FALSE,19.96997680664065,4.952809686769486,60.65,98.4125,-0.8646198202317109,0.4245600269952087,FALSE,FALSE,0,-4.605170185988092
0-4 km,19552,KCRQ,KCRQ,CRQ,McClellan-Palomar Airport,medium_airport,06073,2016-11-01,0.0111,10,1,FALSE,18.324993896484397,3.737776298534151,58.05,98.686,-0.7280937752508783,0.45025358860665854,FALSE,FALSE,0,-4.414549826379441
0-4 km,19552,KCRQ,KCRQ,CRQ,McClellan-Palomar Airport,medium_airport,06073,2016-12-01,0.0111,10,1,FALSE,13.419989013671898,5.510249527051151,64.9,98.874,-0.8291957082095527,0.4009785440035429,FALSE,FALSE,0,-4.414549826379441
0-4 km,19552,KCRQ,KCRQ,CRQ,McClellan-Palomar Airport,medium_airport,06073,2017-01-01,0.01633333333333333,12,1,FALSE,12.870818074544294,1.7924625743923728,76.375,98.72541666666666,-0.5059978673197948,0.23200110192479412,FALSE,FALSE,0,-4.05512384906882
0-4 km,19552,KCRQ,KCRQ,CRQ,McClellan-Palomar Airport,medium_airport,06073,2017-02-01,0.009875,8,1,FALSE,12.118745422363304,4.07080110020544,80.25,98.341875,-0.5790811573725979,-0.17050369838202073,FALSE,FALSE,0,-4.521288702007389
0-4 km,19552,KCRQ,KCRQ,CRQ,McClellan-Palomar Airport,medium_airport,06073,2017-03-01,0.016,10,1,FALSE,16.264996337890647,4.03789571011768,61.15,98.8245,-0.3054412623185312,0.4702428924269201,FALSE,FALSE,0,-4.074541934925921
0-4 km,19552,KCRQ,KCRQ,CRQ,McClellan-Palomar Airport,medium_airport,06073,2017-04-01,0.0083,10,1,FALSE,15.445007324218773,3.472067573476221,74.25,98.5315,-0.1732323606764199,0.4122162856584925,FALSE,FALSE,0,-4.677740878822926
0-4 km,19552,KCRQ,KCRQ,CRQ,McClellan-Palomar Airport,medium_airport,06073,2017-05-01,0.01125,12,1,FALSE,16.44165445963544,2.5081574225373067,66.04166666666667,98.18291666666667,-0.6614448399521795,-0.07573286110195757,FALSE,FALSE,0,-4.402229341991401
0-4 km,19552,KCRQ,KCRQ,CRQ,McClellan-Palomar Airport,medium_airport,06073,2017-06-01,0.0075,10,1,FALSE,18.725000000000023,3.664698606374028,71.75,98.255,-0.9113541827263152,0.15066723958078243,FALSE,FALSE,0,-4.767689115485866
0-4 km,19552,KCRQ,KCRQ,CRQ,McClellan-Palomar Airport,medium_airport,06073,2017-07-01,0.006888888888888889,9,1,FALSE,21.26942342122398,3.2968467674574624,71.33333333333333,98.49444444444444,-0.2897591332768228,0.1789417161830852,FALSE,FALSE,0,-4.8422999792770405
0-4 km,19552,KCRQ,KCRQ,CRQ,McClellan-Palomar Airport,medium_airport,06073,2017-08-01,0.0077,10,1,FALSE,22.409997558593773,4.4560927421051,65.6,98.28999999999999,-0.6176112565384134,0.44400980352707464,FALSE,FALSE,0,-4.744432253321599
0-4 km,19552,KCRQ,KCRQ,CRQ,McClellan-Palomar Airport,medium_airport,06073,2017-09-01,0.0194,10,1,FALSE,20.499993896484398,3.628007926129159,73.05,98.267,-0.7491995316919381,0.16815399059322675,FALSE,FALSE,0,-3.892220378131966
0-4 km,19552,KCRQ,KCRQ,CRQ,McClellan-Palomar Airport,medium_airport,06073,2017-10-01,0.017333333333333333,9,1,FALSE,20.2861029730903,3.070160109796877,59.083333333333336,98.54444444444444,-0.8135799293953434,0.5417188529827477,FALSE,FALSE,0,-3.9990343824177756
0-4 km,19552,KCRQ,KCRQ,CRQ,McClellan-Palomar Airport,medium_airport,06073,2017-11-01,0.015333333333333334,9,1,FALSE,17.39722086588544,3.275258685541395,71.27777777777777,98.70138888888889,-0.3016593142232258,0.4848486745759814,FALSE,FALSE,0,-4.11454726953962
0-4 km,19552,KCRQ,KCRQ,CRQ,McClellan-Palomar Airport,medium_airport,06073,2017-12-01,0.01690909090909091,11,1,FALSE,15.72726939808241,4.905206609599924,53.36363636363637,98.93113636363636,-0.8311236377980946,0.4603344095036559,FALSE,FALSE,0,-4.022446823042519
0-4 km,19552,KCRQ,KCRQ,CRQ,McClellan-Palomar Airport,medium_airport,06073,2018-01-01,0.01175,8,1,FALSE,14.693750000000023,2.1857764827192954,71.4375,98.845,-0.30824603071281964,0.8597029675896986,FALSE,FALSE,0,-4.362224007377701
0-4 km,19552,KCRQ,KCRQ,CRQ,McClellan-Palomar Airport,medium_airport,06073,2018-02-01,0.015545454545454545,11,1,FALSE,14.202261629971614,3.8805364328577348,65.63636363636364,98.67045454545455,-0.1518760726998792,0.14717826582681565,FALSE,FALSE,0,-4.101643864703712
0-4 km,19552,KCRQ,KCRQ,CRQ,McClellan-Palomar Airport,medium_airport,06073,2018-03-01,0.0129,10,1,FALSE,14.359991455078148,3.1465307649794396,72.4,98.636,-0.6930548060991987,0.12674749944720307,FALSE,FALSE,0,-4.275866438845491
0-4 km,19552,KCRQ,KCRQ,CRQ,McClellan-Palomar Airport,medium_airport,06073,2018-04-01,0.016900000000000002,10,1,FALSE,15.232485961914085,1.9852297513821249,63.975,98.6865,-0.10047432028405978,0.25665436771343825,FALSE,FALSE,0,-4.022954566135428
0-4 km,19552,KCRQ,KCRQ,CRQ,McClellan-Palomar Airport,medium_airport,06073,2018-05-01,0.0068,10,1,FALSE,14.894989013671898,1.8617684288851428,80.15,98.5085,-0.6741594538260931,0.18197614489977032,FALSE,FALSE,0,-4.853631545286591
0-4 km,19552,KCRQ,KCRQ,CRQ,McClellan-Palomar Airport,medium_airport,06073,2018-06-01,0.0158,10,1,FALSE,17.65999145507815,1.6201572168803697,73.35,98.2765,0.06805773383922221,0.32457700683984114,FALSE,FALSE,0,-4.086376392572924
0-4 km,19552,KCRQ,KCRQ,CRQ,McClellan-Palomar Airport,medium_airport,06073,2018-07-01,0.011916666666666666,12,1,FALSE,23.266661580403667,3.127598617871484,64.33333333333333,98.36541666666666,-0.42549263653709707,-0.2507343440629052,FALSE,FALSE,0,-4.349236811850891
0-4 km,19552,KCRQ,KCRQ,CRQ,McClellan-Palomar Airport,medium_airport,06073,2018-08-01,0.009222222222222222,9,1,FALSE,22.87223036024308,2.7297934638031975,68.63888888888889,98.37138888888889,-0.5290738820093744,0.6718665302782681,FALSE,FALSE,0,-4.583191279269316
0-4 km,19552,KCRQ,KCRQ,CRQ,McClellan-Palomar Airport,medium_airport,06073,2018-09-01,0.009666666666666667,12,1,FALSE,21.495828247070335,2.4952283236247195,69.20833333333333,98.13,-0.4771175281380304,-0.013888384200749004,FALSE,FALSE,0,-4.54063166485052
0-4 km,19552,KCRQ,KCRQ,CRQ,McClellan-Palomar Airport,medium_airport,06073,2018-10-01,0.009444444444444445,9,1,FALSE,18.930552842881966,3.6027497574257343,66.94444444444444,98.3536111111111,-0.6457736937725399,0.4096373579004801,FALSE,FALSE,0,-4.561685074048353
0-4 km,19552,KCRQ,KCRQ,CRQ,McClellan-Palomar Airport,medium_airport,06073,2018-11-01,0.021833333333333333,6,1,FALSE,19.08331705729169,1.9870526162169642,58.208333333333336,98.58166666666666,-0.5334927038920553,-0.0978841749201394,FALSE,FALSE,0,-3.779533822382067
0-4 km,19552,KCRQ,KCRQ,CRQ,McClellan-Palomar Airport,medium_airport,06073,2018-12-01,0.012444444444444445,9,1,FALSE,15.191654459635439,3.5901011383460015,63.111111111111114,98.71555555555555,-0.5814589335486686,0.676791850917577,FALSE,FALSE,0,-4.3091893107216155
0-4 km,19552,KCRQ,KCRQ,CRQ,McClellan-Palomar Airport,medium_airport,06073,2019-01-01,0.0122,10,1,FALSE,14.074987792968773,3.7046187113279396,70.95,98.9285,0.3047787860679282,0.1513382667437119,FALSE,FALSE,0,-4.327538449389812
0-4 km,19552,KCRQ,KCRQ,CRQ,McClellan-Palomar Airport,medium_airport,06073,2019-02-01,0.0137,10,1,FALSE,13.134997558593772,4.307164460503568,71.25,98.6015,0.15029897215937432,-0.12856421240039656,FALSE,FALSE,0,-4.219907785197447
0-4 km,19552,KCRQ,KCRQ,CRQ,McClellan-Palomar Airport,medium_airport,06073,2019-03-01,0.004333333333333333,9,1,FALSE,12.827769639756967,4.13438089073095,78.33333333333333,98.75111111111111,-0.29649211179821394,0.5794485777015229,FALSE,FALSE,0,-5.233778845410465
0-4 km,19552,KCRQ,KCRQ,CRQ,McClellan-Palomar Airport,medium_airport,06073,2019-04-01,0.007833333333333333,12,1,FALSE,15.433328247070335,2.343670258887752,76.75,98.52791666666667,-0.3615677026989635,0.3304349671338583,FALSE,FALSE,0,-4.729222834658071
0-4 km,19552,KCRQ,KCRQ,CRQ,McClellan-Palomar Airport,medium_airport,06073,2019-05-01,0.009,10,1,FALSE,15.174987792968773,2.808774073890772,79.65,98.368,-0.35973822106987247,0.1400010798985955,FALSE,FALSE,0,-4.605170185988092
0-4 km,19552,KCRQ,KCRQ,CRQ,McClellan-Palomar Airport,medium_airport,06073,2019-06-01,0.0148,10,1,FALSE,16.53499145507815,3.523216078794222,78.1,98.274,-0.07074646297331086,-0.2833990597509444,FALSE,FALSE,0,-4.147745338949216
0-4 km,19552,KCRQ,KCRQ,CRQ,McClellan-Palomar Airport,medium_airport,06073,2019-07-01,0.0071,10,1,FALSE,20.4850036621094,6.546950007226552,66.75,98.378,-0.9687838032901666,0.15672507864661306,FALSE,FALSE,0,-4.815891217303744
0-4 km,19552,KCRQ,KCRQ,CRQ,McClellan-Palomar Airport,medium_airport,06073,2019-08-01,0.0055,12,1,FALSE,21.34998474121096,3.4152113650566855,67.91666666666667,98.37583333333333,-0.6036647899040859,0.49907455597361233,FALSE,FALSE,0,-5.035953102080546
0-4 km,19552,KCRQ,KCRQ,CRQ,McClellan-Palomar Airport,medium_airport,06073,2019-09-01,0.010363636363636363,11,1,FALSE,20.965902987393488,4.700003204626648,68,98.31590909090909,-0.7833851724680021,0.31462277247289705,FALSE,FALSE,0,-4.477336814478207
0-4 km,19552,KCRQ,KCRQ,CRQ,McClellan-Palomar Airport,medium_airport,06073,2019-10-01,0.011000000000000001,10,1,FALSE,19.39998168945315,3.4594152454237075,62.5,98.333,-0.4540362781092026,0.44226718045963387,FALSE,FALSE,0,-4.422848629194137
0-4 km,19552,KCRQ,KCRQ,CRQ,McClellan-Palomar Airport,medium_airport,06073,2019-11-01,0.0188,10,1,FALSE,16.559979248046897,3.564511441937603,70.45,98.4095,-0.5215200215954499,0.23251905993000674,FALSE,FALSE,0,-3.9220733412816475
0-4 km,19552,KCRQ,KCRQ,CRQ,McClellan-Palomar Airport,medium_airport,06073,2019-12-01,0.0098,10,1,FALSE,14.089996337890648,3.5060414148602193,71.9,98.879,-0.8463195371634025,-0.21812561884549836,FALSE,FALSE,0,-4.528209144851963
0-4 km,19552,KCRQ,KCRQ,CRQ,McClellan-Palomar Airport,medium_airport,06073,2020-01-01,0.017,10,1,FALSE,13.954986572265648,2.000713204854082,75.7,98.97699999999999,-0.29870955836188484,0.6999245316167482,FALSE,FALSE,0,-4.017383521085972
0-4 km,19552,KCRQ,KCRQ,CRQ,McClellan-Palomar Airport,medium_airport,06073,2020-02-01,0.017888888888888888,9,1,FALSE,14.761105685763912,3.399753652672783,69.88888888888889,98.58833333333334,-0.6527437854853456,0.03817983187474479,FALSE,FALSE,0,-3.9691814192680948
0-4 km,19552,KCRQ,KCRQ,CRQ,McClellan-Palomar Airport,medium_airport,06073,2020-03-01,0.0189,10,1,FALSE,14.414984130859398,2.5821350927917326,74.3,98.8265,-0.5681720935285701,-0.4701023069249211,FALSE,FALSE,0,-3.9170355472516905
0-4 km,19552,KCRQ,KCRQ,CRQ,McClellan-Palomar Airport,medium_airport,06073,2020-04-01,0.0142,10,1,FALSE,15.384985351562523,2.2736269542122494,73.8,98.6495,-0.21279023938378555,0.05683290660620932,FALSE,FALSE,0,-4.186459851129906
0-4 km,19552,KCRQ,KCRQ,CRQ,McClellan-Palomar Airport,medium_airport,06073,2020-05-01,0.016333333333333335,9,1,FALSE,18.12222357855905,2.4788895713547183,71.55555555555556,98.40333333333334,-0.2942192013129561,0.36410334898904984,FALSE,FALSE,0,-4.055123849068819
0-4 km,19552,KCRQ,KCRQ,CRQ,McClellan-Palomar Airport,medium_airport,06073,2020-06-01,0.0132,10,1,FALSE,18.4149841308594,2.9837865356944455,69.95,98.2915,-0.8415521949288091,0.42966250920103605,FALSE,FALSE,0,-4.254513314374922
0-4 km,19552,KCRQ,KCRQ,CRQ,McClellan-Palomar Airport,medium_airport,06073,2020-07-01,0.0134,10,1,FALSE,20.050000000000022,1.82824559948624,68.6,98.27799999999999,-0.27157022279778237,0.6455386264057899,FALSE,FALSE,0,-4.240527072400182
0-4 km,19552,KCRQ,KCRQ,CRQ,McClellan-Palomar Airport,medium_airport,06073,2020-08-01,0.014272727272727274,11,1,FALSE,23.070447887073886,3.5309084975095697,63.84090909090909,98.1315909090909,-0.26383570507379217,0.32998836469733245,FALSE,FALSE,0,-4.181686572377249
0-4 km,19552,KCRQ,KCRQ,CRQ,McClellan-Palomar Airport,medium_airport,06073,2020-09-01,0.020399999999999998,10,1,FALSE,25.624993896484398,3.3950869239238686,54.75,98.269,-0.6018752642963298,0.6205455241986482,FALSE,FALSE,0,-3.844364356954331
0-4 km,19552,KCRQ,KCRQ,CRQ,McClellan-Palomar Airport,medium_airport,06073,2020-10-01,0.0169,10,1,FALSE,20.824987792968773,1.785710764749596,70.8,98.498,-0.25282132488954173,0.5441485309554943,FALSE,FALSE,0,-4.022954566135428
0-4 km,19552,KCRQ,KCRQ,CRQ,McClellan-Palomar Airport,medium_airport,06073,2020-11-01,0.026555555555555554,9,1,FALSE,17.872210015190994,2.3426247497446417,59.138888888888886,98.61194444444445,-0.23491234525063617,0.28254137053281914,FALSE,FALSE,0,-3.5915511101533744
0-4 km,19552,KCRQ,KCRQ,CRQ,McClellan-Palomar Airport,medium_airport,06073,2020-12-01,0.0176,10,1,FALSE,13.719982910156272,4.132141748066411,72.25,98.8135,-0.9663643192371739,0.10781344802453698,FALSE,FALSE,0,-3.9845936982629815
0-4 km,19552,KCRQ,KCRQ,CRQ,McClellan-Palomar Airport,medium_airport,06073,2021-01-01,0.0243,10,1,FALSE,14.764996337890647,2.3218773068736898,68.7,98.797,-0.32612040163549194,-0.08613850632070098,FALSE,FALSE,0,-3.6769508832486624
0-4 km,19552,KCRQ,KCRQ,CRQ,McClellan-Palomar Airport,medium_airport,06073,2021-02-01,0.02,9,1,FALSE,13.366652425130232,2.1920146450434927,75.25,98.60638888888889,0.24445667435936555,0.34497994108972485,FALSE,FALSE,0,-3.863232841258714
0-4 km,19552,KCRQ,KCRQ,CRQ,McClellan-Palomar Airport,medium_airport,06073,2021-03-01,0.0117,10,1,FALSE,13.424987792968773,3.0260979532975263,70,98.7325,0.1750252202736391,0.2827012349725345,FALSE,FALSE,0,-4.3661532855175915
0-4 km,19552,KCRQ,KCRQ,CRQ,McClellan-Palomar Airport,medium_airport,06073,2021-04-01,0.0088,10,1,FALSE,14.714978027343772,4.63234038715592,74,98.4705,0.010797060150919791,0.5334144309821512,FALSE,FALSE,0,-4.62537289330561
0-4 km,19552,KCRQ,KCRQ,CRQ,McClellan-Palomar Airport,medium_airport,06073,2021-05-01,0.014555555555555556,9,1,FALSE,14.761098904079883,1.550705416167611,77.72222222222223,98.40888888888888,-0.21748376477800682,-0.34711581456432344,FALSE,FALSE,0,-4.163337433709052
0-4 km,19552,KCRQ,KCRQ,CRQ,McClellan-Palomar Airport,medium_airport,06073,2021-06-01,0.012636363636363637,11,1,FALSE,20.913631924715933,4.803597111395995,62,98.11431818181818,-0.7699234779886113,0.03469755435306111,FALSE,FALSE,0,-4.295015257684252
0-4 km,19552,KCRQ,KCRQ,CRQ,McClellan-Palomar Airport,medium_airport,06073,2021-07-01,0.0101,10,1,FALSE,21.759991455078147,3.542620655224085,67.4,98.333,-0.15664365788562012,0.2443421382017095,FALSE,FALSE,0,-4.500810170663849
0-4 km,19552,KCRQ,KCRQ,CRQ,McClellan-Palomar Airport,medium_airport,06073,2021-08-01,0.0126,10,1,FALSE,21.159997558593773,2.641101405635748,69.9,98.407,-0.4882797952519291,0.3978793917190433,FALSE,FALSE,0,-4.29768548624013
0-4 km,19552,KCRQ,KCRQ,CRQ,McClellan-Palomar Airport,medium_airport,06073,2021-09-01,0.013777777777777778,9,1,FALSE,20.080556911892383,3.0502415606542934,70.72222222222223,98.325,-0.588157982935355,-0.22846664636221756,FALSE,FALSE,0,-4.214630728096602
0-4 km,19552,KCRQ,KCRQ,CRQ,McClellan-Palomar Airport,medium_airport,06073,2021-10-01,0.016916666666666667,12,1,FALSE,17.733326212565128,3.1739175508935067,71.41666666666667,98.4025,-0.805587941560631,0.32565413870433646,FALSE,FALSE,0,-4.022023900642474
0-4 km,19552,KCRQ,KCRQ,CRQ,McClellan-Palomar Airport,medium_airport,06073,2021-11-01,0.0123,10,1,FALSE,18.124993896484398,4.574745172877637,70.3,98.6325,-0.9308079355140114,0.13619917419431135,FALSE,FALSE,0,-4.319991243754429
0-4 km,19552,KCRQ,KCRQ,CRQ,McClellan-Palomar Airport,medium_airport,06073,2021-12-01,0.01018181818181818,11,1,FALSE,14.463622492009966,5.16834614916838,81.25,98.47386363636363,-0.45811943237271313,-0.5288612472393797,FALSE,FALSE,0,-4.49346619640809
0-4 km,19552,KCRQ,KCRQ,CRQ,McClellan-Palomar Airport,medium_airport,06073,2022-01-01,0.012,11,1,FALSE,15.347713955965931,2.9939629787956483,66.11363636363636,98.9,-0.2484739888001536,0.3537030770971685,TRUE,FALSE,0,-4.3428059215206005
0-4 km,19552,KCRQ,KCRQ,CRQ,McClellan-Palomar Airport,medium_airport,06073,2022-02-01,0.013555555555555555,9,1,FALSE,14.724986436631967,2.1967785038136434,57.5,98.84805555555555,0.012568957925274057,0.5628717432127117,TRUE,FALSE,0,-4.229782533117205
0-4 km,19552,KCRQ,KCRQ,CRQ,McClellan-Palomar Airport,medium_airport,06073,2022-03-01,0.0143,10,1,FALSE,15.294989013671898,2.675666541583168,63.65,98.8575,-0.7704988800400074,0.4947487760246003,TRUE,FALSE,0,-4.179902450583747
0-4 km,19552,KCRQ,KCRQ,CRQ,McClellan-Palomar Airport,medium_airport,06073,2022-04-01,0.0134,10,1,FALSE,14.579998779296897,1.844316632944711,77.2,98.498,-0.34236468440303797,0.14179851897803966,TRUE,FALSE,0,-4.240527072400182
0-4 km,19552,KCRQ,KCRQ,CRQ,McClellan-Palomar Airport,medium_airport,06073,2022-05-01,0.014555555555555556,9,1,FALSE,15.699995930989607,2.078553755268654,74.52777777777777,98.3625,-0.4785785298294408,-0.08242240527696273,TRUE,FALSE,0,-4.163337433709052
0-4 km,19552,KCRQ,KCRQ,CRQ,McClellan-Palomar Airport,medium_airport,06073,2022-06-01,0.008818181818181819,11,1,FALSE,20.277259965376444,1.8328180741922324,67.31818181818181,98.22772727272728,-0.5812894623543042,0.12512745615711818,TRUE,FALSE,0,-4.623519324656288
0-4 km,19552,KCRQ,KCRQ,CRQ,McClellan-Palomar Airport,medium_airport,06073,2022-07-01,0.0107,10,1,FALSE,20.204980468750023,4.694587918798317,69.7,98.3705,-0.638991795586071,0.07301695216552899,TRUE,FALSE,0,-4.448166437178426
0-4 km,19552,KCRQ,KCRQ,CRQ,McClellan-Palomar Airport,medium_airport,06073,2022-08-01,0.0141,10,1,FALSE,22.152490234375023,2.9668772316013676,68.1,98.2615,-0.5886390131917224,0.12440254101519087,TRUE,FALSE,0,-4.193060535161258
0-4 km,19552,KCRQ,KCRQ,CRQ,McClellan-Palomar Airport,medium_airport,06073,2022-09-01,0.011300000000000001,10,1,FALSE,23.54998779296877,4.671277414443413,67.45,98.1245,-0.6959839690955585,0.2255295657139676,TRUE,FALSE,0,-4.398156016603765
0-4 km,19552,KCRQ,KCRQ,CRQ,McClellan-Palomar Airport,medium_airport,06073,2022-10-01,0.015,10,1,FALSE,20.219995117187523,3.520953852938853,70.3,98.4165,-0.9628923173162298,0.12189469142227294,TRUE,FALSE,0,-4.135166556742356
0-4 km,19552,KCRQ,KCRQ,CRQ,McClellan-Palomar Airport,medium_airport,06073,2022-11-01,0.016,9,1,FALSE,16.15555555555558,4.201030723070255,69.08333333333333,98.58888888888889,-0.8721969531552785,0.2512507784793632,TRUE,FALSE,0,-4.074541934925921
0-4 km,19552,KCRQ,KCRQ,CRQ,McClellan-Palomar Airport,medium_airport,06073,2022-12-01,0.010416666666666666,12,1,FALSE,13.458327229817732,3.7979840065042807,74.875,98.77833333333334,-0.5968885529937206,0.08046491440991786,TRUE,FALSE,0,-4.4726810029420125
0-4 km,19552,KCRQ,KCRQ,CRQ,McClellan-Palomar Airport,medium_airport,06073,2023-01-01,0.0065,8,1,FALSE,12.712480163574241,4.646972530871543,76.5625,98.8,-0.007442118572370121,0.1324149373700348,TRUE,FALSE,0,-4.892852258439873
0-4 km,19552,KCRQ,KCRQ,CRQ,McClellan-Palomar Airport,medium_airport,06073,2023-02-01,0.011571428571428571,7,1,FALSE,13.092845807756719,2.370579292344131,58.25,98.64642857142857,0.23032606995902358,0.3363513616033341,TRUE,FALSE,0,-4.376328613559244
0-4 km,19552,KCRQ,KCRQ,CRQ,McClellan-Palomar Airport,medium_airport,06073,2023-03-01,0.015416666666666667,12,1,FALSE,12.78748474121096,4.373185416738848,73.5,98.74583333333334,-0.20572615914948203,0.3277436142101556,TRUE,FALSE,0,-4.109458200032149
0-4 km,19552,KCRQ,KCRQ,CRQ,McClellan-Palomar Airport,medium_airport,06073,2023-04-01,0.0134,10,1,FALSE,15.100006103515648,2.2184446829268563,72.15,98.342,0.15480109033331546,0.08939289236783327,TRUE,FALSE,0,-4.240527072400182
0-4 km,19552,KCRQ,KCRQ,CRQ,McClellan-Palomar Airport,medium_airport,06073,2023-05-01,0.00925,8,1,FALSE,15.115613555908226,2.466344663128331,76.96875,98.4765625,-0.30293927343106075,0.2389493699691516,TRUE,FALSE,0,-4.58047757339772
0-4 km,19552,KCRQ,KCRQ,CRQ,McClellan-Palomar Airport,medium_airport,06073,2023-06-01,0.01125,12,1,FALSE,16.020837402343773,4.028449170155707,80.41666666666667,98.33,-0.35486412780536225,0.10127891464432702,TRUE,FALSE,0,-4.402229341991401
0-4 km,19552,KCRQ,KCRQ,CRQ,McClellan-Palomar Airport,medium_airport,06073,2023-07-01,0.0108,10,1,FALSE,21.2999938964844,3.503948591287551,67.55,98.311,-0.20563974255173606,-0.17929486141011028,TRUE,FALSE,0,-4.439655747510518
0-4 km,19552,KCRQ,KCRQ,CRQ,McClellan-Palomar Airport,medium_airport,06073,2023-08-01,0.010777777777777778,9,1,FALSE,22.30276557074655,5.804788820772491,70.77777777777777,98.32111111111111,-0.7105956792835222,0.2132254087012174,TRUE,FALSE,0,-4.441540762206289
0-4 km,19552,KCRQ,KCRQ,CRQ,McClellan-Palomar Airport,medium_airport,06073,2023-09-01,0.018545454545454546,11,1,FALSE,21.268182373046898,2.965876855017699,72,98.35727272727273,-0.9230642690349684,0.19030774909698264,TRUE,FALSE,0,-3.9350125236528446
0-4 km,19552,KCRQ,KCRQ,CRQ,McClellan-Palomar Airport,medium_airport,06073,2023-10-01,0.01588888888888889,9,1,FALSE,20.29999186197919,3.0703842479230956,72.33333333333333,98.33777777777777,-0.7282044878777834,0.638238500617603,TRUE,FALSE,0,-4.08109933547208
0-4 km,19552,KCRQ,KCRQ,CRQ,McClellan-Palomar Airport,medium_airport,06073,2023-11-01,0.007833333333333333,12,1,FALSE,17.504149373372417,3.902894338373865,66.75,98.60958333333333,-0.711148491126212,0.3861493789473423,TRUE,FALSE,0,-4.729222834658071
0-4 km,19552,KCRQ,KCRQ,CRQ,McClellan-Palomar Airport,medium_airport,06073,2023-12-01,0.0141,10,1,FALSE,14.909985351562522,3.795986895824673,78.8,98.719,-0.7288955287866168,0.3265596723088075,TRUE,FALSE,0,-4.193060535161258
0-4 km,19552,KCRQ,KCRQ,CRQ,McClellan-Palomar Airport,medium_airport,06073,2024-01-01,0.014,11,1,FALSE,14.134077037464511,3.9074188962327585,76.5909090909091,98.71136363636364,-0.5203022520289772,0.2103750146787375,TRUE,FALSE,0,-4.199705077879927
0-4 km,19552,KCRQ,KCRQ,CRQ,McClellan-Palomar Airport,medium_airport,06073,2024-02-01,0.009666666666666667,6,1,FALSE,14.524987792968773,7.2631855981875875,75.79166666666667,98.64125,-0.9375740485154409,0.08381073216560421,TRUE,FALSE,0,-4.54063166485052
0-4 km,19552,KCRQ,KCRQ,CRQ,McClellan-Palomar Airport,medium_airport,06073,2024-03-01,0.015083333333333334,12,1,FALSE,13.362491861979189,3.160107340110369,83.375,98.37916666666666,-0.5159818406593036,-0.11651402524153831,TRUE,FALSE,0,-4.129971739865252
0-4 km,19552,KCRQ,KCRQ,CRQ,McClellan-Palomar Airport,medium_airport,06073,2024-04-01,0.0141,10,1,FALSE,14.419995117187522,2.2027326085245145,75.6,98.4475,-0.5150343696255849,-0.1063424285856232,TRUE,FALSE,0,-4.193060535161258
0-4 km,19552,KCRQ,KCRQ,CRQ,McClellan-Palomar Airport,medium_airport,06073,2024-05-01,0.011222222222222222,9,1,FALSE,14.736101616753494,4.9423556190848235,80.66666666666667,98.38388888888889,-0.12669364208615297,0.051436233833193686,TRUE,FALSE,0,-4.40449949052594
0-4 km,19552,KCRQ,KCRQ,CRQ,McClellan-Palomar Airport,medium_airport,06073,2024-06-01,0.0097,10,1,FALSE,18.6649841308594,4.004979718747659,73.1,98.0445,-0.876181613043673,-0.002225140459487762,TRUE,FALSE,0,-4.537511537514276
0-4 km,19552,KCRQ,KCRQ,CRQ,McClellan-Palomar Airport,medium_airport,06073,2024-07-01,0.0134,10,1,FALSE,20.744989013671898,2.3063464046784516,68.9,98.2535,-0.3266551520596397,0.5253304259708471,TRUE,FALSE,0,-4.240527072400182
0-4 km,19552,KCRQ,KCRQ,CRQ,McClellan-Palomar Airport,medium_airport,06073,2024-08-01,0.014,10,1,FALSE,21.882489013671897,2.5731911149893363,69.3,98.302,-0.9382046553445114,0.08610740317805349,TRUE,FALSE,0,-4.199705077879927
0-4 km,19552,KCRQ,KCRQ,CRQ,McClellan-Palomar Airport,medium_airport,06073,2024-09-01,0.0058,10,1,FALSE,20.94000244140627,3.4123866294313276,72.65,98.123,-0.8479140865534944,0.27552214637747247,TRUE,FALSE,0,-4.990832666800076
0-4 km,19552,KCRQ,KCRQ,CRQ,McClellan-Palomar Airport,medium_airport,06073,2024-10-01,0.012,10,1,FALSE,20.05999755859377,4.1878451476231975,71.35,98.404,-0.775265308837742,0.09879470159216551,TRUE,FALSE,0,-4.3428059215206005
0-4 km,19552,KCRQ,KCRQ,CRQ,McClellan-Palomar Airport,medium_airport,06073,2024-11-01,0.017,9,1,FALSE,16.061103651258705,3.1174521589123896,67.41666666666667,98.75916666666667,-0.7378684956463382,0.4624544932471769,TRUE,FALSE,0,-4.017383521085972
0-4 km,19552,KCRQ,KCRQ,CRQ,McClellan-Palomar Airport,medium_airport,06073,2024-12-01,0.019,10,1,FALSE,15.334991455078148,5.045107380884012,73.4,98.9005,-0.5903328429446858,0.20225883733117714,TRUE,FALSE,0,-3.912023005428146
0-4 km,19552,KCRQ,KCRQ,CRQ,McClellan-Palomar Airport,medium_airport,06073,2025-01-01,0.012214285714285714,14,1,FALSE,13.89999651227681,2.115326647841357,68.5,98.85535714285714,-0.17006112023211742,0.3739228651115617,TRUE,FALSE,0,-4.326456783519071
0-4 km,19552,KCRQ,KCRQ,CRQ,McClellan-Palomar Airport,medium_airport,06073,2025-02-01,0.011285714285714286,7,1,FALSE,13.899979073660736,2.0384513408901754,83.39285714285714,98.62214285714286,-0.31143055493812005,-0.32719899704917427,TRUE,FALSE,0,-4.399318131783943
0-4 km,19552,KCRQ,KCRQ,CRQ,McClellan-Palomar Airport,medium_airport,06073,2025-03-01,0.0121,10,1,FALSE,13.104992675781272,1.8637143724565786,77.9,98.835,-0.7649434948168548,0.1596978000504486,TRUE,FALSE,0,-4.3351430487750315
0-4 km,20928,KRHV,KRHV,RHV,Reid-Hillview Airport of Santa Clara County,small_airport,06085,2012-02-01,0.0704,5,1,TRUE,9.994000244140647,3.564531729162289,78.9,100.116,0.14791505465900345,0.856543544251679,FALSE,TRUE,0,-2.639457409636598
0-4 km,20928,KRHV,KRHV,RHV,Reid-Hillview Airport of Santa Clara County,small_airport,06085,2012-03-01,0.055400000000000005,5,1,TRUE,11.544000244140648,4.206197555755581,88.4,100.078,-0.029229280264860623,0.11212786979206144,FALSE,TRUE,0,-2.875286120478124
0-4 km,20928,KRHV,KRHV,RHV,Reid-Hillview Airport of Santa Clara County,small_airport,06085,2012-04-01,0.0992,5,1,TRUE,12.707995605468772,3.572777848275386,78.45,100.128,-0.33418190195588093,0.3688621321091573,FALSE,TRUE,0,-2.3005870903313728
0-4 km,20928,KRHV,KRHV,RHV,Reid-Hillview Airport of Santa Clara County,small_airport,06085,2012-05-01,0.0766,5,1,TRUE,14.007995605468773,3.0313444806586483,76.45,99.932,0.4813029945589224,0.26838733472934656,FALSE,TRUE,0,-2.556187851792964
0-4 km,20928,KRHV,KRHV,RHV,Reid-Hillview Airport of Santa Clara County,small_airport,06085,2012-06-01,0.10225,4,1,TRUE,16.570001220703148,3.735353491015684,71.5625,99.48,-0.21380032628978826,0.7626545741811441,FALSE,TRUE,0,-2.270602047140995
0-4 km,20928,KRHV,KRHV,RHV,Reid-Hillview Airport of Santa Clara County,small_airport,06085,2012-07-01,0.050333333333333334,6,1,TRUE,17.456664021809917,3.567624522209109,73,99.7,-0.6868305113801976,0.5005237576813784,FALSE,TRUE,0,-2.9694149652366177
0-4 km,20928,KRHV,KRHV,RHV,Reid-Hillview Airport of Santa Clara County,small_airport,06085,2012-08-01,0.072,6,1,TRUE,18.923338826497417,3.900148909950362,64.91666666666667,99.65666666666667,-0.4756860347211461,0.5083243210365026,FALSE,TRUE,0,-2.617295837833746
0-4 km,20928,KRHV,KRHV,RHV,Reid-Hillview Airport of Santa Clara County,small_airport,06085,2012-09-01,0.07339999999999999,5,1,TRUE,17.545996093750023,2.716941364765933,65.45,99.848,-0.49031721917217425,0.2547224024621361,FALSE,TRUE,0,-2.598299337143091
0-4 km,20928,KRHV,KRHV,RHV,Reid-Hillview Airport of Santa Clara County,small_airport,06085,2012-10-01,0.0592,5,1,TRUE,15.664013671875022,1.6761929536706763,74.2,99.914,0.005610380025441936,0.08403458042636287,FALSE,TRUE,0,-2.8100829266673615
0-4 km,20928,KRHV,KRHV,RHV,Reid-Hillview Airport of Santa Clara County,small_airport,06085,2012-11-01,0.0762,5,1,TRUE,13.657995605468773,5.84266083774095,79.95,100.164,-0.1676478118755152,-0.03504473415153189,FALSE,TRUE,0,-2.5613558219514063
0-4 km,20928,KRHV,KRHV,RHV,Reid-Hillview Airport of Santa Clara County,small_airport,06085,2012-12-01,0.0412,5,1,TRUE,11.942004394531272,4.715190411539514,86.35,100.06,0.11056972659017032,-0.4747724468391641,FALSE,TRUE,0,-3.165335057940171
0-4 km,20928,KRHV,KRHV,RHV,Reid-Hillview Airport of Santa Clara County,small_airport,06085,2013-01-01,0.10200000000000001,5,1,TRUE,9.072003173828147,4.028686060468244,71.95,100.5,0.3585637703485518,0.7866450967306062,FALSE,TRUE,0,-2.2730262907525014
0-4 km,20928,KRHV,KRHV,RHV,Reid-Hillview Airport of Santa Clara County,small_airport,06085,2013-02-01,0.104,5,1,TRUE,10.174005126953148,4.0556493726147425,76.2,100.364,-0.3034090021326392,0.849569335985338,FALSE,TRUE,0,-2.2537949288246137
0-4 km,20928,KRHV,KRHV,RHV,Reid-Hillview Airport of Santa Clara County,small_airport,06085,2013-03-01,0.0666,5,1,TRUE,11.548010253906273,4.5083993876609325,79.05,100.25,0.7359747620838819,0.47950829918745563,FALSE,TRUE,0,-2.6941472959332184
0-4 km,20928,KRHV,KRHV,RHV,Reid-Hillview Airport of Santa Clara County,small_airport,06085,2013-04-01,0.0506,5,1,TRUE,14.118011474609398,5.392339431953792,69.9,100.012,-0.2837128901432427,0.4607016635568084,FALSE,TRUE,0,-2.96423360649462
0-4 km,20928,KRHV,KRHV,RHV,Reid-Hillview Airport of Santa Clara County,small_airport,06085,2013-05-01,0.08159999999999999,5,1,TRUE,14.773992919921898,3.5914904221696298,72.65,99.876,-0.1669140686904581,0.4976747798552623,FALSE,TRUE,0,-2.4937455984552046
0-4 km,20928,KRHV,KRHV,RHV,Reid-Hillview Airport of Santa Clara County,small_airport,06085,2013-06-01,0.0658,5,1,TRUE,17.681994628906274,2.7078544204578745,68.3,99.54,-0.2887445625589536,0.22012300775823163,FALSE,TRUE,0,-2.706052198439537
0-4 km,20928,KRHV,KRHV,RHV,Reid-Hillview Airport of Santa Clara County,small_airport,06085,2013-07-01,0.044000000000000004,5,1,TRUE,18.965997314453148,3.9024715637082124,68.9,99.654,-0.5946747266401669,0.022447209406615154,FALSE,TRUE,0,-3.101092789211817
0-4 km,20928,KRHV,KRHV,RHV,Reid-Hillview Airport of Santa Clara County,small_airport,06085,2013-08-01,0.054,5,1,TRUE,18.700006103515648,3.494372396874443,69.7,99.77,-0.84509884898693,0.29411001934789743,FALSE,TRUE,0,-2.900422093749666
0-4 km,20928,KRHV,KRHV,RHV,Reid-Hillview Airport of Santa Clara County,small_airport,06085,2013-09-01,0.0694,5,1,TRUE,19.426000976562523,4.289611406853478,62.2,99.528,-0.2866767582634987,0.8131154813045015,FALSE,TRUE,0,-2.65356201581814
0-4 km,20928,KRHV,KRHV,RHV,Reid-Hillview Airport of Santa Clara County,small_airport,06085,2013-10-01,0.085,6,1,TRUE,15.676660156250023,4.100780147291483,66,99.99,-0.7624047064367176,0.5800036998544402,FALSE,TRUE,0,-2.453407982728629
0-4 km,20928,KRHV,KRHV,RHV,Reid-Hillview Airport of Santa Clara County,small_airport,06085,2013-11-01,0.1108,5,1,TRUE,13.328009033203148,3.257437610518742,65,100.364,-0.5519210760045994,0.13553395671601645,FALSE,TRUE,0,-2.191043718261138
0-4 km,20928,KRHV,KRHV,RHV,Reid-Hillview Airport of Santa Clara County,small_airport,06085,2013-12-01,0.1084,5,1,TRUE,10.852008056640647,1.6900114682062246,66.1,100.372,0.0015798189538848817,0.8119735683740197,FALSE,TRUE,0,-2.212744388994256
0-4 km,20928,KRHV,KRHV,RHV,Reid-Hillview Airport of Santa Clara County,small_airport,06085,2014-01-01,0.0684,5,1,TRUE,13.439996337890648,3.173116037558074,70.5,100.178,0.17598174802857114,0.6315973975895857,FALSE,TRUE,0,-2.667868411469378
0-4 km,20928,KRHV,KRHV,RHV,Reid-Hillview Airport of Santa Clara County,small_airport,06085,2014-02-01,0.066,5,1,TRUE,11.967999267578147,4.063624811394721,84.75,99.762,-0.270371050310898,0.03365809217293788,FALSE,TRUE,0,-2.703062659591171
0-4 km,20928,KRHV,KRHV,RHV,Reid-Hillview Airport of Santa Clara County,small_airport,06085,2014-03-01,0.0832,5,1,TRUE,13.678009033203148,4.8195241528712955,74.6,100.04,0.28294961392678214,0.39958047483889325,FALSE,TRUE,0,-2.474560357733856
0-4 km,20928,KRHV,KRHV,RHV,Reid-Hillview Airport of Santa Clara County,small_airport,06085,2014-04-01,0.0854,5,1,TRUE,14.211999511718773,4.462389302981952,75,99.962,-0.24370328104893693,0.7846291675420318,FALSE,TRUE,0,-2.448767603172127
0-4 km,20928,KRHV,KRHV,RHV,Reid-Hillview Airport of Santa Clara County,small_airport,06085,2014-05-01,0.0748,5,1,TRUE,16.355993652343773,5.530003031809309,66.55,99.932,-0.43340497814895745,0.6804270984658563,FALSE,TRUE,0,-2.579656986333811
0-4 km,20928,KRHV,KRHV,RHV,Reid-Hillview Airport of Santa Clara County,small_airport,06085,2014-06-01,0.0612,5,1,TRUE,17.6880065917969,2.492212178709457,69.6,99.462,-0.39781938068285155,0.6490926888747854,FALSE,TRUE,0,-2.7774002792370034
0-4 km,20928,KRHV,KRHV,RHV,Reid-Hillview Airport of Santa Clara County,small_airport,06085,2014-07-01,0.056,5,1,TRUE,19.15399169921877,2.975175059528582,74.05,99.842,-0.4720628093148378,-0.34375062498746933,FALSE,TRUE,0,-2.864704011147587
0-4 km,20928,KRHV,KRHV,RHV,Reid-Hillview Airport of Santa Clara County,small_airport,06085,2014-08-01,0.061399999999999996,5,1,TRUE,19.64600219726565,4.644276010031023,68.25,99.718,0.5612632122337515,0.2297981796684858,FALSE,TRUE,0,-2.7741900036067553
0-4 km,20928,KRHV,KRHV,RHV,Reid-Hillview Airport of Santa Clara County,small_airport,06085,2014-09-01,0.07339999999999999,5,1,TRUE,19.054003906250024,2.386216570225327,69.85,99.468,-0.6124581890469096,0.45454836777424074,FALSE,TRUE,0,-2.598299337143091
0-4 km,20928,KRHV,KRHV,RHV,Reid-Hillview Airport of Santa Clara County,small_airport,06085,2014-10-01,0.0784,5,1,TRUE,18.720001220703146,4.182399367669952,65.9,99.732,-0.1067596039734922,0.31335199557540255,FALSE,TRUE,0,-2.533256910729047
0-4 km,20928,KRHV,KRHV,RHV,Reid-Hillview Airport of Santa Clara County,small_airport,06085,2014-11-01,0.0674,5,1,TRUE,15.479992675781272,4.3101572765430465,72.85,100.1275,-0.5038680953466246,0.06478246999426823,FALSE,TRUE,0,-2.682382454353632
0-4 km,20928,KRHV,KRHV,RHV,Reid-Hillview Airport of Santa Clara County,small_airport,06085,2014-12-01,0.065,6,1,TRUE,12.462487792968773,5.276128252589756,80.54166666666667,100.24416666666667,-0.4674911206229242,0.26271601224529384,FALSE,TRUE,0,-2.7181005369557116
0-4 km,20928,KRHV,KRHV,RHV,Reid-Hillview Airport of Santa Clara County,small_airport,06085,2015-01-01,0.1258,5,1,TRUE,13.064996337890648,4.146631915128078,83.9,100.441,0.6267649909500653,0.7479686619312556,FALSE,TRUE,0,-2.0651442369790116
0-4 km,20928,KRHV,KRHV,RHV,Reid-Hillview Airport of Santa Clara County,small_airport,06085,2015-02-01,0.07125000000000001,4,1,TRUE,13.112489318847679,4.826621960397944,79.0625,99.94,-0.017474616287995452,0.29761225649743606,FALSE,TRUE,0,-2.6276229519895953
0-4 km,20928,KRHV,KRHV,RHV,Reid-Hillview Airport of Santa Clara County,small_airport,06085,2015-03-01,0.1045,6,1,TRUE,13.854150390625023,4.323420828488954,83.25,100.16333333333333,0.2923880372580208,0.8290153476684224,FALSE,TRUE,0,-2.249044326066016
0-4 km,20928,KRHV,KRHV,RHV,Reid-Hillview Airport of Santa Clara County,small_airport,06085,2015-04-01,0.0802,5,1,TRUE,14.070001220703148,3.656949471698431,76.6,99.7375,0.23476443248181653,0.48990982663447813,FALSE,TRUE,0,-2.5108400318145048
0-4 km,20928,KRHV,KRHV,RHV,Reid-Hillview Airport of Santa Clara County,small_airport,06085,2015-05-01,0.08375,4,1,TRUE,14.849977111816429,3.8359157515407873,76.875,99.828125,0.6721399750680243,0.5473946916353832,FALSE,TRUE,0,-2.4680495327215772
0-4 km,20928,KRHV,KRHV,RHV,Reid-Hillview Airport of Santa Clara County,small_airport,06085,2015-06-01,0.07200000000000001,5,1,TRUE,18.024993896484396,3.793502151842434,70.35,99.642,0.6330206890268547,0.6290011925018776,FALSE,TRUE,0,-2.617295837833746
0-4 km,20928,KRHV,KRHV,RHV,Reid-Hillview Airport of Santa Clara County,small_airport,06085,2015-07-01,0.0714,5,1,TRUE,19.234997558593772,1.6124843489969256,72.65,99.5875,0.17003757391264057,-0.2939973043731075,FALSE,TRUE,0,-2.6255489795904663
0-4 km,20928,KRHV,KRHV,RHV,Reid-Hillview Airport of Santa Clara County,small_airport,06085,2015-08-01,0.0655,4,1,TRUE,20.96875152587893,3.2905126335233152,67.125,99.683125,-0.013389812802364981,0.49336288177862136,FALSE,TRUE,0,-2.7105533313203285
0-4 km,20928,KRHV,KRHV,RHV,Reid-Hillview Airport of Santa Clara County,small_airport,06085,2015-09-01,0.0542,5,1,TRUE,20.444995117187524,1.8558317795702,65.1,99.3745,0.21405495815130843,0.581785251692285,FALSE,TRUE,0,-2.8967923256990873
0-4 km,20928,KRHV,KRHV,RHV,Reid-Hillview Airport of Santa Clara County,small_airport,06085,2015-10-01,0.052,4,1,TRUE,18.98749694824221,2.7316046512738197,69.875,99.690625,0.1404086239957214,0.8153307501427294,FALSE,TRUE,0,-2.9374633654300153
0-4 km,20928,KRHV,KRHV,RHV,Reid-Hillview Airport of Santa Clara County,small_airport,06085,2015-11-01,0.0732,5,1,TRUE,13.439990234375022,3.525892905909558,79.25,99.9085,-0.7379030545123072,0.556015369504323,FALSE,TRUE,0,-2.6009911288088023
0-4 km,20928,KRHV,KRHV,RHV,Reid-Hillview Airport of Santa Clara County,small_airport,06085,2015-12-01,0.0868,5,1,TRUE,10.704986572265648,4.930892320445646,75,100.508,-0.856587334235939,0.4418346041745536,FALSE,TRUE,0,-2.4326937783410663
0-4 km,20928,KRHV,KRHV,RHV,Reid-Hillview Airport of Santa Clara County,small_airport,06085,2016-01-01,0.06133333333333334,6,1,TRUE,11.03748474121096,4.056599805359667,84.25,99.99208333333334,0.21608408346347815,4.947541019977968e-4,FALSE,TRUE,0,-2.77525895079566
0-4 km,20928,KRHV,KRHV,RHV,Reid-Hillview Airport of Santa Clara County,small_airport,06085,2016-02-01,0.09375,4,1,TRUE,12.649987792968773,3.8578000107046493,82.6875,100.18125,0.38801745752378103,0.34369242477879713,FALSE,TRUE,0,-2.3565134350196013
0-4 km,20928,KRHV,KRHV,RHV,Reid-Hillview Airport of Santa Clara County,small_airport,06085,2016-03-01,0.06420000000000001,5,1,TRUE,13.279986572265647,3.6799726872935827,83,99.9625,0.31376920501495387,0.382632236437873,FALSE,TRUE,0,-2.7302958100495296
0-4 km,20928,KRHV,KRHV,RHV,Reid-Hillview Airport of Santa Clara County,small_airport,06085,2016-04-01,0.086,5,1,TRUE,15.159997558593773,3.4229555605171846,72.95,100.0925,-0.3227152784499968,0.7606405265403937,FALSE,TRUE,0,-2.4418471603275536
0-4 km,20928,KRHV,KRHV,RHV,Reid-Hillview Airport of Santa Clara County,small_airport,06085,2016-05-01,0.048799999999999996,5,1,TRUE,15.814990234375022,2.5818721754986433,77.95,99.7175,0.4018016945959273,0.44918619486436306,FALSE,TRUE,0,-2.99974029495153
0-4 km,20928,KRHV,KRHV,RHV,Reid-Hillview Airport of Santa Clara County,small_airport,06085,2016-06-01,0.0586,5,1,TRUE,17.944989013671897,3.7595001424996055,68.9,99.8,-0.17331599087366859,0.2510458432529191,FALSE,TRUE,0,-2.820099704910833
0-4 km,20928,KRHV,KRHV,RHV,Reid-Hillview Airport of Santa Clara County,small_airport,06085,2016-07-01,0.0466,5,1,TRUE,18.724987792968772,2.3923347296202877,65.25,99.7085,0.10507748844492928,0.5023754922607397,FALSE,TRUE,0,-3.0449225177447627
0-4 km,20928,KRHV,KRHV,RHV,Reid-Hillview Airport of Santa Clara County,small_airport,06085,2016-08-01,0.0426,5,1,TRUE,17.624987792968774,1.8691588807814767,71.35,99.681,-0.15238771711930502,0.3376649807154003,FALSE,TRUE,0,-3.1326981286271485
0-4 km,20928,KRHV,KRHV,RHV,Reid-Hillview Airport of Santa Clara County,small_airport,06085,2016-09-01,0.07100000000000001,5,1,TRUE,18.960003662109397,2.7857500760014267,63.6,99.722,-0.11101143769700836,0.5688510205071298,FALSE,TRUE,0,-2.6310891599660815
0-4 km,20928,KRHV,KRHV,RHV,Reid-Hillview Airport of Santa Clara County,small_airport,06085,2016-10-01,0.045,5,1,TRUE,16.7999938964844,4.132160931612106,73.25,99.7825,0.008939139039773294,-0.23499989324765647,FALSE,TRUE,0,-3.079113882493042
0-4 km,20928,KRHV,KRHV,RHV,Reid-Hillview Airport of Santa Clara County,small_airport,06085,2016-11-01,0.0448,5,1,TRUE,14.524987792968773,4.11122499082735,81.95,100.0125,-0.17658728670205684,0.09652618952692439,FALSE,TRUE,0,-3.083471187861998
0-4 km,20928,KRHV,KRHV,RHV,Reid-Hillview Airport of Santa Clara County,small_airport,06085,2016-12-01,0.058249999999999996,4,1,TRUE,9.456239318847679,5.872925740578509,78.25,100.425,-0.7276266532825879,0.2719407446074134,FALSE,TRUE,0,-2.8259894989668966
0-4 km,20928,KRHV,KRHV,RHV,Reid-Hillview Airport of Santa Clara County,small_airport,06085,2017-01-01,0.07433333333333333,6,1,TRUE,9.858321126302107,4.558277435978498,83.08333333333333,99.92166666666667,0.2956725098774441,0.02377300170806813,FALSE,TRUE,0,-2.585832568377961
0-4 km,20928,KRHV,KRHV,RHV,Reid-Hillview Airport of Santa Clara County,small_airport,06085,2017-02-01,0.05,4,1,TRUE,11.068757629394554,4.667743726270183,84.25,99.503125,-0.5928344046013162,0.12652247957917565,FALSE,TRUE,0,-2.975929646257811
0-4 km,20928,KRHV,KRHV,RHV,Reid-Hillview Airport of Santa Clara County,small_airport,06085,2017-03-01,0.0462,5,1,TRUE,12.334991455078148,3.700605518945006,84.4,100.381,0.5507210865954576,0.2790007028213114,FALSE,TRUE,0,-3.0533613863906273
0-4 km,20928,KRHV,KRHV,RHV,Reid-Hillview Airport of Santa Clara County,small_airport,06085,2017-04-01,0.07100000000000001,5,1,TRUE,12.809991455078148,4.184303598924478,85.2,99.8545,-0.11521232598578014,-0.1603565117799255,FALSE,TRUE,0,-2.6310891599660815
0-4 km,20928,KRHV,KRHV,RHV,Reid-Hillview Airport of Santa Clara County,small_airport,06085,2017-05-01,0.05583333333333333,6,1,TRUE,14.349989827473982,4.133518117295268,74.375,99.63541666666667,0.2740364380047656,0.49616594799169,FALSE,TRUE,0,-2.8676322709266753
0-4 km,20928,KRHV,KRHV,RHV,Reid-Hillview Airport of Santa Clara County,small_airport,06085,2017-06-01,0.0652,5,1,TRUE,17.454992675781273,2.6057094240167666,72.2,99.6485,-0.014404466832748198,0.7816292989774314,FALSE,TRUE,0,-2.7150748160391744
0-4 km,20928,KRHV,KRHV,RHV,Reid-Hillview Airport of Santa Clara County,small_airport,06085,2017-07-01,0.041999999999999996,5,1,TRUE,18.789990234375022,3.5541034273763277,66.05,99.736,0.3870375415843766,0.22366282186953454,FALSE,TRUE,0,-3.146555163288575
0-4 km,20928,KRHV,KRHV,RHV,Reid-Hillview Airport of Santa Clara County,small_airport,06085,2017-08-01,0.056,5,1,TRUE,19.68499755859377,4.355111818661332,70.15,99.685,-0.7984988058554972,0.3456516798734554,FALSE,TRUE,0,-2.864704011147587
0-4 km,20928,KRHV,KRHV,RHV,Reid-Hillview Airport of Santa Clara County,small_airport,06085,2017-09-01,0.0606,5,1,TRUE,19.65999145507815,2.1160063849278425,63.3,99.605,-0.8271513596199122,0.3347132417375225,FALSE,TRUE,0,-2.787093408442663
0-4 km,20928,KRHV,KRHV,RHV,Reid-Hillview Airport of Santa Clara County,small_airport,06085,2017-10-01,0.0912,5,1,TRUE,16.90498657226565,3.52959137884644,59.3,100.04,-0.804181682055741,0.4069376229990522,FALSE,TRUE,0,-2.3837951484195887
0-4 km,20928,KRHV,KRHV,RHV,Reid-Hillview Airport of Santa Clara County,small_airport,06085,2017-11-01,0.036,5,1,TRUE,13.954986572265648,4.465106121910053,83.75,99.975,0.03673040445125853,-0.24903337635653522,FALSE,TRUE,0,-3.2968373663379125
0-4 km,20928,KRHV,KRHV,RHV,Reid-Hillview Airport of Santa Clara County,small_airport,06085,2017-12-01,0.0838,5,1,TRUE,11.924993896484398,6.8183053568631236,68,100.5045,-0.8993019443000411,0.43069133810387167,FALSE,TRUE,0,-2.4674597361842796
0-4 km,20928,KRHV,KRHV,RHV,Reid-Hillview Airport of Santa Clara County,small_airport,06085,2018-01-01,0.0872,5,1,TRUE,11.674987792968773,2.4640160153448556,79,100.2425,0.34741982429409307,0.44739493212545367,FALSE,TRUE,0,-2.4281483159693913
0-4 km,20928,KRHV,KRHV,RHV,Reid-Hillview Airport of Santa Clara County,small_airport,06085,2018-02-01,0.082,5,1,TRUE,10.714984130859397,5.511618363797769,72.95,100.1915,0.14659554641429656,0.6942392446153272,FALSE,TRUE,0,-2.488914671185539
0-4 km,20928,KRHV,KRHV,RHV,Reid-Hillview Airport of Santa Clara County,small_airport,06085,2018-03-01,0.0392,5,1,TRUE,10.869989013671898,3.4479195033568044,83.95,99.9015,-0.04981602117296414,0.04114062905572956,FALSE,TRUE,0,-3.2138882833571616
0-4 km,20928,KRHV,KRHV,RHV,Reid-Hillview Airport of Santa Clara County,small_airport,06085,2018-04-01,0.1006,5,1,TRUE,13.219995117187523,3.1116390643182714,79.05,100.2285,0.12383674312729293,0.6923296723881812,FALSE,TRUE,0,-2.2867117438377558
0-4 km,20928,KRHV,KRHV,RHV,Reid-Hillview Airport of Santa Clara County,small_airport,06085,2018-05-01,0.049,5,1,TRUE,13.919982910156273,1.528251539135638,79.9,99.8955,-0.20071072075666763,0.20266964216001154,FALSE,TRUE,0,-2.995732273553991
0-4 km,20928,KRHV,KRHV,RHV,Reid-Hillview Airport of Santa Clara County,small_airport,06085,2018-06-01,0.0528,5,1,TRUE,16.069989013671897,3.776721124881023,75.05,99.7325,-0.1809095448751594,0.18237776562946278,FALSE,TRUE,0,-2.9224818118143983
0-4 km,20928,KRHV,KRHV,RHV,Reid-Hillview Airport of Santa Clara County,small_airport,06085,2018-07-01,0.05383333333333333,6,1,TRUE,19.749988810221378,4.456099119923803,64.95833333333333,99.85208333333333,-0.744862182815996,0.3629676101993106,FALSE,TRUE,0,-2.9034569974448203
0-4 km,20928,KRHV,KRHV,RHV,Reid-Hillview Airport of Santa Clara County,small_airport,06085,2018-08-01,0.0614,5,1,TRUE,18.36499023437502,3.129231467399495,70,99.8585,-0.8432301362120985,0.35902540932838345,FALSE,TRUE,0,-2.774190003606755
0-4 km,20928,KRHV,KRHV,RHV,Reid-Hillview Airport of Santa Clara County,small_airport,06085,2018-09-01,0.0698,5,1,TRUE,18.11499633789065,2.1182026536076415,69.5,99.563,0.46179095121280955,0.33108609484498924,FALSE,TRUE,0,-2.647896278282463
0-4 km,20928,KRHV,KRHV,RHV,Reid-Hillview Airport of Santa Clara County,small_airport,06085,2018-10-01,0.061,5,1,TRUE,15.689996337890648,3.04626993247403,76.55,99.9235,-0.41979573435968737,0.5058809602845955,FALSE,TRUE,0,-2.7806208939370456
0-4 km,20928,KRHV,KRHV,RHV,Reid-Hillview Airport of Santa Clara County,small_airport,06085,2018-11-01,0.0388,5,1,TRUE,14.694995117187522,4.384144745665374,71.8,99.9365,0.033412834895502674,0.25117228212870873,FALSE,TRUE,0,-3.223888366691745
0-4 km,20928,KRHV,KRHV,RHV,Reid-Hillview Airport of Santa Clara County,small_airport,06085,2018-12-01,0.0448,5,1,TRUE,11.974993896484397,4.6628942745723805,72.7,100.2395,-0.4670427789169808,0.2682813858472953,FALSE,TRUE,0,-3.083471187861998
0-4 km,20928,KRHV,KRHV,RHV,Reid-Hillview Airport of Santa Clara County,small_airport,06085,2019-01-01,0.06225,4,1,TRUE,11.581224060058616,3.9947277773124528,78.9375,100.045625,0.18561400930278932,-0.01535619790856449,FALSE,TRUE,0,-2.7606601513745073
0-4 km,20928,KRHV,KRHV,RHV,Reid-Hillview Airport of Santa Clara County,small_airport,06085,2019-02-01,0.011,5,1,TRUE,11.554998779296898,7.66918867688257,82.35,99.2925,0.5846710149985949,-0.4920170392537492,FALSE,TRUE,0,-4.422848629194137
0-4 km,20928,KRHV,KRHV,RHV,Reid-Hillview Airport of Santa Clara County,small_airport,06085,2019-03-01,0.0366,5,1,TRUE,11.159991455078147,4.723270258212723,84,100.124,-0.038991553807502466,-0.27657980992351544,FALSE,TRUE,0,-3.280751228586288
0-4 km,20928,KRHV,KRHV,RHV,Reid-Hillview Airport of Santa Clara County,small_airport,06085,2019-04-01,0.0434,5,1,TRUE,13.324987792968773,2.901515533984957,82.05,99.94149999999999,-0.16948786895496126,0.39000429578858026,FALSE,TRUE,0,-3.114515809543958
0-4 km,20928,KRHV,KRHV,RHV,Reid-Hillview Airport of Santa Clara County,small_airport,06085,2019-05-01,0.0356,5,1,TRUE,13.559991455078148,4.32016387136375,82,99.673,-0.1299901283645667,0.044241507583138856,FALSE,TRUE,0,-3.3077070385748164
0-4 km,20928,KRHV,KRHV,RHV,Reid-Hillview Airport of Santa Clara County,small_airport,06085,2019-06-01,0.059000000000000004,5,1,TRUE,17.524987792968773,3.537130967534585,68.25,99.6065,0.304139540484281,0.043924916127104974,FALSE,TRUE,0,-2.8134107167600364
0-4 km,20928,KRHV,KRHV,RHV,Reid-Hillview Airport of Santa Clara County,small_airport,06085,2019-07-01,0.0448,5,1,TRUE,18.159997558593773,4.813617549331195,70.2,99.7505,-0.8857417801512169,0.17838568061745,FALSE,TRUE,0,-3.083471187861998
0-4 km,20928,KRHV,KRHV,RHV,Reid-Hillview Airport of Santa Clara County,small_airport,06085,2019-08-01,0.058,6,1,TRUE,19.183328247070335,2.916479148356042,73.16666666666667,99.72458333333333,0.15073916811854426,0.40868609762031793,FALSE,TRUE,0,-2.8302178350764176
0-4 km,20928,KRHV,KRHV,RHV,Reid-Hillview Airport of Santa Clara County,small_airport,06085,2019-09-01,0.07425,4,1,TRUE,19.58124694824221,4.787414406172688,67.25,99.85249999999999,-0.5536494341797054,0.30340077796072296,FALSE,TRUE,0,-2.5869393753531518
0-4 km,20928,KRHV,KRHV,RHV,Reid-Hillview Airport of Santa Clara County,small_airport,06085,2019-10-01,0.0654,5,1,TRUE,18.024987792968773,4.1759719808689715,47.8,99.8155,-0.3514420508279575,0.7466382261450389,FALSE,TRUE,0,-2.7120582224997487
0-4 km,20928,KRHV,KRHV,RHV,Reid-Hillview Airport of Santa Clara County,small_airport,06085,2019-11-01,0.0798,5,1,TRUE,13.194989013671897,3.293535563223349,73.5,99.828,-0.22496656270140705,0.6945581695220917,FALSE,TRUE,0,-2.5157783134550873
0-4 km,20928,KRHV,KRHV,RHV,Reid-Hillview Airport of Santa Clara County,small_airport,06085,2019-12-01,0.0298,5,1,TRUE,11.624993896484398,3.1679523210770637,83.85,100.1365,-0.7158421913859655,0.3090247316743531,FALSE,TRUE,0,-3.4802405890026082
0-4 km,20928,KRHV,KRHV,RHV,Reid-Hillview Airport of Santa Clara County,small_airport,06085,2020-01-01,0.054,5,1,TRUE,11.029992675781273,3.0588004722433024,87.8,100.477,-0.6068893854135542,-0.20614344756397468,FALSE,TRUE,0,-2.900422093749666
0-4 km,20928,KRHV,KRHV,RHV,Reid-Hillview Airport of Santa Clara County,small_airport,06085,2020-02-01,0.0786,5,1,TRUE,11.494995117187523,4.970753726624757,75.85,100.271,-0.337352362548696,0.8660592310261166,FALSE,TRUE,0,-2.5307411861317997
0-4 km,20928,KRHV,KRHV,RHV,Reid-Hillview Airport of Santa Clara County,small_airport,06085,2020-03-01,0.0294,5,1,TRUE,11.544989013671898,2.1597615279578655,81.15,100.024,0.6283434432730768,0.40429227180696237,FALSE,TRUE,0,-3.493312670569961
0-4 km,20928,KRHV,KRHV,RHV,Reid-Hillview Airport of Santa Clara County,small_airport,06085,2020-04-01,0.0252,5,1,TRUE,12.724981689453148,3.5815564625662746,80.25,100.1735,-0.3519659715118699,0.4289553049062572,FALSE,TRUE,0,-3.6419958682150857
0-4 km,20928,KRHV,KRHV,RHV,Reid-Hillview Airport of Santa Clara County,small_airport,06085,2020-05-01,0.0378,5,1,TRUE,15.830010986328148,2.793597024975643,77.5,99.94200000000001,-0.40390489417069836,0.7954729878215808,FALSE,TRUE,0,-3.249335032352909
0-4 km,20928,KRHV,KRHV,RHV,Reid-Hillview Airport of Santa Clara County,small_airport,06085,2020-06-01,0.034,4,1,TRUE,14.981240844726585,2.5828134429689658,79.3125,99.959375,-0.6291719681246722,0.4921309109785043,FALSE,TRUE,0,-3.3524072174927233
0-4 km,20928,KRHV,KRHV,RHV,Reid-Hillview Airport of Santa Clara County,small_airport,06085,2021-05-01,0.076,1,1,TRUE,13.924981689453148,0.8602318587588648,83.25,100.0625,-0.8137340891896578,0.5812373285420319,FALSE,TRUE,0,-2.563949857128453
0-4 km,20928,KRHV,KRHV,RHV,Reid-Hillview Airport of Santa Clara County,small_airport,06085,2021-06-01,0.049,5,1,TRUE,15.565002441406273,3.678135132267412,77.8,99.7765,-0.7255003687477206,0.4160371758748605,FALSE,TRUE,0,-2.995732273553991
0-4 km,20928,KRHV,KRHV,RHV,Reid-Hillview Airport of Santa Clara County,small_airport,06085,2021-07-01,0.051,5,1,TRUE,17.619989013671898,3.1700806614363763,72,99.705,-0.5110823708819918,0.1727766179655647,FALSE,TRUE,0,-2.9565115604007097
0-4 km,20928,KRHV,KRHV,RHV,Reid-Hillview Airport of Santa Clara County,small_airport,06085,2021-08-01,0.0402,5,1,TRUE,17.535003662109396,2.614628395153688,74.5,99.8035,-0.702142522470416,0.11896828329513888,FALSE,TRUE,0,-3.1893170226266565
0-4 km,20928,KRHV,KRHV,RHV,Reid-Hillview Airport of Santa Clara County,small_airport,06085,2021-09-01,0.0352,5,1,TRUE,17.084991455078146,3.1408421386800187,76.95,99.676,-0.31372582844832325,0.12027648812821118,FALSE,TRUE,0,-3.3186961601504117
0-4 km,20928,KRHV,KRHV,RHV,Reid-Hillview Airport of Santa Clara County,small_airport,06085,2021-10-01,0.0378,5,1,TRUE,13.624981689453147,3.7526062356716,76.8,99.651,0.11690171666549493,0.27460230415007825,FALSE,TRUE,0,-3.249335032352909
0-4 km,20928,KRHV,KRHV,RHV,Reid-Hillview Airport of Santa Clara County,small_airport,06085,2021-11-01,0.0452,5,1,TRUE,13.129998779296898,4.786937972440552,86.25,100.262,-0.7141579969057302,0.6164678239681793,FALSE,TRUE,0,-3.074775480894444
0-4 km,20928,KRHV,KRHV,RHV,Reid-Hillview Airport of Santa Clara County,small_airport,06085,2021-12-01,0.0256,5,1,TRUE,10.249981689453147,3.595917499993492,87.2,99.8895,-0.06576492300203728,0.27786613235093177,FALSE,TRUE,0,-3.6268440631944836
0-4 km,20928,KRHV,KRHV,RHV,Reid-Hillview Airport of Santa Clara County,small_airport,06085,2022-01-01,0.037,5,1,TRUE,11.900000000000023,1.6548278570401342,80.45,100.6145,-0.1074734086070788,0.6963463812208186,TRUE,TRUE,1,-3.270169119255751
0-4 km,20928,KRHV,KRHV,RHV,Reid-Hillview Airport of Santa Clara County,small_airport,06085,2022-02-01,0.0206,5,1,TRUE,11.604986572265648,4.788480908987893,71.7,100.35900000000001,0.4696775809306024,0.6446718584833845,TRUE,TRUE,1,-3.835061964292018
0-4 km,20928,KRHV,KRHV,RHV,Reid-Hillview Airport of Santa Clara County,small_airport,06085,2022-03-01,0.0202,5,1,TRUE,11.184985351562522,2.8996821998580686,80.8,100.422,-0.1855235160905106,0.7979226336911756,TRUE,TRUE,1,-3.8537540973041704
0-4 km,20928,KRHV,KRHV,RHV,Reid-Hillview Airport of Santa Clara County,small_airport,06085,2022-04-01,0.018,5,1,TRUE,11.199993896484397,3.8743694481785784,81.95,100.291,0.05810622830063755,0.8699057745999939,TRUE,TRUE,1,-3.9633162998156966
0-4 km,20928,KRHV,KRHV,RHV,Reid-Hillview Airport of Santa Clara County,small_airport,06085,2022-05-01,0.0132,5,1,TRUE,12.834991455078148,4.2000586310951125,78.55,100.0185,-0.4614680108313313,0.7838978102428247,TRUE,TRUE,1,-4.254513314374922
0-4 km,20928,KRHV,KRHV,RHV,Reid-Hillview Airport of Santa Clara County,small_airport,06085,2022-06-01,0.012,5,1,TRUE,16.764984130859396,2.6896942247338367,72.25,99.67699999999999,0.14600126725618046,0.39062002600244966,TRUE,TRUE,1,-4.3428059215206005
0-4 km,20928,KRHV,KRHV,RHV,Reid-Hillview Airport of Santa Clara County,small_airport,06085,2022-07-01,0.0188,5,1,TRUE,16.559991455078148,5.051342478384457,77.55,99.859,-0.5623530155610925,0.4727905692221279,TRUE,TRUE,1,-3.9220733412816475
0-4 km,20928,KRHV,KRHV,RHV,Reid-Hillview Airport of Santa Clara County,small_airport,06085,2022-08-01,0.012199999999999999,5,1,TRUE,17.73999023437502,2.787352789236977,78.75,99.6555,-0.4548004278070456,0.4248037798875902,TRUE,TRUE,1,-4.327538449389812
0-4 km,20928,KRHV,KRHV,RHV,Reid-Hillview Airport of Santa Clara County,small_airport,06085,2022-09-01,0.017,5,1,TRUE,17.61499633789065,3.817572456549687,78.4,99.553,-0.7801934030996619,0.042941894937775914,TRUE,TRUE,1,-4.017383521085972
0-4 km,20928,KRHV,KRHV,RHV,Reid-Hillview Airport of Santa Clara County,small_airport,06085,2022-10-01,0.0166,5,1,TRUE,16.2899841308594,3.703517857905319,75,99.853,-0.7804046929755399,0.4204153412513215,TRUE,TRUE,1,-4.0398563769380305
0-4 km,20928,KRHV,KRHV,RHV,Reid-Hillview Airport of Santa Clara County,small_airport,06085,2022-11-01,0.0178,5,1,TRUE,12.649981689453147,4.837465640987788,68.6,99.984,-0.783321604737151,0.07848084282567584,TRUE,TRUE,1,-3.9738984091462335
0-4 km,20928,KRHV,KRHV,RHV,Reid-Hillview Airport of Santa Clara County,small_airport,06085,2022-12-01,0.024166666666666666,6,1,TRUE,10.57916158040367,5.4831421467223045,82.375,100.04125,-0.5307451449435949,0.08100192363601998,TRUE,TRUE,1,-3.682234911395268
0-4 km,20928,KRHV,KRHV,RHV,Reid-Hillview Airport of Santa Clara County,small_airport,06085,2023-01-01,0.0205,4,1,TRUE,9.762483215332054,5.756586423256918,71.875,100.22562500000001,0.591568019571685,0.04493659293654869,TRUE,TRUE,1,-3.83970234384852
0-4 km,20928,KRHV,KRHV,RHV,Reid-Hillview Airport of Santa Clara County,small_airport,06085,2023-02-01,0.01425,4,1,TRUE,8.912492370605491,4.269333372590801,75.625,100.095625,0.39417318270337054,0.21316943719538556,TRUE,TRUE,1,-4.183175775928716
0-4 km,20928,KRHV,KRHV,RHV,Reid-Hillview Airport of Santa Clara County,small_airport,06085,2023-03-01,0.01,5,1,TRUE,9.840002441406273,5.29273372504565,80.95,100.051,-0.09812310150417607,-0.08217087938733969,TRUE,TRUE,1,-4.509860006183766
0-4 km,20928,KRHV,KRHV,RHV,Reid-Hillview Airport of Santa Clara County,small_airport,06085,2023-04-01,0.014,5,1,TRUE,11.219989013671897,4.160170421279335,77.55,99.982,0.12450288705398896,0.6714427867291259,TRUE,TRUE,1,-4.199705077879927
0-4 km,20928,KRHV,KRHV,RHV,Reid-Hillview Airport of Santa Clara County,small_airport,06085,2023-05-01,0.014,5,1,TRUE,13.284991455078147,4.310187539583993,83.85,99.8105,-0.041063797409149935,-0.09310244964404933,TRUE,TRUE,1,-4.199705077879927
0-4 km,20928,KRHV,KRHV,RHV,Reid-Hillview Airport of Santa Clara County,small_airport,06085,2023-06-01,0.0104,5,1,TRUE,15.075000000000022,2.961865860347948,79.4,99.6225,-0.33387298385953856,-0.3931632685633314,TRUE,TRUE,1,-4.474141923581687
0-4 km,20928,KRHV,KRHV,RHV,Reid-Hillview Airport of Santa Clara County,small_airport,06085,2023-07-01,0.0166,5,1,TRUE,17.439984130859397,3.8283745310839064,71.85,99.664,0.24622114921541072,0.38962515619615334,TRUE,TRUE,1,-4.0398563769380305
0-4 km,20928,KRHV,KRHV,RHV,Reid-Hillview Airport of Santa Clara County,small_airport,06085,2023-08-01,0.0116,5,1,TRUE,18.22998046875002,2.777890629350184,77.55,99.86,-0.1515554438099148,0.1654753668356841,TRUE,TRUE,1,-4.374058465024705
0-4 km,20928,KRHV,KRHV,RHV,Reid-Hillview Airport of Santa Clara County,small_airport,06085,2023-09-01,0.0162,5,1,TRUE,17.304986572265648,2.928684024235232,80.25,99.8645,-0.3384357870834367,-0.12048743531080094,TRUE,TRUE,1,-4.06284589516273
0-4 km,20928,KRHV,KRHV,RHV,Reid-Hillview Airport of Santa Clara County,small_airport,06085,2023-10-01,0.022,4,1,TRUE,15.199990844726585,3.682887092825313,79.3125,99.999375,-0.31082216536595014,0.3997272226612835,TRUE,TRUE,1,-3.7722610630529876
0-4 km,20928,KRHV,KRHV,RHV,Reid-Hillview Airport of Santa Clara County,small_airport,06085,2023-11-01,0.021599999999999998,5,1,TRUE,13.799987792968773,4.541600263839097,68.5,100.236,0.04827680589442681,0.33505140516277265,TRUE,TRUE,1,-3.789805372703897
0-4 km,20928,KRHV,KRHV,RHV,Reid-Hillview Airport of Santa Clara County,small_airport,06085,2023-12-01,0.015799999999999998,5,1,TRUE,12.429986572265648,3.336255198290874,83.5,100.16199999999999,-0.10511039020847225,0.3398777278186313,TRUE,TRUE,1,-4.086376392572924
0-4 km,20928,KRHV,KRHV,RHV,Reid-Hillview Airport of Santa Clara County,small_airport,06085,2024-01-01,0.015,6,1,TRUE,11.795816040039085,5.222904223111862,84.95833333333333,100.05,-0.14214848029191668,-0.12933397841572572,TRUE,TRUE,1,-4.135166556742356
0-4 km,20928,KRHV,KRHV,RHV,Reid-Hillview Airport of Santa Clara County,small_airport,06085,2024-02-01,0.018000000000000002,4,1,TRUE,12.118745422363304,4.661127915205589,83.3125,99.7475,-0.6044127362953254,0.1659639456298064,TRUE,TRUE,1,-3.9633162998156966
0-4 km,20928,KRHV,KRHV,RHV,Reid-Hillview Airport of Santa Clara County,small_airport,06085,2024-03-01,0.013666666666666667,6,1,TRUE,11.733331298828148,3.7400590020283047,84.54166666666667,99.79541666666667,0.09961326818359895,0.4516503627699069,TRUE,TRUE,1,-4.222177933731985
0-4 km,20928,KRHV,KRHV,RHV,Reid-Hillview Airport of Santa Clara County,small_airport,06085,2024-04-01,0.015,5,1,TRUE,13.074993896484397,3.3546868340438607,75.5,99.85,0.5326747015544845,0.3391771792387723,TRUE,TRUE,1,-4.135166556742356
0-4 km,20928,KRHV,KRHV,RHV,Reid-Hillview Airport of Santa Clara County,small_airport,06085,2024-05-01,0.0142,5,1,TRUE,13.859991455078148,5.921035606580296,76.05,99.802,-0.5050738751991287,0.2984019775831776,TRUE,TRUE,1,-4.186459851129906
0-4 km,20928,KRHV,KRHV,RHV,Reid-Hillview Airport of Santa Clara County,small_airport,06085,2024-06-01,0.016,5,1,TRUE,17.829992675781273,2.787223797521605,64.35,99.4495,-0.482930765822657,0.6422437131176595,TRUE,TRUE,1,-4.074541934925921
0-4 km,20928,KRHV,KRHV,RHV,Reid-Hillview Airport of Santa Clara County,small_airport,06085,2024-07-01,0.0098,5,1,TRUE,18.084991455078146,1.7627525979803655,69.7,99.6795,0.5381540704315673,0.3781868724750877,TRUE,TRUE,1,-4.528209144851963
0-4 km,20928,KRHV,KRHV,RHV,Reid-Hillview Airport of Santa Clara County,small_airport,06085,2024-08-01,0.0064,5,1,TRUE,18.11499633789065,3.4740522461989065,72.9,99.709,0.02300205078113502,0.2155031922463741,TRUE,TRUE,1,-4.9062752787720125
0-4 km,20928,KRHV,KRHV,RHV,Reid-Hillview Airport of Santa Clara County,small_airport,06085,2024-09-01,0.006,4,1,TRUE,17.524987792968773,3.4958751308970357,74.3125,99.475,-0.32888670972974193,0.17555747529120244,TRUE,TRUE,1,-4.961845129926823
0-4 km,20928,KRHV,KRHV,RHV,Reid-Hillview Airport of Santa Clara County,small_airport,06085,2024-10-01,0.0088,5,1,TRUE,17.740002441406272,2.910689713292704,71.75,99.8685,-0.5076159603096216,0.3223818839391558,TRUE,TRUE,1,-4.62537289330561
0-4 km,20928,KRHV,KRHV,RHV,Reid-Hillview Airport of Santa Clara County,small_airport,06085,2024-11-01,0.0132,5,1,TRUE,12.759991455078147,3.632120159572851,83.1,100.0695,-0.8235719681254127,-0.42482734270663997,TRUE,TRUE,1,-4.254513314374922
0-4 km,20928,KRHV,KRHV,RHV,Reid-Hillview Airport of Santa Clara County,small_airport,06085,2024-12-01,0.0152,5,1,TRUE,12.379992675781272,5.753296737503655,82.8,100.17,-0.11458603752747472,-0.1468552822124601,TRUE,TRUE,1,-4.122744036743799
0-4 km,20932,KRIR,KRIR,RIR,Flabob Airport,small_airport,06065,2000-01-01,0.034777777777777776,9,1,FALSE,9.914446343315994,4.39468672835938,64.25,92.18333333333334,0.02072026858445488,-0.24995073844678797,FALSE,FALSE,0,-3.3304283107739483
0-4 km,20932,KRIR,KRIR,RIR,Flabob Airport,small_airport,06065,2000-02-01,0.021666666666666667,6,1,FALSE,6.830000813802106,4.851000899014915,82.375,91.89333333333335,-0.3588503399998051,0.02946770499452041,FALSE,FALSE,0,-3.78685986247414
0-4 km,20932,KRIR,KRIR,RIR,Flabob Airport,small_airport,06065,2000-03-01,0.026444444444444444,9,1,FALSE,11.267778862847244,3.6775422357730254,55.611111111111114,91.69777777777777,-0.18013509013990484,0.1015503267513223,FALSE,FALSE,0,-3.5955915196903794
0-4 km,20932,KRIR,KRIR,RIR,Flabob Airport,small_airport,06065,2000-04-01,0.027625,8,1,FALSE,15.472497558593773,2.89273901239155,48.0625,91.7125,-0.17918776503252953,-0.3255453218265528,FALSE,FALSE,0,-3.5534748171077335
0-4 km,20932,KRIR,KRIR,RIR,Flabob Airport,small_airport,06065,2000-05-01,0.026285714285714287,7,1,FALSE,17.962867082868325,3.289304135441263,41.892857142857146,91.52714285714286,0.25653306857647684,-0.13774216950568435,FALSE,FALSE,0,-3.6013919999908204
0-4 km,20932,KRIR,KRIR,RIR,Flabob Airport,small_airport,06065,2000-06-01,0.027857142857142858,7,1,FALSE,22.325708007812523,3.242850022723846,39.17857142857143,91.50142857142858,-0.6179005244356497,-0.714546139458769,FALSE,FALSE,0,-3.5453977306362456
0-4 km,20932,KRIR,KRIR,RIR,Flabob Airport,small_airport,06065,2000-07-01,0.04,7,1,FALSE,22.844297572544665,6.282238290019061,38,91.67142857142858,-0.15134830904150545,-0.30402426179753395,FALSE,FALSE,0,-3.1941832122778293
0-4 km,20932,KRIR,KRIR,RIR,Flabob Airport,small_airport,06065,2000-08-01,0.021875,8,1,FALSE,24.50000152587893,3.551952088037444,39.40625,91.67,-0.5361100346113084,-0.5264780502970501,FALSE,FALSE,0,-3.777710667820552
0-4 km,20932,KRIR,KRIR,RIR,Flabob Airport,small_airport,06065,2000-09-01,0.02885714285714286,7,1,FALSE,21.188579450334846,3.8480335218485497,47.607142857142854,91.32142857142857,0.838615224938098,-0.45205037780917673,FALSE,FALSE,0,-3.5113311760726393
0-4 km,20932,KRIR,KRIR,RIR,Flabob Airport,small_airport,06065,2000-10-01,0.025,7,1,FALSE,16.082857840401807,3.4194740556072025,58.357142857142854,91.47857142857143,-0.6122917070057641,-0.1444130081267329,FALSE,FALSE,0,-3.649658740960655
0-4 km,20932,KRIR,KRIR,RIR,Flabob Airport,small_airport,06065,2000-11-01,0.04657142857142857,7,1,FALSE,11.17857840401788,1.7753927726926375,39.285714285714285,91.92142857142856,0.20644617907043686,0.0946772737070491,FALSE,FALSE,0,-3.0455229380570064
0-4 km,20932,KRIR,KRIR,RIR,Flabob Airport,small_airport,06065,2000-12-01,0.03866666666666667,6,1,FALSE,9.980004882812523,3.337739351911642,42.041666666666664,92.07166666666666,-0.27108793172692547,0.43768590179256833,FALSE,FALSE,0,-3.227244074538717
0-4 km,20932,KRIR,KRIR,RIR,Flabob Airport,small_airport,06065,2001-01-01,0.033555555555555554,9,1,FALSE,5.986671278211828,4.51353826629932,53.4433339436849,92.10555555555555,0.6655650528991074,0.36509280876246547,FALSE,FALSE,0,-3.3651869441391224
0-4 km,20932,KRIR,KRIR,RIR,Flabob Airport,small_airport,06065,2001-02-01,0.0245,4,1,FALSE,8.084992980957054,4.620916034437086,71.375,91.34,0.052390192217058366,-0.584921347909718,FALSE,FALSE,0,-3.6690768268177565
0-4 km,20932,KRIR,KRIR,RIR,Flabob Airport,small_airport,06065,2001-03-01,0.015,6,1,FALSE,14.475010172526064,0.8876464638068112,59.208333333333336,91.84333333333333,0.20429590557379454,-0.41119848233266065,FALSE,FALSE,0,-4.135166556742356
0-4 km,20932,KRIR,KRIR,RIR,Flabob Airport,small_airport,06065,2001-04-01,0.02457142857142857,7,1,FALSE,15.21428397042413,3.6488432591273545,46.03428649902344,91.62571428571428,-0.0995321037571444,-0.36726597255477395,FALSE,FALSE,0,-3.6662796221966953
0-4 km,20932,KRIR,KRIR,RIR,Flabob Airport,small_airport,06065,2001-05-01,0.020555555555555556,9,1,FALSE,21.65555555555558,5.065763836485142,35.333333333333336,91.69555555555556,0.21148279990897287,-0.2592743880646408,FALSE,FALSE,0,-3.837121697255028
0-4 km,20932,KRIR,KRIR,RIR,Flabob Airport,small_airport,06065,2001-06-01,0.0265,8,1,FALSE,21.71500167846682,4.549371485150083,37.84375,91.53125,-0.2381253115080943,-0.5276295523542582,FALSE,FALSE,0,-3.5935692743096115
0-4 km,20932,KRIR,KRIR,RIR,Flabob Airport,small_airport,06065,2001-07-01,0.02725,8,1,FALSE,21.693738555908226,3.8313239572924047,40,91.63875,-0.17649025063065799,-0.6495940698810173,FALSE,FALSE,0,-3.5666618213896872
0-4 km,20932,KRIR,KRIR,RIR,Flabob Airport,small_airport,06065,2001-08-01,0.017285714285714286,7,1,FALSE,22.707147216796898,4.225030503654587,38.642857142857146,91.64142857142856,0.08162291304757607,-0.4972634083511488,FALSE,FALSE,0,-4.001635164117833
0-4 km,20932,KRIR,KRIR,RIR,Flabob Airport,small_airport,06065,2001-09-01,0.033625,8,1,FALSE,21.890012359619163,4.502824199042122,41.65625,91.5,0.06357284192264887,-0.5099506185678798,FALSE,FALSE,0,-3.3631793144746345
0-4 km,20932,KRIR,KRIR,RIR,Flabob Airport,small_airport,06065,2001-10-01,0.02642857142857143,7,1,FALSE,16.94286063058038,2.8963416971534035,47.75,91.77571428571429,0.10330650110428508,0.1737889587339945,FALSE,FALSE,0,-3.5961700560096688
0-4 km,20932,KRIR,KRIR,RIR,Flabob Airport,small_airport,06065,2001-11-01,0.026285714285714287,7,1,FALSE,13.35000871930806,3.430020162656509,50.607142857142854,91.90285714285714,0.433325010621296,0.5224168911121907,FALSE,FALSE,0,-3.6013919999908204
0-4 km,20932,KRIR,KRIR,RIR,Flabob Airport,small_airport,06065,2001-12-01,0.01442857142857143,7,1,FALSE,8.41000627790181,4.007030587055454,58.57142857142857,91.61857142857143,0.07665748273637842,-0.2911017346402585,FALSE,FALSE,0,-4.17153420091323
0-4 km,20932,KRIR,KRIR,RIR,Flabob Airport,small_airport,06065,2002-01-01,0.018875,8,1,FALSE,11.195012664794945,2.3951117169914773,41.125,91.86,0.07494285201306548,-0.27333438484249417,FALSE,FALSE,0,-3.9182926184417415
0-4 km,20932,KRIR,KRIR,RIR,Flabob Airport,small_airport,06065,2002-02-01,0.019857142857142858,7,1,FALSE,9.641434151785736,3.033094300124488,44.714285714285715,92.05857142857143,0.3448768607715193,0.5764361521029824,FALSE,FALSE,0,-3.870058806329114
0-4 km,20932,KRIR,KRIR,RIR,Flabob Airport,small_airport,06065,2002-03-01,0.0155,8,1,FALSE,9.99625167846682,4.188069722901947,43,91.825,0.3503384603426368,0.27337656973879876,FALSE,FALSE,0,-4.104394898075602
0-4 km,20932,KRIR,KRIR,RIR,Flabob Airport,small_airport,06065,2002-04-01,0.008571428571428572,7,1,FALSE,14.56143450055806,3.5799825360058697,49.642857142857146,91.48857142857143,-0.011415251312886121,-0.10956531444952174,FALSE,FALSE,0,-4.6489728086464845
0-4 km,20932,KRIR,KRIR,RIR,Flabob Airport,small_airport,06065,2002-05-01,0.008375,8,1,FALSE,15.355004882812523,3.071585137552565,48.21875,91.46000000000001,0.9483121314987515,-0.23075925430446814,FALSE,FALSE,0,-4.669708707125662
0-4 km,20932,KRIR,KRIR,RIR,Flabob Airport,small_airport,06065,2002-06-01,0.009857142857142858,7,1,FALSE,23.32286551339288,4.059783417942545,35.142857142857146,91.30285714285714,0.49293141749644326,-0.5135711503206813,FALSE,FALSE,0,-4.522932087751119
0-4 km,20932,KRIR,KRIR,RIR,Flabob Airport,small_airport,06065,2002-07-01,0.013222222222222222,9,1,FALSE,25.608887396918426,4.488430224789328,33.44444444444444,91.71111111111111,0.06495682282182885,-0.5607125369957447,FALSE,FALSE,0,-4.252949592398739
0-4 km,20932,KRIR,KRIR,RIR,Flabob Airport,small_airport,06065,2002-08-01,0.01525,8,1,FALSE,22.236257171630882,4.312427322451213,34.375,91.54625,0.24937179059304782,-0.5041609747848274,FALSE,FALSE,0,-4.119662370206391
0-4 km,20932,KRIR,KRIR,RIR,Flabob Airport,small_airport,06065,2002-09-01,0.01742857142857143,7,1,FALSE,23.214292689732165,6.412543943976697,35.17857142857143,91.45142857142856,-0.4195580135944078,-0.11819925691753962,FALSE,FALSE,0,-3.9938530236757783
0-4 km,20932,KRIR,KRIR,RIR,Flabob Airport,small_airport,06065,2002-10-01,0.01225,8,1,FALSE,14.793763732910179,4.967196733898085,46.1875,91.47,-0.9169448391858421,-0.008933680714339424,FALSE,FALSE,0,-4.323757726549906
0-4 km,20932,KRIR,KRIR,RIR,Flabob Airport,small_airport,06065,2002-11-01,0.015928571428571427,7,1,FALSE,14.264293561662969,3.7084533852350448,38.464285714285715,91.97857142857143,-0.3665867111028189,0.5164057684982873,FALSE,FALSE,0,-4.078752467462264
0-4 km,20932,KRIR,KRIR,RIR,Flabob Airport,small_airport,06065,2002-12-01,0.022,7,1,FALSE,9.09286324637279,2.2559935903016606,55.142857142857146,92.08285714285714,-0.11470613511866734,0.20515564187929897,FALSE,FALSE,0,-3.7722610630529876
0-4 km,20932,KRIR,KRIR,RIR,Flabob Airport,small_airport,06065,2003-01-01,0.013714285714285714,7,1,FALSE,11.691426304408505,3.5386056401963386,57.142857142857146,92.10428571428572,0.41706949537641563,0.0637684825134648,FALSE,FALSE,0,-4.218936439807814
0-4 km,20932,KRIR,KRIR,RIR,Flabob Airport,small_airport,06065,2003-02-01,0.00575,8,1,FALSE,9.206258392334007,2.1619956378620717,66.875,91.32,0.02185719713458084,0.28691833381750054,FALSE,FALSE,0,-4.9982127740976985
0-4 km,20932,KRIR,KRIR,RIR,Flabob Airport,small_airport,06065,2003-03-01,0.005,4,1,FALSE,11.255006408691429,3.608710741263856,61.25,91.4025,0.3324176059818572,-0.26369925551049045,FALSE,FALSE,0,-5.115995809754082
0-4 km,20932,KRIR,KRIR,RIR,Flabob Airport,small_airport,06065,2003-04-01,0.006,5,1,FALSE,11.741998291015648,2.2068458044874517,53.8,91.482,0.07140248362227428,-0.4186963361562376,FALSE,FALSE,0,-4.961845129926823
0-4 km,20932,KRIR,KRIR,RIR,Flabob Airport,small_airport,06065,2003-05-01,0.008,5,1,FALSE,16.832006835937523,3.942781823712285,45.2,91.488,0.10110585853755436,0.0018090462112375194,FALSE,FALSE,0,-4.710530701645918
0-4 km,20932,KRIR,KRIR,RIR,Flabob Airport,small_airport,06065,2003-06-01,0.01,5,1,FALSE,21.72400512695315,4.539668842732924,37.4,91.386,0.5790324300760002,-0.16028866641615325,FALSE,FALSE,0,-4.509860006183766
0-4 km,20932,KRIR,KRIR,RIR,Flabob Airport,small_airport,06065,2003-07-01,0.008,5,1,FALSE,25.883996582031273,2.598087245802609,30.05,91.63,-0.25686165755295903,-0.38537489108910344,FALSE,FALSE,0,-4.710530701645918
0-4 km,20932,KRIR,KRIR,RIR,Flabob Airport,small_airport,06065,2003-08-01,0.01,6,1,FALSE,24.764998372395855,4.10805924750353,36.625,91.70166666666667,-0.5608549540599133,-0.3699849385819917,FALSE,FALSE,0,-4.509860006183766
0-4 km,20932,KRIR,KRIR,RIR,Flabob Airport,small_airport,06065,2003-09-01,0.01,4,1,FALSE,23.777497863769554,4.1657420455061684,31.875,91.5775,-0.44919215985399075,-0.2673040442220364,FALSE,FALSE,0,-4.509860006183766
0-4 km,20932,KRIR,KRIR,RIR,Flabob Airport,small_airport,06065,2003-10-01,0.014,5,1,FALSE,19.918005371093773,4.334883236463958,37.7,91.54,-0.5306096332720355,-0.1311713903091244,FALSE,FALSE,0,-4.199705077879927
0-4 km,20932,KRIR,KRIR,RIR,Flabob Airport,small_airport,06065,2003-11-01,0.02,5,1,FALSE,9.515997314453148,4.023030506837974,45.85,91.968,-0.33408741693511435,0.26294760193756395,FALSE,FALSE,0,-3.863232841258714
0-4 km,20932,KRIR,KRIR,RIR,Flabob Airport,small_airport,06065,2003-12-01,0.02,4,1,FALSE,8.240007019042991,1.7795458119518939,45,92.08,-0.4487862009136991,-0.15994475966016924,FALSE,FALSE,0,-3.863232841258714
0-4 km,20932,KRIR,KRIR,RIR,Flabob Airport,small_airport,06065,2004-01-01,0.014,5,1,FALSE,7.397998046875022,5.310843065326175,48.7,92.05799999999999,0.32148260875212975,0.1457635799853557,FALSE,FALSE,0,-4.199705077879927
0-4 km,20932,KRIR,KRIR,RIR,Flabob Airport,small_airport,06065,2004-02-01,0.006,5,1,FALSE,6.267993164062522,4.190077498721498,71.5,91.638,0.9227866802995011,-0.05500751898658636,FALSE,FALSE,0,-4.961845129926823
0-4 km,20932,KRIR,KRIR,RIR,Flabob Airport,small_airport,06065,2004-03-01,0.022,5,1,FALSE,16.54199829101565,3.7447767683848348,41.8,91.672,0.6987438557882304,0.4650737087364958,FALSE,FALSE,0,-3.7722610630529876
0-4 km,20932,KRIR,KRIR,RIR,Flabob Airport,small_airport,06065,2004-04-01,0.018000000000000002,5,1,FALSE,15.862005615234398,1.1034324158681192,50,91.638,-0.1405182147160256,-0.20682391906744774,FALSE,FALSE,0,-3.9633162998156966
0-4 km,20932,KRIR,KRIR,RIR,Flabob Airport,small_airport,06065,2004-05-01,0.012,5,1,FALSE,19.281994628906272,2.6724306093990857,38.95,91.57,-0.03214803814270126,-0.6668393825499035,FALSE,FALSE,0,-4.3428059215206005
0-4 km,20932,KRIR,KRIR,RIR,Flabob Airport,small_airport,06065,2004-06-01,0.0075,4,1,FALSE,22.600000000000023,3.595001616968008,33.5625,91.5275,0.303000687488325,-0.6063875187380198,FALSE,FALSE,0,-4.767689115485866
0-4 km,20932,KRIR,KRIR,RIR,Flabob Airport,small_airport,06065,2004-07-01,0.012,5,1,FALSE,23.56799926757815,2.4931946619546874,36.2,91.686,0.18355737458013768,-0.728318147084757,FALSE,FALSE,0,-4.3428059215206005
0-4 km,20932,KRIR,KRIR,RIR,Flabob Airport,small_airport,06065,2004-08-01,0.016666666666666666,6,1,FALSE,24.275003051757835,3.274315044861209,33.875,91.68333333333334,-0.09121274001625876,-0.5323026369505679,FALSE,FALSE,0,-4.036075654098125
0-4 km,20932,KRIR,KRIR,RIR,Flabob Airport,small_airport,06065,2004-09-01,0.014,5,1,FALSE,21.67000122070315,3.3388477790405413,39.6,91.53399999999999,0.44319634580748796,-0.41830982445268133,FALSE,FALSE,0,-4.199705077879927
0-4 km,20932,KRIR,KRIR,RIR,Flabob Airport,small_airport,06065,2004-10-01,0.01,5,1,FALSE,14.305999755859398,2.7278327012995236,63.9,91.604,0.07784254505040261,0.14084638029750118,FALSE,FALSE,0,-4.509860006183766
0-4 km,20932,KRIR,KRIR,RIR,Flabob Airport,small_airport,06065,2004-11-01,0.02,5,1,FALSE,9.294006347656273,2.9053190548597327,54.9,92.092,-0.4286050787818372,0.3901088847728448,FALSE,FALSE,0,-3.863232841258714
0-4 km,20932,KRIR,KRIR,RIR,Flabob Airport,small_airport,06065,2004-12-01,0.004,5,1,FALSE,9.473992919921898,5.681686795269426,52.85,91.81,-0.3347715264617003,-0.00629295795045306,FALSE,FALSE,0,-5.298317366548036
0-4 km,20932,KRIR,KRIR,RIR,Flabob Airport,small_airport,06065,2005-01-01,0.008,5,1,FALSE,9.031994628906272,5.283827519277861,81.8,91.812,0.46888446744262474,0.03957105509971979,FALSE,FALSE,0,-4.710530701645918
0-4 km,20932,KRIR,KRIR,RIR,Flabob Airport,small_airport,06065,2005-02-01,0.014,5,1,FALSE,8.767999267578148,4.610262900303781,70.65,91.868,-0.040424204369928926,0.3179768615913056,FALSE,FALSE,0,-4.199705077879927
0-4 km,20932,KRIR,KRIR,RIR,Flabob Airport,small_airport,06065,2005-03-01,0.01,5,1,FALSE,11.594000244140648,4.369715361275647,62.6,91.54,0.6743788551230494,-0.06444657423742567,FALSE,FALSE,0,-4.509860006183766
0-4 km,20932,KRIR,KRIR,RIR,Flabob Airport,small_airport,06065,2005-04-01,0.012,5,1,FALSE,13.694000244140648,4.418857730811537,43.6,91.586,0.12703283109800906,-0.3417338772293911,FALSE,FALSE,0,-4.3428059215206005
0-4 km,20932,KRIR,KRIR,RIR,Flabob Airport,small_airport,06065,2005-05-01,0.01,5,1,FALSE,18.86199951171877,4.935774817881685,44.35,91.424,0.5629665071978207,-0.4605179921871401,FALSE,FALSE,0,-4.509860006183766
0-4 km,20932,KRIR,KRIR,RIR,Flabob Airport,small_airport,06065,2005-06-01,0.01,5,1,FALSE,19.994006347656274,3.913333570642564,42,91.33,-0.019735080277600448,-0.5219986091439551,FALSE,FALSE,0,-4.509860006183766
0-4 km,20932,KRIR,KRIR,RIR,Flabob Airport,small_airport,06065,2005-07-01,0.01,5,1,FALSE,25.985998535156273,3.2197023781295924,34.6,91.548,0.17302811843601734,-0.7246797571140197,FALSE,FALSE,0,-4.509860006183766
0-4 km,20932,KRIR,KRIR,RIR,Flabob Airport,small_airport,06065,2005-08-01,0.01,5,1,FALSE,24.144006347656273,3.037311549012747,37.35,91.67,0.10247150461351388,-0.6148518785602449,FALSE,FALSE,0,-4.509860006183766
0-4 km,20932,KRIR,KRIR,RIR,Flabob Airport,small_airport,06065,2005-09-01,0.01,3,1,FALSE,19.379998779296898,1.9919800256772469,34.583333333333336,91.53666666666668,-0.2342870012898622,-0.34331085393166305,FALSE,FALSE,0,-4.509860006183766
0-4 km,20932,KRIR,KRIR,RIR,Flabob Airport,small_airport,06065,2005-10-01,0.011666666666666667,6,1,FALSE,17.835010782877628,5.344242993441028,39.666666666666664,91.83666666666667,-0.243861494952215,-0.09520610093491878,FALSE,FALSE,0,-4.368781407923861
0-4 km,20932,KRIR,KRIR,RIR,Flabob Airport,small_airport,06065,2005-11-01,0.022,5,1,FALSE,13.893994140625022,5.484086482906079,43.85,91.906,-0.596904085797904,-0.022189606835612597,FALSE,FALSE,0,-3.7722610630529876
0-4 km,20932,KRIR,KRIR,RIR,Flabob Airport,small_airport,06065,2005-12-01,0.018,5,1,FALSE,9.742004394531273,4.612142471559612,42.4,92.03999999999999,0.13909943140077125,0.15897419717672498,FALSE,FALSE,0,-3.9633162998156966
0-4 km,20932,KRIR,KRIR,RIR,Flabob Airport,small_airport,06065,2006-01-01,0.0075,4,1,FALSE,9.61499938964846,3.4266173120756855,41.75,92.39750000000001,0.047891949516946086,0.4468180778525759,FALSE,FALSE,0,-4.767689115485866
0-4 km,20932,KRIR,KRIR,RIR,Flabob Airport,small_airport,06065,2006-02-01,0.008,5,1,FALSE,9.543994140625022,4.3671565571837405,47.15,91.824,0.09913232606692253,0.38551673005398696,FALSE,FALSE,0,-4.710530701645918
0-4 km,20932,KRIR,KRIR,RIR,Flabob Airport,small_airport,06065,2006-03-01,0.004,5,1,FALSE,8.098010253906272,2.714753239083788,64.75,91.568,0.18169841086196817,-0.44734173893740703,FALSE,FALSE,0,-5.298317366548036
0-4 km,20932,KRIR,KRIR,RIR,Flabob Airport,small_airport,06065,2006-04-01,0.002,5,1,FALSE,10.574005126953148,4.433243724187639,71.75,91.494,-0.2459848957493796,-0.19999055145322064,FALSE,FALSE,0,-5.809142990314028
0-4 km,20932,KRIR,KRIR,RIR,Flabob Airport,small_airport,06065,2006-05-01,0.006,5,1,FALSE,18.885998535156272,2.2854016593587425,39.9,91.674,-0.1745442060206379,0.04282872726965097,FALSE,FALSE,0,-4.961845129926823
0-4 km,20932,KRIR,KRIR,RIR,Flabob Airport,small_airport,06065,2006-06-01,0.008,5,1,FALSE,24.238012695312523,4.052253065870383,32.4,91.518,0.6349081177172144,-0.426152818869915,FALSE,FALSE,0,-4.710530701645918
0-4 km,20932,KRIR,KRIR,RIR,Flabob Airport,small_airport,06065,2006-07-01,0.004,5,1,FALSE,27.590008544921897,5.209545135704092,31.6,91.696,-0.5264246617521534,-0.3668297682386705,FALSE,FALSE,0,-5.298317366548036
0-4 km,20932,KRIR,KRIR,RIR,Flabob Airport,small_airport,06065,2006-08-01,0.004,5,1,FALSE,23.298004150390646,3.5727381823680404,33.35,91.676,0.40481069025406746,-0.004545413207711563,FALSE,FALSE,0,-5.298317366548036
0-4 km,20932,KRIR,KRIR,RIR,Flabob Airport,small_airport,06065,2006-09-01,0,5,1,FALSE,22.122003173828148,2.974266665749782,34.1,91.504,-0.5726900471035246,-0.38711567305454564,FALSE,FALSE,0,-6.907755278982137
0-4 km,20932,KRIR,KRIR,RIR,Flabob Airport,small_airport,06065,2006-10-01,0.002,5,1,FALSE,15.418005371093773,5.298071859313368,33.65,91.77600000000001,-0.5506341741986682,0.43443453307446556,FALSE,FALSE,0,-5.809142990314028
0-4 km,20932,KRIR,KRIR,RIR,Flabob Airport,small_airport,06065,2006-11-01,0.005,4,1,FALSE,13.540002441406273,4.033060125218675,42.5625,91.81,-0.373447870236661,-0.13411695039775084,FALSE,FALSE,0,-5.115995809754082
0-4 km,20932,KRIR,KRIR,RIR,Flabob Airport,small_airport,06065,2006-12-01,0.008333333333333333,6,1,FALSE,8.63500874837242,4.529881834119138,50.791666666666664,92.30166666666666,-0.31505084833951696,0.11896444124908798,FALSE,FALSE,0,-4.674163057475043
0-4 km,20932,KRIR,KRIR,RIR,Flabob Airport,small_airport,06065,2007-01-01,0.008971428571428571,7,1,FALSE,6.201431710379487,4.501411730651986,40.17857142857143,91.88571428571429,0.3563753147787339,0.3557946567488018,FALSE,FALSE,0,-4.608031418269124
0-4 km,20932,KRIR,KRIR,RIR,Flabob Airport,small_airport,06065,2007-02-01,0.00484,5,1,FALSE,15.137994384765648,3.71831063813983,40.85,92.204,-0.03237757543448303,0.36087671754055456,FALSE,FALSE,0,-5.1430244821420015
0-4 km,20932,KRIR,KRIR,RIR,Flabob Airport,small_airport,06065,2007-03-01,0.011,7,1,FALSE,13.874283272879486,3.5897276282804134,47.785714285714285,91.85,0.9398637167505386,-0.1747209304232615,FALSE,FALSE,0,-4.422848629194137
0-4 km,20932,KRIR,KRIR,RIR,Flabob Airport,small_airport,06065,2007-04-01,0.0077714285714285715,7,1,FALSE,14.840007672991094,3.724144846560646,44.07142857142857,91.58571428571429,0.8315446937914825,0.1959763934552105,FALSE,FALSE,0,-4.736255592884353
0-4 km,20932,KRIR,KRIR,RIR,Flabob Airport,small_airport,06065,2007-05-01,0.01,5,1,FALSE,17.5080017089844,3.245485440527752,31.3,91.642,0.03844495775880688,-0.09258768330376886,FALSE,FALSE,0,-4.509860006183766
0-4 km,20932,KRIR,KRIR,RIR,Flabob Airport,small_airport,06065,2007-06-01,0.011,6,1,FALSE,22.404997762044292,4.256183179978129,34.625,91.465,-0.5871581459761949,-0.5807230110408158,FALSE,FALSE,0,-4.422848629194137
0-4 km,20932,KRIR,KRIR,RIR,Flabob Airport,small_airport,06065,2007-07-01,0.022,5,1,FALSE,24.592004394531273,3.2573022719026916,35.8,91.57600000000001,0.49751057687587785,-0.6175149095299257,FALSE,FALSE,0,-3.7722610630529876
0-4 km,20932,KRIR,KRIR,RIR,Flabob Airport,small_airport,06065,2007-08-01,0.005571428571428572,7,1,FALSE,25.090003313337075,5.752692701769854,36.607142857142854,91.45,-0.46384131438894033,-0.0368206289163933,FALSE,FALSE,0,-5.025024031548355
0-4 km,20932,KRIR,KRIR,RIR,Flabob Airport,small_airport,06065,2007-09-01,0.01,5,1,FALSE,21.622003173828148,3.0219546312840913,39.1,91.558,-0.10913438230854947,-0.3437843563968654,FALSE,FALSE,0,-4.509860006183766
0-4 km,20932,KRIR,KRIR,RIR,Flabob Airport,small_airport,06065,2007-10-01,0.014833333333333334,6,1,FALSE,19.163323974609398,2.38722945543071,34.875,91.68166666666667,0.8583567045478309,-0.2394840407211376,FALSE,FALSE,0,-4.1456378566096515
0-4 km,20932,KRIR,KRIR,RIR,Flabob Airport,small_airport,06065,2007-11-01,0.0185,6,1,FALSE,14.023339843750023,2.0970646379625353,38.458333333333336,91.92166666666667,-0.4012897049343022,0.40431824834565105,FALSE,FALSE,0,-3.937340813412436
0-4 km,20932,KRIR,KRIR,RIR,Flabob Airport,small_airport,06065,2007-12-01,0.0064571428571428575,7,1,FALSE,4.982847377232166,3.5639851731664405,58.714285714285715,91.94,-0.09903805927398618,0.11486382937000769,FALSE,FALSE,0,-4.898582933148857
0-4 km,20932,KRIR,KRIR,RIR,Flabob Airport,small_airport,06065,2008-01-01,0.008333333333333333,6,1,FALSE,6.231683349609398,5.810477596674344,65.04166666666667,91.95833333333333,-0.031775758675032996,0.07028821991075006,FALSE,FALSE,0,-4.674163057475043
0-4 km,20932,KRIR,KRIR,RIR,Flabob Airport,small_airport,06065,2008-02-01,0.0075,4,1,FALSE,8.889993286132835,3.698566424200717,60.0625,92.0575,0.12707600259050175,0.24324917288111153,FALSE,FALSE,0,-4.767689115485866
0-4 km,20932,KRIR,KRIR,RIR,Flabob Airport,small_airport,06065,2008-03-01,0.01,5,1,FALSE,12.708001708984398,3.9813735175797578,45.95,91.83,0.5234744635344425,0.18652322909188734,FALSE,FALSE,0,-4.509860006183766
0-4 km,20932,KRIR,KRIR,RIR,Flabob Airport,small_airport,06065,2008-04-01,0.008,5,1,FALSE,14.620001220703148,3.1953655044734597,39.45,91.7,0.13390364134922933,0.15057471131059902,FALSE,FALSE,0,-4.710530701645918
0-4 km,20932,KRIR,KRIR,RIR,Flabob Airport,small_airport,06065,2008-05-01,0.004,5,1,FALSE,15.978002929687523,3.0890672815314453,55.55,91.456,0.1318580901443802,-0.3719829035048495,FALSE,FALSE,0,-5.298317366548036
0-4 km,20932,KRIR,KRIR,RIR,Flabob Airport,small_airport,06065,2008-06-01,0.01,5,1,FALSE,22.538006591796897,3.066332926581669,31,91.484,0.6498079942456914,-0.06371477584498864,FALSE,FALSE,0,-4.509860006183766
0-4 km,20932,KRIR,KRIR,RIR,Flabob Airport,small_airport,06065,2008-07-01,0.012,5,1,FALSE,24.052014160156272,4.4268678762698555,38.8,91.626,0.04543463831714415,-0.6097544203401329,FALSE,FALSE,0,-4.3428059215206005
0-4 km,20932,KRIR,KRIR,RIR,Flabob Airport,small_airport,06065,2008-08-01,0.01,5,1,FALSE,24.31799316406252,3.330487685294061,39.3,91.52199999999999,0.11398248185728188,-0.4861579149239793,FALSE,FALSE,0,-4.509860006183766
0-4 km,20932,KRIR,KRIR,RIR,Flabob Airport,small_airport,06065,2008-09-01,0.01,5,1,FALSE,22.8620056152344,2.6475159886154267,44,91.56400000000001,0.11800757169994028,-0.09332239192447557,FALSE,FALSE,0,-4.509860006183766
0-4 km,20932,KRIR,KRIR,RIR,Flabob Airport,small_airport,06065,2008-10-01,0.014,5,1,FALSE,19.76800537109377,5.543819372446046,37.65,91.752,-0.49934320908172025,-0.1197612184978012,FALSE,FALSE,0,-4.199705077879927
0-4 km,20932,KRIR,KRIR,RIR,Flabob Airport,small_airport,06065,2008-11-01,0.01,4,1,FALSE,16.30999908447268,2.494614437436687,47.9375,91.9575,-0.7240831052177196,0.014252649200017294,FALSE,FALSE,0,-4.509860006183766
0-4 km,20932,KRIR,KRIR,RIR,Flabob Airport,small_airport,06065,2008-12-01,0.008,5,1,FALSE,7.400006103515648,4.312565404826829,73.35,91.64399999999999,-0.5508626916911171,-0.02488792612439466,FALSE,FALSE,0,-4.710530701645918
0-4 km,20932,KRIR,KRIR,RIR,Flabob Airport,small_airport,06065,2009-01-01,0.01102,15,1,FALSE,11.08267008463544,3.354086138528502,51.916666666666664,92.196,0.4140321593711928,0.5131288211243924,FALSE,FALSE,0,-4.421183349875076
0-4 km,20932,KRIR,KRIR,RIR,Flabob Airport,small_airport,06065,2009-02-01,0.011455555555555556,9,1,FALSE,7.343340386284745,3.8082791684785446,83.88888888888889,91.91555555555556,0.8957725257780242,-0.30693644167215206,FALSE,FALSE,0,-4.385588526240242
0-4 km,20932,KRIR,KRIR,RIR,Flabob Airport,small_airport,06065,2009-03-01,0.0077714285714285715,14,1,FALSE,14.031427001953148,3.8578483986704826,46.25,91.62357142857142,0.982832234909022,-0.05930317839086025,FALSE,FALSE,0,-4.736255592884353
0-4 km,20932,KRIR,KRIR,RIR,Flabob Airport,small_airport,06065,2009-04-01,0.00955,12,1,FALSE,15.30584615071617,3.9537086450266674,39.666666666666664,91.76333333333334,0.137500239045981,0.07306993434765276,FALSE,FALSE,0,-4.5516294190600615
0-4 km,20932,KRIR,KRIR,RIR,Flabob Airport,small_airport,06065,2009-05-01,0.010366666666666666,15,1,FALSE,19.06133219401044,2.900810257169671,42.15,91.59066666666666,0.4747219537057238,-0.5124895888985321,FALSE,FALSE,0,-4.477070183360776
0-4 km,20932,KRIR,KRIR,RIR,Flabob Airport,small_airport,06065,2009-06-01,0.006215384615384616,13,1,FALSE,18.837696721003628,3.8952294852969382,53,91.42769230769231,-0.6247794103319407,-0.22521455998695902,FALSE,FALSE,0,-4.931539780431494
0-4 km,20932,KRIR,KRIR,RIR,Flabob Airport,small_airport,06065,2009-07-01,0.009641666666666666,12,1,FALSE,25.250840759277366,4.605592678059116,35.5625,91.69083333333333,0.2066593310576081,-0.5791840692148037,FALSE,FALSE,0,-4.542978165731643
0-4 km,20932,KRIR,KRIR,RIR,Flabob Airport,small_airport,06065,2009-08-01,0.009315384615384616,13,1,FALSE,24.526936222956753,4.214054734913096,36.71153846153846,91.74,-0.6008295654401641,-0.4655090756585003,FALSE,FALSE,0,-4.574118846156041
0-4 km,20932,KRIR,KRIR,RIR,Flabob Airport,small_airport,06065,2009-09-01,0.010033333333333333,12,1,FALSE,23.570001220703148,4.487587916333125,35.770833333333336,91.72749999999999,-0.49557132371816576,0.049077593549509524,FALSE,FALSE,0,-4.50683428526723
0-4 km,20932,KRIR,KRIR,RIR,Flabob Airport,small_airport,06065,2009-10-01,0.0055,11,1,FALSE,14.415462979403431,4.188504578927629,44.77272727272727,91.26636363636364,-0.5094595457105039,0.2127414002554043,FALSE,FALSE,0,-5.035953102080546
0-4 km,20932,KRIR,KRIR,RIR,Flabob Airport,small_airport,06065,2009-11-01,0.011575,12,1,FALSE,14.286673482259138,4.814638214279469,41.1875,91.83333333333333,-0.4281259193536789,-0.06892331472103141,FALSE,FALSE,0,-4.376044562996334
0-4 km,20932,KRIR,KRIR,RIR,Flabob Airport,small_airport,06065,2009-12-01,0.009861538461538462,13,1,FALSE,6.954614257812523,5.069807331115428,61.92307692307692,91.93307692307692,-0.3680075725147326,0.13486963708427535,FALSE,FALSE,0,-4.522527311384533
0-4 km,20932,KRIR,KRIR,RIR,Flabob Airport,small_airport,06065,2010-01-01,0.005,5,1,FALSE,8.952001953125023,4.198698028166016,66.4,91.676,0.8662980674385445,0.35478389717388875,FALSE,FALSE,0,-5.115995809754082
0-4 km,20932,KRIR,KRIR,RIR,Flabob Airport,small_airport,06065,2010-02-01,0.006,5,1,FALSE,8.454003906250023,3.0961990076641004,79.05,91.61200000000001,0.7589862880487478,-0.30238569807947313,FALSE,FALSE,0,-4.961845129926823
0-4 km,20932,KRIR,KRIR,RIR,Flabob Airport,small_airport,06065,2010-03-01,0.004,5,1,FALSE,11.119995117187523,3.8078317565688735,49.15,91.916,0.23128554021122666,0.03463754373176641,FALSE,FALSE,0,-5.298317366548036
0-4 km,20932,KRIR,KRIR,RIR,Flabob Airport,small_airport,06065,2010-04-01,0.013625,8,1,FALSE,13.186250305175804,2.3378200486272194,45.5,91.63,0.1791383272298342,0.020480435296327842,FALSE,FALSE,0,-4.225022885864217
0-4 km,20932,KRIR,KRIR,RIR,Flabob Airport,small_airport,06065,2010-05-01,0.006571428571428572,7,1,FALSE,16.874287632533505,2.51037349674649,43.714285714285715,91.54142857142857,0.45932227227556777,-0.4862535308233721,FALSE,FALSE,0,-4.883373514485329
0-4 km,20932,KRIR,KRIR,RIR,Flabob Airport,small_airport,06065,2010-06-01,0.0063,8,1,FALSE,19.05000457763674,4.120503985290868,46.3125,91.6725,-0.059462405101100436,-0.6765282786913819,FALSE,FALSE,0,-4.919880930827792
0-4 km,20932,KRIR,KRIR,RIR,Flabob Airport,small_airport,06065,2010-07-01,0.0053625,8,1,FALSE,23.78125152587893,4.815552853034638,36.53125,91.52875,-0.3075167563178867,-0.45948064302967084,FALSE,FALSE,0,-5.0573338971054955
0-4 km,20932,KRIR,KRIR,RIR,Flabob Airport,small_airport,06065,2010-08-01,0.0088,7,1,FALSE,22.720003836495557,1.3991878304036267,35.92857142857143,91.49571428571429,-0.2820560352922542,-0.27156473138655896,FALSE,FALSE,0,-4.62537289330561
0-4 km,20932,KRIR,KRIR,RIR,Flabob Airport,small_airport,06065,2010-09-01,0.0087875,8,1,FALSE,22.41250381469729,4.613340834173363,36.28125,91.4425,-0.45212024434055026,-0.24526480426135955,FALSE,FALSE,0,-4.626649217665215
0-4 km,20932,KRIR,KRIR,RIR,Flabob Airport,small_airport,06065,2010-10-01,0.0043,7,1,FALSE,15.942847551618327,3.956013282590311,55.25,91.75,0.7747865423466687,-0.22585783663996098,FALSE,FALSE,0,-5.240048458424061
0-4 km,20932,KRIR,KRIR,RIR,Flabob Airport,small_airport,06065,2010-11-01,0.0057125,8,1,FALSE,13.481248474121116,1.657873371663828,46.96875,91.75,0.8472949198834308,-0.07882613907446016,FALSE,FALSE,0,-5.003783819147154
0-4 km,20932,KRIR,KRIR,RIR,Flabob Airport,small_airport,06065,2010-12-01,0.009814285714285715,7,1,FALSE,10.708568464006719,6.806644423877019,71.75,91.63857142857142,-0.3812820726486404,-0.1347160118926413,FALSE,FALSE,0,-4.526887267594048
0-4 km,20932,KRIR,KRIR,RIR,Flabob Airport,small_airport,06065,2011-01-01,0.0045874999999999996,8,1,FALSE,8.705010986328148,4.745048133942691,54.8125,92.05375000000001,0.80129068087839594,0.414298559079245,FALSE,FALSE,0,-5.18722331904245
0-4 km,20932,KRIR,KRIR,RIR,Flabob Airport,small_airport,06065,2011-02-01,0.004,5,1,FALSE,7.094006347656273,3.7152717159122726,56.9,91.572,0.47525633323490346,-0.10539075509466113,FALSE,FALSE,0,-5.298317366548036
0-4 km,20932,KRIR,KRIR,RIR,Flabob Airport,small_airport,06065,2011-03-01,0.0055,4,1,FALSE,12.36249694824221,1.6359584395383124,58.5625,91.8025,0.04963656902261232,-0.015349127396106332,FALSE,FALSE,0,-5.035953102080546
0-4 km,20932,KRIR,KRIR,RIR,Flabob Airport,small_airport,06065,2011-04-01,0.0056,5,1,FALSE,11.926007080078147,3.2109499345094306,53.6,91.586,0.23246746930682022,0.04675900616914915,FALSE,FALSE,0,-5.0206856299497575
0-4 km,20932,KRIR,KRIR,RIR,Flabob Airport,small_airport,06065,2011-05-01,0.0052125,8,1,FALSE,15.630002593994163,1.3467866106512463,40.21875,91.61500000000001,0.11507389618113575,-0.19814241360705942,FALSE,FALSE,0,-5.08119188755939
0-4 km,20932,KRIR,KRIR,RIR,Flabob Airport,small_airport,06065,2011-06-01,0.0059,7,1,FALSE,18.358575439453148,3.352450802861303,46,91.48285714285714,0.2031267133616456,-0.3215972209974663,FALSE,FALSE,0,-4.976233867378923
0-4 km,20932,KRIR,KRIR,RIR,Flabob Airport,small_airport,06065,2011-07-01,0.0058875,8,1,FALSE,23.887498474121116,4.677110676123997,38.46875,91.43249999999999,0.3930298814885923,-0.5078139121004863,FALSE,FALSE,0,-4.978047104503104
0-4 km,20932,KRIR,KRIR,RIR,Flabob Airport,small_airport,06065,2011-08-01,0.006377777777777778,9,1,FALSE,23.357781982421898,4.387031199831708,36,91.52555555555556,-0.9091951716804251,-0.3080056667911976,FALSE,FALSE,0,-4.909282799835968
0-4 km,20932,KRIR,KRIR,RIR,Flabob Airport,small_airport,06065,2011-09-01,0.0076,7,1,FALSE,22.207147216796898,3.001979307103343,40.392857142857146,91.83,-0.08388144140545677,-0.21233428281412495,FALSE,FALSE,0,-4.755993075722675
0-4 km,20932,KRIR,KRIR,RIR,Flabob Airport,small_airport,06065,2011-10-01,0.007825,8,1,FALSE,16.573751068115257,3.1342055104648545,41.90625,91.74875,0.14802076731530972,0.485536586459335,FALSE,FALSE,0,-4.730166676162777
0-4 km,20932,KRIR,KRIR,RIR,Flabob Airport,small_airport,06065,2011-11-01,0.0065,7,1,FALSE,12.585709054129486,6.058064045793442,39.92857142857143,91.89428571428572,0.1463267509292562,0.030162929199700234,FALSE,FALSE,0,-4.892852258439873
0-4 km,20932,KRIR,KRIR,RIR,Flabob Airport,small_airport,06065,2011-12-01,0.0058,5,1,FALSE,7.678009033203148,3.217679187137261,38.15,92.182,-0.1011808371688844,0.6212462462459898,FALSE,FALSE,0,-4.990832666800076
0-4 km,20932,KRIR,KRIR,RIR,Flabob Airport,small_airport,06065,2012-01-01,0.010157142857142858,7,1,FALSE,9.894285365513415,3.7175066446594576,51.92857142857143,92.13571428571429,0.8905246095366891,0.2905513226132206,FALSE,FALSE,0,-4.49567537119181
0-4 km,20932,KRIR,KRIR,RIR,Flabob Airport,small_airport,06065,2012-02-01,0.0044,5,1,FALSE,8.534008789062522,4.6692755005494035,54.45,91.782,0.6586688383758477,-0.0034353682745604797,FALSE,FALSE,0,-5.221356325411908
0-4 km,20932,KRIR,KRIR,RIR,Flabob Airport,small_airport,06065,2012-03-01,0.004228571428571429,7,1,FALSE,14.570009940011184,2.5595642723587337,43.57142857142857,91.84714285714286,0.027929765905185425,0.14748204449392616,FALSE,FALSE,0,-5.253617187630129
0-4 km,20932,KRIR,KRIR,RIR,Flabob Airport,small_airport,06065,2012-04-01,0.0040875,8,1,FALSE,13.877500152587913,1.8279574234651519,49.65625,91.73125,-0.05489654165542475,0.11598030528797151,FALSE,FALSE,0,-5.2809687282134234
0-4 km,20932,KRIR,KRIR,RIR,Flabob Airport,small_airport,06065,2012-05-01,0.005857142857142858,7,1,FALSE,19.155725097656273,1.5549042587102635,38.107142857142854,91.61285714285714,0.04129332414498422,-0.6293984934115792,FALSE,FALSE,0,-4.98246441712956
0-4 km,20932,KRIR,KRIR,RIR,Flabob Airport,small_airport,06065,2012-06-01,0.0054,8,1,FALSE,20.287507629394554,5.465734659460299,40.65625,91.34375,-0.2846172224455349,-0.5456936821957735,FALSE,FALSE,0,-5.051457288616511
0-4 km,20932,KRIR,KRIR,RIR,Flabob Airport,small_airport,06065,2012-07-01,0.004757142857142857,7,1,FALSE,23.15858067103797,3.4234868133944865,41.5,91.72857142857143,0.02011251700357943,-0.5755488042034803,FALSE,FALSE,0,-5.157313959084813
0-4 km,20932,KRIR,KRIR,RIR,Flabob Airport,small_airport,06065,2012-08-01,0.005,9,1,FALSE,25.276669650607662,3.4876168211503686,40.52777777777778,91.64222222222222,-0.024581359971194053,-0.5865306456585859,FALSE,FALSE,0,-5.115995809754082
0-4 km,20932,KRIR,KRIR,RIR,Flabob Airport,small_airport,06065,2012-09-01,0.0065375,8,1,FALSE,22.423753356933616,2.5611286247102694,42.28125,91.835,0.45177824272553063,-0.13399727592243388,FALSE,FALSE,0,-4.887864716928833
0-4 km,20932,KRIR,KRIR,RIR,Flabob Airport,small_airport,06065,2012-10-01,0.005914285714285714,7,1,FALSE,14.854285539899577,3.1313662235366717,55.42857142857143,91.72285714285714,-0.6900238764494172,0.09498515654969136,FALSE,FALSE,0,-4.974165614314864
0-4 km,20932,KRIR,KRIR,RIR,Flabob Airport,small_airport,06065,2012-11-01,0.0055000000000000005,8,1,FALSE,13.213746643066429,3.285430496507513,59.65625,92.14875,-0.07566972030116118,0.006462307369738615,FALSE,FALSE,0,-5.035953102080546
0-4 km,20932,KRIR,KRIR,RIR,Flabob Airport,small_airport,06065,2012-12-01,0.008757142857142857,7,1,FALSE,9.08000662667413,2.5343679965526422,69.39285714285714,92.01571428571428,-0.5660844311062553,0.05003109084187229,FALSE,FALSE,0,-4.629755661460706
0-4 km,20932,KRIR,KRIR,RIR,Flabob Airport,small_airport,06065,2013-01-01,0.0046125,8,1,FALSE,6.207501983642601,3.621140790738173,45.65625,92.1325,0.6785631656349524,0.4542849240067769,FALSE,FALSE,0,-5.182759025913764
0-4 km,20932,KRIR,KRIR,RIR,Flabob Airport,small_airport,06065,2013-02-01,0.0027857142857142855,7,1,FALSE,7.315702601841541,3.4856106876499218,58.357142857142854,91.74142857142857,0.3021099305309794,0.14185719270512573,FALSE,FALSE,0,-5.576520695045274
0-4 km,20932,KRIR,KRIR,RIR,Flabob Airport,small_airport,06065,2013-03-01,0.005,5,1,FALSE,13.590008544921897,3.4924689972582525,44.4,91.864,0.940542799695173,-0.17583108351785737,FALSE,FALSE,0,-5.115995809754082
0-4 km,20932,KRIR,KRIR,RIR,Flabob Airport,small_airport,06065,2013-04-01,0.003416666666666667,6,1,FALSE,15.240004475911482,1.9598686872656599,40.958333333333336,91.69,0.22738916961343217,-0.18656851699889407,FALSE,FALSE,0,-5.422370015218015
0-4 km,20932,KRIR,KRIR,RIR,Flabob Airport,small_airport,06065,2013-05-01,0.003325,8,1,FALSE,17.367498016357445,3.283115367727547,51.96875,91.46375,0.27707680389944844,-0.35894698214079623,FALSE,FALSE,0,-5.443343138598294
0-4 km,20932,KRIR,KRIR,RIR,Flabob Airport,small_airport,06065,2013-06-01,0.005411111111111111,9,1,FALSE,21.002221679687523,3.3775892779135073,44.388888888888886,91.42111111111112,-0.07855910188185662,-0.7567985133053754,FALSE,FALSE,0,-5.049722682804303
0-4 km,20932,KRIR,KRIR,RIR,Flabob Airport,small_airport,06065,2013-07-01,0.00655,8,1,FALSE,24.733758544921898,3.6377728049634617,40.96875,91.65875,0.2008290651839365,-0.441628025553667,FALSE,FALSE,0,-4.886207715721204
0-4 km,20932,KRIR,KRIR,RIR,Flabob Airport,small_airport,06065,2013-08-01,0.005266666666666667,6,1,FALSE,23.290002441406273,2.692920752391297,35.25,91.66666666666666,0.5166143721261425,-0.3031195481740351,FALSE,FALSE,0,-5.0725106978143435
0-4 km,20932,KRIR,KRIR,RIR,Flabob Airport,small_airport,06065,2013-09-01,0.005775,8,1,FALSE,22.412507629394554,3.479403181420116,39.9375,91.4575,0.010926644174416633,-0.37118338293667436,FALSE,FALSE,0,-4.9945159122163725
0-4 km,20932,KRIR,KRIR,RIR,Flabob Airport,small_airport,06065,2013-10-01,0.010377777777777777,9,1,FALSE,16.79222344292537,2.306406685257616,39.083333333333336,91.83,0.5472425870274138,0.3121653651949389,FALSE,FALSE,0,-4.476093143712949
0-4 km,20932,KRIR,KRIR,RIR,Flabob Airport,small_airport,06065,2013-11-01,0.009357142857142857,7,1,FALSE,12.038572474888415,4.8938457870283845,50,92.15571428571428,-0.11799882036991913,0.5265084036934337,FALSE,FALSE,0,-4.5700788661768215
0-4 km,20932,KRIR,KRIR,RIR,Flabob Airport,small_airport,06065,2013-12-01,0.0085625,8,1,FALSE,9.759999847412132,3.00834840018335,33.0625,92.13875,-0.7388618849485237,0.4356083969040935,FALSE,FALSE,0,-4.649906079829482
0-4 km,20932,KRIR,KRIR,RIR,Flabob Airport,small_airport,06065,2014-01-01,0.0115,6,1,FALSE,12.970005289713564,4.153598407305019,26.833333333333332,91.93666666666667,0.6189571228304809,0.5429092711562423,FALSE,FALSE,0,-4.382026634673881
0-4 km,20932,KRIR,KRIR,RIR,Flabob Airport,small_airport,06065,2014-02-01,0.0054625,8,1,FALSE,12.09250411987307,2.3236982385214078,59.53125,91.545,0.6020988421392145,-0.1038640420025166,FALSE,FALSE,0,-5.04173903914759
0-4 km,20932,KRIR,KRIR,RIR,Flabob Airport,small_airport,06065,2014-03-01,0.007528571428571429,7,1,FALSE,14.328572300502255,4.194929393499472,41.714285714285715,91.81428571428572,0.4361173810497034,0.26891949456152636,FALSE,FALSE,0,-4.764333407638894
0-4 km,20932,KRIR,KRIR,RIR,Flabob Airport,small_airport,06065,2014-04-01,0.006957142857142857,7,1,FALSE,15.535725620814755,3.6188803313316624,41.07142857142857,91.51714285714286,-0.002565242138294855,-0.1903063198819223,FALSE,FALSE,0,-4.833685281104212
0-4 km,20932,KRIR,KRIR,RIR,Flabob Airport,small_airport,06065,2014-05-01,0.0054714285714285715,7,1,FALSE,17.508569335937523,4.297666805210466,37.285714285714285,91.48714285714286,0.11629866234280861,-0.06702133634213592,FALSE,FALSE,0,-5.040358395548462
0-4 km,20932,KRIR,KRIR,RIR,Flabob Airport,small_airport,06065,2014-06-01,0.0073124999999999996,8,1,FALSE,20.942510223388695,2.7639491405961523,41.09375,91.315,0.4085166711440825,-0.4063136589994301,FALSE,FALSE,0,-4.789994873000165
0-4 km,20932,KRIR,KRIR,RIR,Flabob Airport,small_airport,06065,2014-07-01,0.0074428571428571426,7,1,FALSE,23.708581542968773,4.06949335401188,46.464285714285715,91.84285714285714,0.14838843473628546,-0.27398192968663615,FALSE,FALSE,0,-4.774434503625398
0-4 km,20932,KRIR,KRIR,RIR,Flabob Airport,small_airport,06065,2014-08-01,0.0076375,8,1,FALSE,22.96625671386721,3.3493275070260418,45.28125,91.79375,0.42064175199258136,-0.43169037253799697,FALSE,FALSE,0,-4.751642089888349
0-4 km,20932,KRIR,KRIR,RIR,Flabob Airport,small_airport,06065,2014-09-01,0.005142857142857143,7,1,FALSE,23.132854352678596,2.953016891792688,48.42857142857143,91.47285714285714,0.20645660275445035,-0.6292434837593385,FALSE,FALSE,0,-5.092465312343888
0-4 km,20932,KRIR,KRIR,RIR,Flabob Airport,small_airport,06065,2014-10-01,0.006275,8,1,FALSE,18.99561462402346,3.044003445245983,38.34375,91.743125,0.3408378139161335,0.23041595939184523,FALSE,FALSE,0,-4.923311465924581
0-4 km,20932,KRIR,KRIR,RIR,Flabob Airport,small_airport,06065,2014-11-01,0.005475,4,1,FALSE,14.531228637695335,5.705663724680647,39.75,92.0225,-0.025071563972817512,0.0010012081359525651,FALSE,FALSE,0,-5.039806671396535
0-4 km,20932,KRIR,KRIR,RIR,Flabob Airport,small_airport,06065,2014-12-01,0.004628571428571429,7,1,FALSE,9.821422467912969,4.690789796954556,74.28571428571429,91.92714285714285,-0.3195252015119881,0.15972069683341,FALSE,FALSE,0,-5.179899611733562
0-4 km,20932,KRIR,KRIR,RIR,Flabob Airport,small_airport,06065,2015-01-01,0.0047888888888888885,9,1,FALSE,11.541657172309051,3.4136102686689944,47.80555555555556,92.13138888888889,0.6884085624849435,0.2113713991313856,FALSE,FALSE,0,-5.151814907559035
0-4 km,20932,KRIR,KRIR,RIR,Flabob Airport,small_airport,06065,2015-02-01,0.0028666666666666667,6,1,FALSE,11.254139200846376,2.0031397858832642,65.75,91.77083333333333,0.6387120249059486,0.3118946027261693,FALSE,FALSE,0,-5.555362469537927
0-4 km,20932,KRIR,KRIR,RIR,Flabob Airport,small_airport,06065,2015-03-01,0.0038888888888888888,9,1,FALSE,15.716658528645857,2.663045643559656,42.861111111111114,91.82972222222222,0.5574495293468151,0.17889579862359503,FALSE,FALSE,0,-5.320790222400095
0-4 km,20932,KRIR,KRIR,RIR,Flabob Airport,small_airport,06065,2015-04-01,0.003342857142857143,7,1,FALSE,14.62143205915181,3.504582339027131,54.035714285714285,91.46535714285714,0.5584348510691614,-0.10542197969432646,FALSE,FALSE,0,-5.439222819625274
0-4 km,20932,KRIR,KRIR,RIR,Flabob Airport,small_airport,06065,2015-05-01,0.0016125,8,1,FALSE,16.584371185302757,2.3222050369234397,52.21875,91.52437499999999,0.3572379142481977,-0.6664991208039499,FALSE,FALSE,0,-5.947447661691208
0-4 km,20932,KRIR,KRIR,RIR,Flabob Airport,small_airport,06065,2015-06-01,0.004342857142857143,7,1,FALSE,21.839279610770113,1.7858514915506283,46.17857142857143,91.50142857142858,0.5555099818516134,-0.412264680544814,FALSE,FALSE,0,-5.231994723616964
0-4 km,20932,KRIR,KRIR,RIR,Flabob Airport,small_airport,06065,2015-07-01,0.0040750000000000005,8,1,FALSE,22.40936431884768,3.0290745803287003,49.09375,91.61500000000001,-0.43545629692319443,-0.5251771423972482,FALSE,FALSE,0,-5.283428754054286
0-4 km,20932,KRIR,KRIR,RIR,Flabob Airport,small_airport,06065,2015-08-01,0.004916666666666666,6,1,FALSE,23.995833333333355,5.04754774742483,44.625,91.65083333333334,-0.21190540625118623,-0.5075040327115629,FALSE,FALSE,0,-5.129982051728822
0-4 km,20932,KRIR,KRIR,RIR,Flabob Airport,small_airport,06065,2015-09-01,0.0060999999999999995,8,1,FALSE,23.265615081787132,3.1895625473900817,49.375,91.4959375,0.06629199993129058,-0.5612755257110307,FALSE,FALSE,0,-4.947660494934867
0-4 km,20932,KRIR,KRIR,RIR,Flabob Airport,small_airport,06065,2015-10-01,0.00455,4,1,FALSE,21.074990844726585,2.9141556885353106,45,91.62125,0.4789513455051413,0.5475743595962902,FALSE,FALSE,0,-5.193957351223794
0-4 km,20932,KRIR,KRIR,RIR,Flabob Airport,small_airport,06065,2015-11-01,0.008,7,1,FALSE,11.80711844308038,3.0373727271040605,36.714285714285715,91.84857142857143,-0.6956081178995724,0.3729721228926552,FALSE,FALSE,0,-4.710530701645918
0-4 km,20932,KRIR,KRIR,RIR,Flabob Airport,small_airport,06065,2015-12-01,0.005,3,1,FALSE,5.19165445963544,2.9736999112103844,59.583333333333336,91.68083333333334,-0.31588678634681033,0.08732924465012541,FALSE,FALSE,0,-5.115995809754082
0-4 km,20932,KRIR,KRIR,RIR,Flabob Airport,small_airport,06065,2016-01-01,0.002857142857142857,7,1,FALSE,7.660699462890648,3.4417049250749585,69.75,91.84464285714286,0.08727828360147344,0.05861807679698653,FALSE,FALSE,0,-5.557828562033121
0-4 km,20932,KRIR,KRIR,RIR,Flabob Airport,small_airport,06065,2016-02-01,0.00304,5,1,FALSE,11.374993896484398,2.533686910014911,56.95,92.08500000000001,0.16450695703028384,0.003982308857654499,FALSE,FALSE,0,-5.511510587009078
0-4 km,20932,KRIR,KRIR,RIR,Flabob Airport,small_airport,06065,2016-03-01,0.004633333333333333,9,1,FALSE,12.813873969184051,3.198559263608268,56.77777777777778,91.785,0.009181753925570536,0.27107308073436803,FALSE,FALSE,0,-5.179053945721219
0-4 km,20932,KRIR,KRIR,RIR,Flabob Airport,small_airport,06065,2016-04-01,0.0051125,8,1,FALSE,17.00936660766604,3.275472366765896,44.6875,91.7903125,-0.696708061820604,-0.03561097785118712,FALSE,FALSE,0,-5.097419424181147
0-4 km,20932,KRIR,KRIR,RIR,Flabob Airport,small_airport,06065,2016-05-01,0.0043,7,1,FALSE,16.457134137834846,3.2734702122407584,53.57142857142857,91.59392857142858,-0.041882552567626914,-0.24503199455386748,FALSE,FALSE,0,-5.240048458424061
0-4 km,20932,KRIR,KRIR,RIR,Flabob Airport,small_airport,06065,2016-06-01,0.005525,8,1,FALSE,22.91561660766604,2.45352282869785,38.1875,91.7075,0.4438186092033605,-0.6710154000366616,FALSE,FALSE,0,-5.03211432577338
0-4 km,20932,KRIR,KRIR,RIR,Flabob Airport,small_airport,06065,2016-07-01,0.006857142857142857,7,1,FALSE,24.664287458147346,2.4638685247634537,32.785714285714285,91.54785714285714,-0.04078709971014665,-0.4477963209492927,FALSE,FALSE,0,-4.846332242804979
0-4 km,20932,KRIR,KRIR,RIR,Flabob Airport,small_airport,06065,2016-08-01,0.0056875,8,1,FALSE,22.778115844726585,3.5394154884669016,42.625,91.68062499999999,-0.20005807448385182,-0.4943197523361498,FALSE,FALSE,0,-5.007515166760012
0-4 km,20932,KRIR,KRIR,RIR,Flabob Airport,small_airport,06065,2016-09-01,0.005485714285714286,7,1,FALSE,21.16427437918529,6.009658903095341,45.464285714285715,91.77142857142857,-0.4882800756521997,-0.08186320502175563,FALSE,FALSE,0,-5.038153322990148
0-4 km,20932,KRIR,KRIR,RIR,Flabob Airport,small_airport,06065,2016-10-01,0.006366666666666666,6,1,FALSE,18.09998474121096,1.558855341480655,41.583333333333336,91.71708333333333,-0.6095767049157047,-0.09554730890944389,FALSE,FALSE,0,-4.910789959126539
0-4 km,20932,KRIR,KRIR,RIR,Flabob Airport,small_airport,06065,2016-11-01,0.00725,6,1,FALSE,15.608326212565126,5.207248016131614,34.583333333333336,91.97625,-0.02861370698113913,0.02147696786274129,FALSE,FALSE,0,-4.797542078635548
0-4 km,20932,KRIR,KRIR,RIR,Flabob Airport,small_airport,06065,2016-12-01,0.005511111111111111,9,1,FALSE,9.016653103298633,3.049298334863959,48.638888888888886,92.06777777777778,-0.7518308816363285,0.3051018625637386,FALSE,FALSE,0,-5.03424515973539
0-4 km,20932,KRIR,KRIR,RIR,Flabob Airport,small_airport,06065,2017-01-01,0.003977777777777778,9,1,FALSE,7.1388861762153,3.1792601661577744,75.83333333333333,91.85277777777777,-0.028085974362888497,0.2899805151786885,FALSE,FALSE,0,-5.302771716897417
0-4 km,20932,KRIR,KRIR,RIR,Flabob Airport,small_airport,06065,2017-02-01,0.0032333333333333337,6,1,FALSE,6.912500000000023,5.024809169313876,79.375,91.5725,-0.14961332704481792,0.08683754407746196,FALSE,FALSE,0,-5.464765574185701
0-4 km,20932,KRIR,KRIR,RIR,Flabob Airport,small_airport,06065,2017-03-01,0.004428571428571428,7,1,FALSE,14.88570992606029,2.3739123174497943,42.214285714285715,92.1075,-0.007097494338612382,-0.1878810464024952,FALSE,FALSE,0,-5.216079268311065
0-4 km,20932,KRIR,KRIR,RIR,Flabob Airport,small_airport,06065,2017-04-01,0.0048000000000000004,5,1,FALSE,13.995001220703148,4.103921104151288,60.1,91.606,-0.11594092743844882,-0.24067581386092915,FALSE,FALSE,0,-5.149897361429764
0-4 km,20932,KRIR,KRIR,RIR,Flabob Airport,small_airport,06065,2017-05-01,0.0038666666666666667,9,1,FALSE,17.133318413628494,2.4023801296524816,43.638888888888886,91.40694444444445,-0.29221214347329116,-0.29310397546923106,FALSE,FALSE,0,-5.325346038935956
0-4 km,20932,KRIR,KRIR,RIR,Flabob Airport,small_airport,06065,2017-06-01,0.0042,7,1,FALSE,21.539278738839307,2.048549355404238,43.642857142857146,91.5125,0.006736451217989706,-0.19315733702682467,FALSE,FALSE,0,-5.259096653394756
0-4 km,20932,KRIR,KRIR,RIR,Flabob Airport,small_airport,06065,2017-07-01,0.004028571428571428,7,1,FALSE,25.199993024553596,4.081188021178684,41.964285714285715,91.77678571428571,-0.36772165804417584,-0.6186492029450245,FALSE,FALSE,0,-5.292619345433399
0-4 km,20932,KRIR,KRIR,RIR,Flabob Airport,small_airport,06065,2017-08-01,0.0055249999999999995,4,1,FALSE,25.868753051757835,2.21361256888257,37.8125,91.7075,0.5890482763506363,-0.713976111849674,FALSE,FALSE,0,-5.03211432577338
0-4 km,20932,KRIR,KRIR,RIR,Flabob Airport,small_airport,06065,2017-09-01,0.00445,8,1,FALSE,20.665608978271507,3.271628268295848,48.125,91.6471875,0.4393100554453848,0.1754861193076311,FALSE,FALSE,0,-5.212139670306985
0-4 km,20932,KRIR,KRIR,RIR,Flabob Airport,small_airport,06065,2017-10-01,0.006985714285714285,7,1,FALSE,17.249993896484398,3.5558172385627347,31.892857142857142,91.96035714285715,0.1231211369312692,0.3716884472968157,FALSE,FALSE,0,-4.830101047876397
0-4 km,20932,KRIR,KRIR,RIR,Flabob Airport,small_airport,06065,2017-11-01,0.0077875,8,1,FALSE,14.859368896484398,2.7619309992533365,59.8125,91.826875,0.028076772717355175,-0.4164586851477969,FALSE,FALSE,0,-4.734425021845354
0-4 km,20932,KRIR,KRIR,RIR,Flabob Airport,small_airport,06065,2017-12-01,0.006285714285714286,7,1,FALSE,10.80356096540181,3.2898665525597477,36,92.15892857142858,-0.5291062723944735,0.40540470178170457,FALSE,FALSE,0,-4.921839795313125
0-4 km,20932,KRIR,KRIR,RIR,Flabob Airport,small_airport,06065,2018-01-01,0.005745,8,1,FALSE,11.99686965942385,2.1310338994739206,48.875,92.05875,0.2759599770269704,0.636337514996361,FALSE,FALSE,0,-4.998953789322417
0-4 km,20932,KRIR,KRIR,RIR,Flabob Airport,small_airport,06065,2018-02-01,0.005511428571428572,7,1,FALSE,10.171411132812523,3.482803074558671,44.892857142857146,91.73892857142857,0.7508563964150776,0.19846400376134027,FALSE,FALSE,0,-5.034196404219912
0-4 km,20932,KRIR,KRIR,RIR,Flabob Airport,small_airport,06065,2018-03-01,0.00276375,8,1,FALSE,9.503118133544945,3.1214888184570913,63,91.664375,0.13582308654108638,-0.13283094613338628,FALSE,FALSE,0,-5.582339478168331
0-4 km,20932,KRIR,KRIR,RIR,Flabob Airport,small_airport,06065,2018-04-01,0.004168571428571429,7,1,FALSE,14.732132393973236,2.7457211620395596,45.607142857142854,91.71249999999999,0.8833479781132817,-0.23073179107354022,FALSE,FALSE,0,-5.265158948070301
0-4 km,20932,KRIR,KRIR,RIR,Flabob Airport,small_airport,06065,2018-05-01,0.003005,8,1,FALSE,14.478116607666038,1.5247257206655553,62.78125,91.5278125,0.5660277344884851,-0.7374479942248205,FALSE,FALSE,0,-5.520211698461814
0-4 km,20932,KRIR,KRIR,RIR,Flabob Airport,small_airport,06065,2018-06-01,0.005145714285714286,7,1,FALSE,19.332134137834846,2.7674677998694737,49.535714285714285,91.5225,0.026169850450535135,-0.5357102196814091,FALSE,FALSE,0,-5.0920003041978665
0-4 km,20932,KRIR,KRIR,RIR,Flabob Airport,small_airport,06065,2018-07-01,0.004851111111111112,9,1,FALSE,26.20554334852433,2.7799269857772493,41.666666666666664,91.81055555555555,-0.18833862310570956,-0.7901532264920399,FALSE,FALSE,0,-5.141123702250193
0-4 km,20932,KRIR,KRIR,RIR,Flabob Airport,small_airport,06065,2018-08-01,0.0058137499999999995,8,1,FALSE,24.075002288818382,2.5523152613487414,41.03125,91.7296875,0.40533164569463603,-0.5711929377962643,FALSE,FALSE,0,-4.988812649585784
0-4 km,20932,KRIR,KRIR,RIR,Flabob Airport,small_airport,06065,2018-09-01,0.0067828571428571426,7,1,FALSE,22.28927437918529,2.612070298525599,42.67857142857143,91.56071428571428,-0.09134497255673822,-0.5700284555421249,FALSE,FALSE,0,-4.855831766196194
0-4 km,20932,KRIR,KRIR,RIR,Flabob Airport,small_airport,06065,2018-10-01,0.0063025,8,1,FALSE,16.76874694824221,3.243996856131037,55.40625,91.7425,-0.11034570320018089,-0.15257871430173872,FALSE,FALSE,0,-4.919538523702378
0-4 km,20932,KRIR,KRIR,RIR,Flabob Airport,small_airport,06065,2018-11-01,0.007668571428571428,7,1,FALSE,13.86070731026788,2.322818173370651,43.142857142857146,91.88357142857143,0.09538286100613035,0.03124717807958829,FALSE,FALSE,0,-4.7480512735571185
0-4 km,20932,KRIR,KRIR,RIR,Flabob Airport,small_airport,06065,2018-12-01,0.006232857142857143,7,1,FALSE,10.246410260881719,2.1523691034133146,47.964285714285715,92.02464285714285,-0.48469210406054364,0.4482111112578406,FALSE,FALSE,0,-4.9291211420556325
0-4 km,20932,KRIR,KRIR,RIR,Flabob Airport,small_airport,06065,2019-01-01,0.004371428571428571,7,1,FALSE,8.650000871930827,2.837773517047402,78.32142857142857,92.00035714285714,0.26056124381734225,0.2977013422912205,FALSE,FALSE,0,-5.2266613776416015
0-4 km,20932,KRIR,KRIR,RIR,Flabob Airport,small_airport,06065,2019-02-01,0.00394375,8,1,FALSE,8.012490844726585,3.841290241381983,77.5625,91.57625,0.5305390516179912,-0.3449374897899109,FALSE,FALSE,0,-5.30963112644831
0-4 km,20932,KRIR,KRIR,RIR,Flabob Airport,small_airport,06065,2019-03-01,0.0021,7,1,FALSE,8.449993024553594,4.003062572610164,77.17857142857143,91.7967857142857,-0.19495090204805948,0.005002315270339169,FALSE,FALSE,0,-5.7763531674910364
0-4 km,20932,KRIR,KRIR,RIR,Flabob Airport,small_airport,06065,2019-04-01,0.00360375,8,1,FALSE,14.771863555908226,1.6271431707053552,62.59375,91.5409375,0.4378599046894921,-0.641318297774743,FALSE,FALSE,0,-5.380884090204999
0-4 km,20932,KRIR,KRIR,RIR,Flabob Airport,small_airport,06065,2019-05-01,0.0026485714285714285,7,1,FALSE,14.26070992606029,3.0769723667302595,64.07142857142857,91.32464285714286,-0.32908675963981626,-0.49181956855845393,FALSE,FALSE,0,-5.613419577433057
0-4 km,20932,KRIR,KRIR,RIR,Flabob Airport,small_airport,06065,2019-06-01,0.00547,8,1,FALSE,19.162496185302757,5.544355049981577,53.625,91.450625,0.13413993423479784,-0.49362713795402885,FALSE,FALSE,0,-5.040579170469328
0-4 km,20932,KRIR,KRIR,RIR,Flabob Airport,small_airport,06065,2019-07-01,0.004291428571428571,7,1,FALSE,21.685706438337075,3.48858576747713,48,91.6425,-0.36523156348625124,-0.6589144684696809,FALSE,FALSE,0,-5.241667018259472
0-4 km,20932,KRIR,KRIR,RIR,Flabob Airport,small_airport,06065,2019-08-01,0.00653,9,1,FALSE,23.249993896484398,4.4474844874498105,43.44444444444444,91.77111111111111,-0.2617558535282957,-0.4046827467884079,FALSE,FALSE,0,-4.888860237170335
0-4 km,20932,KRIR,KRIR,RIR,Flabob Airport,small_airport,06065,2019-09-01,0.0057575000000000005,8,1,FALSE,19.64686737060549,5.249529821629984,45.625,91.6346875,-0.7117478292661554,-0.1723467850192544,FALSE,FALSE,0,-4.997102279813672
0-4 km,20932,KRIR,KRIR,RIR,Flabob Airport,small_airport,06065,2019-10-01,0.0077628571428571425,7,1,FALSE,16.714279610770113,4.213069932728837,29.857142857142858,91.74607142857143,0.3503176927936293,0.33170360089586204,FALSE,FALSE,0,-4.737233269351345
0-4 km,20932,KRIR,KRIR,RIR,Flabob Airport,small_airport,06065,2019-11-01,0.0060149999999999995,8,1,FALSE,11.940610504150413,3.103784032078178,56.625,91.5865625,-0.7560605135632696,0.293499094267949,FALSE,FALSE,0,-4.959704565427713
0-4 km,20932,KRIR,KRIR,RIR,Flabob Airport,small_airport,06065,2019-12-01,0.004564,5,1,FALSE,8.079992675781273,4.410828647714604,70.65,92.25750000000001,0.15595480861965488,-0.03963341455087159,FALSE,FALSE,0,-5.191438004920941
0-4 km,20932,KRIR,KRIR,RIR,Flabob Airport,small_airport,06065,2020-01-01,0.00617625,8,1,FALSE,10.096860504150413,3.7062798639387915,56.34375,92.19125,0.7721858267335702,-0.023207492321647986,FALSE,FALSE,0,-4.936978316482428
0-4 km,20932,KRIR,KRIR,RIR,Flabob Airport,small_airport,06065,2020-02-01,0.004555714285714286,7,1,FALSE,12.250002615792434,3.606962483184176,50.07142857142857,91.74,0.9410427499886505,-0.05403780559677162,FALSE,FALSE,0,-5.192928279869794
0-4 km,20932,KRIR,KRIR,RIR,Flabob Airport,small_airport,06065,2020-03-01,0.002968,5,1,FALSE,10.394989013671898,3.745434507788538,71.75,91.8745,0.40028920750058217,0.37245735640904515,FALSE,FALSE,0,-5.5294930895595105
0-4 km,20932,KRIR,KRIR,RIR,Flabob Airport,small_airport,06065,2020-07-01,0.004,5,1,FALSE,21.764996337890647,3.8434551295614643,45.85,91.592,0.5967371416446413,-0.5636911676352545,FALSE,FALSE,0,-5.298317366548036
0-4 km,20932,KRIR,KRIR,RIR,Flabob Airport,small_airport,06065,2020-08-01,0.005333333333333333,6,1,FALSE,24.883320109049503,3.563323642298959,41.625,91.54041666666667,0.014664017012549787,-0.4447284875258276,FALSE,FALSE,0,-5.061928588483807
0-4 km,20932,KRIR,KRIR,RIR,Flabob Airport,small_airport,06065,2020-09-01,0.008,5,1,FALSE,26.084991455078146,2.2684370376909544,31.85,91.7995,-0.03639899050182738,-0.19432878833302006,FALSE,FALSE,0,-4.710530701645918
0-4 km,20932,KRIR,KRIR,RIR,Flabob Airport,small_airport,06065,2020-10-01,0.0078,5,1,FALSE,20.684991455078148,2.7554430695229137,41.7,91.8835,-0.13952454312367418,0.24050533878717478,FALSE,FALSE,0,-4.733003557497977
0-4 km,20932,KRIR,KRIR,RIR,Flabob Airport,small_airport,06065,2020-11-01,0.0156,5,1,FALSE,16.259985351562523,1.590870735829444,32.25,91.902,-0.026947031824891193,0.4304486545328303,FALSE,FALSE,0,-4.098352583619639
0-4 km,20932,KRIR,KRIR,RIR,Flabob Airport,small_airport,06065,2020-12-01,0.0078,5,1,FALSE,8.354986572265648,2.5971977277780076,58.7,91.9425,0.15534011641933482,-0.07927961529735675,FALSE,FALSE,0,-4.733003557497977
0-4 km,20932,KRIR,KRIR,RIR,Flabob Airport,small_airport,06065,2021-01-01,0.0058000000000000005,5,1,FALSE,9.779992675781273,3.6104177395725148,65.05,91.98299999999999,0.9518850592871126,0.007959958876835314,FALSE,FALSE,0,-4.990832666800076
0-4 km,20932,KRIR,KRIR,RIR,Flabob Airport,small_airport,06065,2021-02-01,0.0058,5,1,FALSE,9.814978027343773,3.8691121995533635,59.55,91.80499999999999,0.7874909784903894,-0.0993085248859982,FALSE,FALSE,0,-4.990832666800076
0-4 km,20932,KRIR,KRIR,RIR,Flabob Airport,small_airport,06065,2021-03-01,0.0044,5,1,FALSE,11.169995117187522,3.2287308411144884,53.55,91.7635,0.5569917219391853,-0.2708595622459253,FALSE,FALSE,0,-5.221356325411908
0-4 km,20932,KRIR,KRIR,RIR,Flabob Airport,small_airport,06065,2021-04-01,0.0048142857142857145,7,1,FALSE,14.896421595982165,3.8222629971155624,43.714285714285715,91.69464285714285,0.605275459512137,0.10632159817986175,FALSE,FALSE,0,-5.147437335588901
0-4 km,20932,KRIR,KRIR,RIR,Flabob Airport,small_airport,06065,2021-05-01,0.004241428571428571,7,1,FALSE,14.285699462890648,3.6099235939859176,57.857142857142854,91.49857142857142,0.62471255520669,-0.41518308827748734,FALSE,FALSE,0,-5.25116118967026
0-4 km,20932,KRIR,KRIR,RIR,Flabob Airport,small_airport,06065,2021-06-01,0.005257142857142857,7,1,FALSE,24.18571951729913,2.912039759057112,38.17857142857143,91.47607142857143,-0.3743561780303172,-0.6221265443044214,FALSE,FALSE,0,-5.07403161065505
0-4 km,20932,KRIR,KRIR,RIR,Flabob Airport,small_airport,06065,2021-07-01,0.004142857142857143,7,1,FALSE,24.9107125418527,3.066315607057125,44.75,91.69071428571428,0.6273249094341191,-0.6874401159010562,FALSE,FALSE,0,-5.27014648958134
0-4 km,20932,KRIR,KRIR,RIR,Flabob Airport,small_airport,06065,2021-08-01,0.0046612500000000005,8,1,FALSE,23.7499824523926,3.5245778526213756,43.1875,91.816875,0.826700174848721,-0.36325333545999405,FALSE,FALSE,0,-5.17411056309385
0-4 km,20932,KRIR,KRIR,RIR,Flabob Airport,small_airport,06065,2021-09-01,0.00428,7,1,FALSE,21.73928658621654,2.7085861331576826,49.642857142857146,91.69357142857143,-0.2823287499302155,-0.6163993050350511,FALSE,FALSE,0,-5.243829181263967
0-4 km,20932,KRIR,KRIR,RIR,Flabob Airport,small_airport,06065,2021-10-01,0.0032166666666666667,9,1,FALSE,14.241659206814258,4.943209237336246,56.916666666666664,91.60888888888888,-0.7741497104514822,-0.0752724712231089,FALSE,FALSE,0,-5.468710352476718
0-4 km,20932,KRIR,KRIR,RIR,Flabob Airport,small_airport,06065,2021-11-01,0.0081525,8,1,FALSE,15.7499824523926,3.1859314433846784,46.5,91.9846875,-0.2771263458663913,0.18845046358772372,FALSE,FALSE,0,-4.693728212969883
0-4 km,20932,KRIR,KRIR,RIR,Flabob Airport,small_airport,06065,2021-12-01,0.005061428571428571,7,1,FALSE,8.31070207868306,3.435096212905837,72.39285714285714,91.63357142857143,0.36725866518838385,-0.1263111039389385,FALSE,FALSE,0,-5.105809768823217
0-4 km,20932,KRIR,KRIR,RIR,Flabob Airport,small_airport,06065,2022-01-01,0.00712375,8,1,FALSE,9.631219482421898,2.5790548398668167,52.03125,92.2234375,-0.0596169492391192,0.5495347421569969,TRUE,FALSE,0,-4.812963408755715
0-4 km,20932,KRIR,KRIR,RIR,Flabob Airport,small_airport,06065,2022-02-01,0.004314285714285714,7,1,FALSE,10.40355398995538,3.408527107796413,45.392857142857146,91.98678571428572,0.7789509574641685,0.3983215190936381,TRUE,FALSE,0,-5.237356666758349
0-4 km,20932,KRIR,KRIR,RIR,Flabob Airport,small_airport,06065,2022-03-01,0.00444375,8,1,FALSE,11.768754577636741,1.3820579616065232,57.125,91.9065625,0.6035331127137293,0.0016557918697189845,TRUE,FALSE,0,-5.213287117363461
0-4 km,20932,KRIR,KRIR,RIR,Flabob Airport,small_airport,06065,2022-04-01,0.0030557142857142857,7,1,FALSE,13.860711669921898,3.078351913612131,54.285714285714285,91.63107142857143,0.7868321623228723,-0.21603017075409753,TRUE,FALSE,0,-5.5076284575525705
0-4 km,20932,KRIR,KRIR,RIR,Flabob Airport,small_airport,06065,2022-05-01,0.00347625,8,1,FALSE,17.062497711181663,2.8648166634373373,50.65625,91.4546875,0.6491740630374485,-0.43473381494501023,TRUE,FALSE,0,-5.408969636651632
0-4 km,20932,KRIR,KRIR,RIR,Flabob Airport,small_airport,06065,2022-06-01,0.006093333333333333,6,1,FALSE,23.42499694824221,3.4950932958273753,41.708333333333336,91.62375,-0.13109784826184342,-0.6053689230438891,TRUE,FALSE,0,-4.948599903176803
0-4 km,20932,KRIR,KRIR,RIR,Flabob Airport,small_airport,06065,2022-07-01,0.00431875,8,1,FALSE,23.11248931884768,6.484785138360636,46.375,91.68656250000001,-0.4292653169369057,-0.5519995013227383,TRUE,FALSE,0,-5.23651696564259
0-4 km,20932,KRIR,KRIR,RIR,Flabob Airport,small_airport,06065,2022-08-01,0.0042985714285714285,7,1,FALSE,24.621418980189755,3.6300209815006736,45.785714285714285,91.68571428571428,-0.20248204720925406,-0.5714805044281228,TRUE,FALSE,0,-5.2403180365359505
0-4 km,20932,KRIR,KRIR,RIR,Flabob Airport,small_airport,06065,2022-09-01,0.00522,8,1,FALSE,24.071862792968773,5.096011139603296,50.3125,91.540625,-0.6293524598957372,-0.3622630568288559,TRUE,FALSE,0,-5.079985372231049
0-4 km,20932,KRIR,KRIR,RIR,Flabob Airport,small_airport,06065,2022-10-01,0.00677,7,1,FALSE,20.032128906250023,3.3224585536148283,46.42857142857143,91.84535714285714,-0.173916561365084,-0.21886143404692474,TRUE,FALSE,0,-4.857485114602581
0-4 km,20932,KRIR,KRIR,RIR,Flabob Airport,small_airport,06065,2022-11-01,0.0054225,8,1,FALSE,11.524995422363304,5.622409777335235,55.71875,91.835625,-0.425208524508902,-0.07129735532619823,TRUE,FALSE,0,-5.047947828980235
0-4 km,20932,KRIR,KRIR,RIR,Flabob Airport,small_airport,06065,2022-12-01,0.0038333333333333336,6,1,FALSE,8.11249694824221,4.631061205370133,72.08333333333333,91.85916666666667,-0.026908677553414584,-0.1575108973399977,TRUE,FALSE,0,-5.332218918223718
0-4 km,20932,KRIR,KRIR,RIR,Flabob Airport,small_airport,06065,2023-01-01,0.0038,5,1,FALSE,5.620001220703148,3.867756023610833,81.45,91.9465,0.2404642847270612,0.20924897487099367,TRUE,FALSE,0,-5.339139361068292
0-4 km,20932,KRIR,KRIR,RIR,Flabob Airport,small_airport,06065,2023-02-01,0.003525,4,1,FALSE,7.6187301635742415,3.5765717541668143,57.625,91.736875,0.05915277200552971,-0.2120387861539166,TRUE,FALSE,0,-5.398137701830247
0-4 km,20932,KRIR,KRIR,RIR,Flabob Airport,small_airport,06065,2023-03-01,0.00276,9,1,FALSE,7.138882785373287,3.449033586063287,81.86111111111111,91.69472222222223,0.47389746085747847,-0.11362205133731876,TRUE,FALSE,0,-5.583336321580334
0-4 km,20932,KRIR,KRIR,RIR,Flabob Airport,small_airport,06065,2023-04-01,0.00356,8,1,FALSE,13.924993133544945,2.432041213978533,54.0625,91.5765625,0.6163653532715622,-0.22297559304769898,TRUE,FALSE,0,-5.390432655455842
0-4 km,20932,KRIR,KRIR,RIR,Flabob Airport,small_airport,06065,2023-05-01,0.00358,7,1,FALSE,16.982141113281273,3.5070493260747457,55.285714285714285,91.555,0.2984975271745965,-0.3012241961783134,TRUE,FALSE,0,-5.386056280856043
0-4 km,20932,KRIR,KRIR,RIR,Flabob Airport,small_airport,06065,2023-06-01,0.00334125,8,1,FALSE,19.390615081787132,4.200585270515225,52.6875,91.49906250000001,-0.13749547724185018,-0.5651157630544973,TRUE,FALSE,0,-5.439592953905991
0-4 km,20932,KRIR,KRIR,RIR,Flabob Airport,small_airport,06065,2023-07-01,0.006244285714285714,7,1,FALSE,24.97142508370538,4.995577619508483,41.892857142857146,91.69392857142857,-0.13172047872809464,-0.6177428681942326,TRUE,FALSE,0,-4.927542298230523
0-4 km,20932,KRIR,KRIR,RIR,Flabob Airport,small_airport,06065,2023-08-01,0.0039900000000000005,8,1,FALSE,24.428125000000023,4.363567469503929,47.78125,91.76125,-0.24098766614668748,-0.5410782328942759,TRUE,FALSE,0,-5.30031936921871
0-4 km,20932,KRIR,KRIR,RIR,Flabob Airport,small_airport,06065,2023-09-01,0.0042928571428571425,7,1,FALSE,21.028558349609398,2.4624935300392026,61.42857142857143,91.73428571428572,0.14274542167478796,-0.6497312906040459,TRUE,FALSE,0,-5.241397076295354
0-4 km,20932,KRIR,KRIR,RIR,Flabob Airport,small_airport,06065,2023-10-01,0.00646125,8,1,FALSE,17.824998474121116,3.5919138348662263,57.125,91.7603125,0.22995458549876566,-0.053580603390730105,TRUE,FALSE,0,-4.898032318481414
0-4 km,20932,KRIR,KRIR,RIR,Flabob Airport,small_airport,06065,2023-11-01,0.005824,5,1,FALSE,13.419982910156273,3.673033690977533,41.25,91.8815,0.11697020896768531,0.5183020712538775,TRUE,FALSE,0,-4.987309468792759
0-4 km,20932,KRIR,KRIR,RIR,Flabob Airport,small_airport,06065,2023-12-01,0.006511428571428572,7,1,FALSE,9.303547886439755,3.4737079118764362,66.75,91.93214285714286,0.5409645449671487,0.21886782089356652,TRUE,FALSE,0,-4.891329608735715
0-4 km,20932,KRIR,KRIR,RIR,Flabob Airport,small_airport,06065,2024-01-01,0.005871111111111112,9,1,FALSE,9.772207302517383,3.246877821116476,68.66666666666667,91.77222222222223,0.34840133424989017,0.10046209811389469,TRUE,FALSE,0,-4.98042945203919
0-4 km,20932,KRIR,KRIR,RIR,Flabob Airport,small_airport,06065,2024-02-01,0.0038183333333333333,6,1,FALSE,7.754164632161481,4.272630019104179,83.66666666666667,91.8275,-0.3678437665377754,0.27059220368514975,TRUE,FALSE,0,-5.335327192181937
0-4 km,20932,KRIR,KRIR,RIR,Flabob Airport,small_airport,06065,2024-03-01,0.0017777777777777779,9,1,FALSE,9.008338758680578,1.999373343358816,81.19444444444444,91.41638888888889,-0.006369337922319856,0.07913377397493253,TRUE,FALSE,0,-5.886104031450156
0-4 km,20932,KRIR,KRIR,RIR,Flabob Airport,small_airport,06065,2024-04-01,0.002925714285714286,7,1,FALSE,15.264267403738861,2.4408760470274102,54.642857142857146,91.525,0.3934216765304274,-0.6140228636546369,TRUE,FALSE,0,-5.540206960683301
0-4 km,20932,KRIR,KRIR,RIR,Flabob Airport,small_airport,06065,2024-05-01,0.0036425,8,1,FALSE,16.17499694824221,5.93877368474079,53.25,91.5315625,0.18959592197237707,-0.29486809271231684,TRUE,FALSE,0,-5.372502264737413
0-4 km,20932,KRIR,KRIR,RIR,Flabob Airport,small_airport,06065,2024-06-01,0.004411428571428571,7,1,FALSE,22.403558349609398,3.4162625733452154,44.892857142857146,91.4575,0.21213114727535765,-0.675827412503457,TRUE,FALSE,0,-5.219242159719573
0-4 km,20932,KRIR,KRIR,RIR,Flabob Airport,small_airport,06065,2024-07-01,0.005115714285714286,7,1,FALSE,24.67499912806922,4.04060637689442,39.964285714285715,91.66857142857143,0.6569393500153605,-0.30758897781695843,TRUE,FALSE,0,-5.096893707880596
0-4 km,20932,KRIR,KRIR,RIR,Flabob Airport,small_airport,06065,2024-08-01,0.004,5,1,FALSE,24.24499511718752,4.451199091411781,43.65,91.6765,-0.12341867296943061,-0.6886795928210958,TRUE,FALSE,0,-5.298317366548036
0-4 km,20932,KRIR,KRIR,RIR,Flabob Airport,small_airport,06065,2024-09-01,0.00538,8,1,FALSE,22.1406074523926,4.759675474450055,48.03125,91.5471875,-0.022068504664339322,-0.2895951493058145,TRUE,FALSE,0,-5.054587181625439
0-4 km,20932,KRIR,KRIR,RIR,Flabob Airport,small_airport,06065,2024-10-01,0.00759,7,1,FALSE,20.63928920200895,2.432357338255302,44.392857142857146,91.81285714285714,-0.16029216353886735,-0.6345481306885586,TRUE,FALSE,0,-4.757156542985973
0-4 km,20932,KRIR,KRIR,RIR,Flabob Airport,small_airport,06065,2024-11-01,0.00698625,8,1,FALSE,12.51249465942385,3.464613621461716,53.875,91.8771875,0.3934269839234008,-0.36759645630142895,TRUE,FALSE,0,-4.830033966047721
0-4 km,20932,KRIR,KRIR,RIR,Flabob Airport,small_airport,06065,2024-12-01,0.009464285714285715,7,1,FALSE,13.189281354631719,3.7634489015423265,43.214285714285715,92.12428571428572,-0.08903720268895285,0.16473082249589518,TRUE,FALSE,0,-4.559787180140273
0-4 km,20932,KRIR,KRIR,RIR,Flabob Airport,small_airport,06065,2025-01-01,0.006963,10,1,FALSE,8.959982299804711,3.2219127302390533,46.625,91.96424999999999,0.4816657970012289,0.055510949373614026,TRUE,FALSE,0,-4.83294946570683
0-4 km,20932,KRIR,KRIR,RIR,Flabob Airport,small_airport,06065,2025-02-01,0.00278,6,1,FALSE,10.566644287109398,2.8347195208940112,74.875,91.65375,0.681229293253959,-0.5179124957088385,TRUE,FALSE,0,-5.578031269350641
0-4 km,20932,KRIR,KRIR,RIR,Flabob Airport,small_airport,06065,2025-03-01,0.00265875,8,1,FALSE,11.065610504150413,3.012591200306242,65.65625,91.783125,0.4962743756398592,0.029397841994166056,TRUE,FALSE,0,-5.610633719958178
0-4 km,20932,KRIR,KRIR,RIR,Flabob Airport,small_airport,06065,2025-04-01,0.004242857142857143,7,1,FALSE,13.864273507254486,4.203725616774023,55.17857142857143,91.66214285714285,-0.0037875950878555093,-0.37204948165599494,TRUE,FALSE,0,-5.2508886729769255
0-4 km,20932,KRIR,KRIR,RIR,Flabob Airport,small_airport,06065,2025-05-01,0.0031244444444444444,9,1,FALSE,16.024997965494816,2.536969649393557,59.5,91.5925,-0.33010672002820357,-0.5634764331784027,TRUE,FALSE,0,-5.490823948400356
0-4 km,20932,KRIR,KRIR,RIR,Flabob Airport,small_airport,06065,2025-06-01,0.004005,8,1,FALSE,22.303113555908226,6.634690821517371,45.90625,91.5028125,-0.2760380284844435,-0.26969501611971436,TRUE,FALSE,0,-5.297317866214954
0-4 km,21063,KSGS,KSGS,SGS,South St Paul Municipal Airport/Richard E Fleming Field,small_airport,27037,2005-12-01,0.002,5,1,FALSE,-9.089996337890602,5.816470503419865,88.5,97.272,-0.5727375305909016,-0.07977042907097558,FALSE,FALSE,0,-5.809142990314028
0-4 km,21063,KSGS,KSGS,SGS,South St Paul Municipal Airport/Richard E Fleming Field,small_airport,27037,2006-01-01,0.008,5,1,FALSE,-4.491986083984353,6.31937387767858,90.9,96.886,-0.08494262743969452,0.07896440904864863,FALSE,FALSE,0,-4.710530701645918
0-4 km,21063,KSGS,KSGS,SGS,South St Paul Municipal Airport/Richard E Fleming Field,small_airport,27037,2006-02-01,0.002,5,1,FALSE,-8.615997314453102,6.360538284418864,85.95,97.28999999999999,-0.20893896007256155,0.07644639930332847,FALSE,FALSE,0,-5.809142990314028
0-4 km,21063,KSGS,KSGS,SGS,South St Paul Municipal Airport/Richard E Fleming Field,small_airport,27037,2006-03-01,0.004,5,1,FALSE,0.06599731445314774,5.832168616044004,84.7,97.894,-0.7317174340520037,0.2953002312972826,FALSE,FALSE,0,-5.298317366548036
0-4 km,21063,KSGS,KSGS,SGS,South St Paul Municipal Airport/Richard E Fleming Field,small_airport,27037,2006-04-01,0.022,5,1,FALSE,11.361999511718773,6.731105577715585,72.15,97.226,-0.45202702829536096,-0.10799432669543743,FALSE,FALSE,0,-3.7722610630529876
0-4 km,21063,KSGS,KSGS,SGS,South St Paul Municipal Airport/Richard E Fleming Field,small_airport,27037,2006-05-01,0.005,4,1,FALSE,15.980004882812523,5.93772312454034,82.3125,96.985,-0.3690235761661419,-0.12239564771603033,FALSE,FALSE,0,-5.115995809754082
0-4 km,21063,KSGS,KSGS,SGS,South St Paul Municipal Airport/Richard E Fleming Field,small_airport,27037,2006-06-01,0.0075,4,1,FALSE,17.75250396728518,5.335901606917825,77.6875,97.42,-0.6151736886240112,0.12410154982800536,FALSE,FALSE,0,-4.767689115485866
0-4 km,21063,KSGS,KSGS,SGS,South St Paul Municipal Airport/Richard E Fleming Field,small_airport,27037,2006-07-01,0.004,5,1,FALSE,22.988012695312523,6.123965241959281,66.3,97.38,-0.4236184950798523,0.010186521725375786,FALSE,FALSE,0,-5.298317366548036
0-4 km,21063,KSGS,KSGS,SGS,South St Paul Municipal Airport/Richard E Fleming Field,small_airport,27037,2006-08-01,0.008,5,1,FALSE,20.808007812500023,4.857271994465455,69.95,97.584,-0.025801011678697038,-0.08700931586230004,FALSE,FALSE,0,-4.710530701645918
0-4 km,21063,KSGS,KSGS,SGS,South St Paul Municipal Airport/Richard E Fleming Field,small_airport,27037,2006-09-01,0.005,4,1,FALSE,15.807496643066429,3.1655651239592806,72.75,97.5275,0.20203107910774054,-0.1776645245840169,FALSE,FALSE,0,-5.115995809754082
0-4 km,21063,KSGS,KSGS,SGS,South St Paul Municipal Airport/Richard E Fleming Field,small_airport,27037,2006-10-01,0.005,2,1,FALSE,2.7550140380859602,7.649370782471233,64.75,97.275,0.8685163164710465,0.33004998046421,FALSE,FALSE,0,-5.115995809754082
0-4 km,21063,KSGS,KSGS,SGS,South St Paul Municipal Airport/Richard E Fleming Field,small_airport,27037,2006-11-01,0.0125,4,1,FALSE,3.3075042724609602,4.915482916931585,82.875,97.58500000000001,-0.1321346910998698,-0.15917033973898675,FALSE,FALSE,0,-4.305065593537753
0-4 km,21063,KSGS,KSGS,SGS,South St Paul Municipal Airport/Richard E Fleming Field,small_airport,27037,2006-12-01,0.0025,4,1,FALSE,-7.192510986328102,4.829017253514069,89.8125,97.7525,-0.04779338208609127,0.40406953011629704,FALSE,FALSE,0,-5.654992310486769
0-4 km,21063,KSGS,KSGS,SGS,South St Paul Municipal Airport/Richard E Fleming Field,small_airport,27037,2007-01-01,0.0033333333333333335,3,1,FALSE,-8.506669108072893,6.213798480131086,91.41666666666667,97.35666666666667,-0.9192343470925497,0.3316409276012848,FALSE,FALSE,0,-5.44141821018871
0-4 km,21063,KSGS,KSGS,SGS,South St Paul Municipal Airport/Richard E Fleming Field,small_airport,27037,2007-02-01,0.0025,4,1,FALSE,-14.75499572753904,5.428702076448494,81.5625,97.9825,-0.8290638122488785,0.0663392810922368,FALSE,FALSE,0,-5.654992310486769
0-4 km,21063,KSGS,KSGS,SGS,South St Paul Municipal Airport/Richard E Fleming Field,small_airport,27037,2007-03-01,0.004,5,1,FALSE,2.3440002441406476,3.614508684898592,87.7,97.074,-0.5399807778062656,-0.11372653742096958,FALSE,FALSE,0,-5.298317366548036
0-4 km,21063,KSGS,KSGS,SGS,South St Paul Municipal Airport/Richard E Fleming Field,small_airport,27037,2007-04-01,0.004,5,1,FALSE,4.790002441406273,7.2703141171919174,76.4,97.572,-0.6772268755673669,0.638679244969708,FALSE,FALSE,0,-5.298317366548036
0-4 km,21063,KSGS,KSGS,SGS,South St Paul Municipal Airport/Richard E Fleming Field,small_airport,27037,2007-05-01,0.004,5,1,FALSE,15.992010498046898,7.905221820068288,78.15,97.698,-0.7987615150747512,-0.4214237481845345,FALSE,FALSE,0,-5.298317366548036
0-4 km,21063,KSGS,KSGS,SGS,South St Paul Municipal Airport/Richard E Fleming Field,small_airport,27037,2007-06-01,0.006,5,1,FALSE,18.58599853515627,5.475528147054311,81.4,97.42,-0.5691234363819937,-0.2629054982421673,FALSE,FALSE,0,-4.961845129926823
0-4 km,21063,KSGS,KSGS,SGS,South St Paul Municipal Airport/Richard E Fleming Field,small_airport,27037,2007-07-01,0.0025,4,1,FALSE,21.284997558593773,7.860900125894825,75.8125,97.48,-0.8386183041558519,-0.09645598265791194,FALSE,FALSE,0,-5.654992310486769
0-4 km,21063,KSGS,KSGS,SGS,South St Paul Municipal Airport/Richard E Fleming Field,small_airport,27037,2007-08-01,0.0025,4,1,FALSE,22.91999206542971,7.018460753766926,78.3125,97.235,0.13763943775894383,0.3269987843479412,FALSE,FALSE,0,-5.654992310486769
0-4 km,21063,KSGS,KSGS,SGS,South St Paul Municipal Airport/Richard E Fleming Field,small_airport,27037,2007-09-01,0.004,5,1,FALSE,16.183996582031273,6.2880407053383385,70.15,97.584,-0.38295787372157614,-0.1279877067424349,FALSE,FALSE,0,-5.298317366548036
0-4 km,21063,KSGS,KSGS,SGS,South St Paul Municipal Airport/Richard E Fleming Field,small_airport,27037,2007-10-01,0.0033333333333333335,3,1,FALSE,10.386661783854189,6.929123033895589,81.91666666666667,97.48666666666666,-0.6858072418598091,0.324131837266716,FALSE,FALSE,0,-5.44141821018871
0-4 km,21063,KSGS,KSGS,SGS,South St Paul Municipal Airport/Richard E Fleming Field,small_airport,27037,2007-11-01,0.008,5,1,FALSE,3.688000488281273,5.352952412926173,68.55,97.11200000000001,-0.5991395554108901,-0.15340735374812645,FALSE,FALSE,0,-4.710530701645918
0-4 km,21063,KSGS,KSGS,SGS,South St Paul Municipal Airport/Richard E Fleming Field,small_airport,27037,2007-12-01,0.004,5,1,FALSE,-8.307995605468728,5.778355911069696,86.45,97.542,0.26083391952861024,0.3085830710559557,FALSE,FALSE,0,-5.298317366548036
0-4 km,21063,KSGS,KSGS,SGS,South St Paul Municipal Airport/Richard E Fleming Field,small_airport,27037,2008-01-01,0.0033333333333333335,6,1,FALSE,-13.648321533203102,5.103220651267707,79.41666666666667,97.76166666666667,-0.7805809769647342,0.21267317175566017,FALSE,FALSE,0,-5.44141821018871
0-4 km,21063,KSGS,KSGS,SGS,South St Paul Municipal Airport/Richard E Fleming Field,small_airport,27037,2008-02-01,0.005,4,1,FALSE,-9.187498474121071,6.820769963263021,85.6875,97.23,-0.4685970534792525,0.2998499197763588,FALSE,FALSE,0,-5.115995809754082
0-4 km,21063,KSGS,KSGS,SGS,South St Paul Municipal Airport/Richard E Fleming Field,small_airport,27037,2008-03-01,0.004233333333333334,6,1,FALSE,-4.633337402343727,5.538246482090534,80.16666666666667,97.28166666666667,-0.25997793523066753,0.26429543407764106,FALSE,FALSE,0,-5.252706855295984
0-4 km,21063,KSGS,KSGS,SGS,South St Paul Municipal Airport/Richard E Fleming Field,small_airport,27037,2008-04-01,0.00395,4,1,FALSE,6.780000305175804,7.998717247702495,85.8125,96.97,-0.35195223126294595,0.14825725547871385,FALSE,FALSE,0,-5.308367702401538
0-4 km,21063,KSGS,KSGS,SGS,South St Paul Municipal Airport/Richard E Fleming Field,small_airport,27037,2008-05-01,0.004,5,1,FALSE,11.630004882812523,4.790890748349855,77.35,97.084,-0.09114938243472998,-0.37344514345477925,FALSE,FALSE,0,-5.298317366548036
0-4 km,21063,KSGS,KSGS,SGS,South St Paul Municipal Airport/Richard E Fleming Field,small_airport,27037,2008-06-01,0,5,1,FALSE,15.890002441406272,5.760380273876392,84.65,97.088,-0.15628438403360473,0.4965259153315843,FALSE,FALSE,0,-6.907755278982137
0-4 km,21063,KSGS,KSGS,SGS,South St Paul Municipal Airport/Richard E Fleming Field,small_airport,27037,2008-07-01,0.0025,4,1,FALSE,20.727502441406273,5.9946608435385995,81.9375,97.4375,-0.7867420736870911,-0.457831726212647,FALSE,FALSE,0,-5.654992310486769
0-4 km,21063,KSGS,KSGS,SGS,South St Paul Municipal Airport/Richard E Fleming Field,small_airport,27037,2008-08-01,0.006,5,1,FALSE,20.321997070312523,5.459758927193114,84.6,97.298,-0.7916822097402237,-0.3874588123268652,FALSE,FALSE,0,-4.961845129926823
0-4 km,21063,KSGS,KSGS,SGS,South St Paul Municipal Airport/Richard E Fleming Field,small_airport,27037,2008-09-01,0.004,5,1,FALSE,15.055999755859398,4.434923838548012,78.55,97.884,-0.16479498661272357,0.09377321937895983,FALSE,FALSE,0,-5.298317366548036
0-4 km,21063,KSGS,KSGS,SGS,South St Paul Municipal Airport/Richard E Fleming Field,small_airport,27037,2008-10-01,0,4,1,FALSE,9.242494201660179,6.0876115558138615,61.375,97.78,-0.26521500352735666,0.20602388799220367,FALSE,FALSE,0,-6.907755278982137
0-4 km,21063,KSGS,KSGS,SGS,South St Paul Municipal Airport/Richard E Fleming Field,small_airport,27037,2008-11-01,0.005,4,1,FALSE,-1.5275024414062273,5.610570434327382,86.5625,97.0625,-0.03911676099468758,0.5433190629029391,FALSE,FALSE,0,-5.115995809754082
0-4 km,21063,KSGS,KSGS,SGS,South St Paul Municipal Airport/Richard E Fleming Field,small_airport,27037,2008-12-01,0.004,5,1,FALSE,-6.925994873046852,4.508447624950618,88.05,96.748,-0.056693252433927886,-0.5372342012794341,FALSE,FALSE,0,-5.298317366548036
0-4 km,21063,KSGS,KSGS,SGS,South St Paul Municipal Airport/Richard E Fleming Field,small_airport,27037,2009-01-01,0,6,1,FALSE,-13.731659952799456,5.765784390643475,80.33333333333333,97.15833333333333,-0.35733423568614736,0.09103384831479064,FALSE,FALSE,0,-6.907755278982137
0-4 km,21063,KSGS,KSGS,SGS,South St Paul Municipal Airport/Richard E Fleming Field,small_airport,27037,2009-02-01,0.005,4,1,FALSE,-4.204992675781227,4.310928270760186,91.9375,97.0175,-0.16069134136272542,-0.3931299842571967,FALSE,FALSE,0,-5.115995809754082
0-4 km,21063,KSGS,KSGS,SGS,South St Paul Municipal Airport/Richard E Fleming Field,small_airport,27037,2009-03-01,0.004,5,1,FALSE,-5.463995361328102,5.070820017731897,80.55,97.916,-0.6177897068484124,-0.29023176367264264,FALSE,FALSE,0,-5.298317366548036
0-4 km,21063,KSGS,KSGS,SGS,South St Paul Municipal Airport/Richard E Fleming Field,small_airport,27037,2009-04-01,0.002,5,1,FALSE,5.147998046875022,7.322606413886248,81.4,96.958,-0.7446695327715267,0.39094687442401665,FALSE,FALSE,0,-5.809142990314028
0-4 km,21063,KSGS,KSGS,SGS,South St Paul Municipal Airport/Richard E Fleming Field,small_airport,27037,2009-05-01,0.0033333333333333335,6,1,FALSE,13.608331298828148,6.552076735214938,72.08333333333333,97.04666666666667,-0.83226591465206,-0.28635636109181556,FALSE,FALSE,0,-5.44141821018871
0-4 km,21063,KSGS,KSGS,SGS,South St Paul Municipal Airport/Richard E Fleming Field,small_airport,27037,2009-06-01,0.005,4,1,FALSE,18.772500610351585,4.934138050375755,78.25,96.96,-0.9193143918567993,0.15098981600802766,FALSE,FALSE,0,-5.115995809754082
0-4 km,21063,KSGS,KSGS,SGS,South St Paul Municipal Airport/Richard E Fleming Field,small_airport,27037,2009-07-01,0.004,5,1,FALSE,18.09399414062502,4.3534214295748574,69.75,97.334,-0.020262168699142546,0.3046535860414253,FALSE,FALSE,0,-5.298317366548036
0-4 km,21063,KSGS,KSGS,SGS,South St Paul Municipal Airport/Richard E Fleming Field,small_airport,27037,2009-08-01,0.004,5,1,FALSE,17.84600830078127,4.528518579280118,70.95,97.608,0.1924415803105615,0.16571732684048976,FALSE,FALSE,0,-5.298317366548036
0-4 km,21063,KSGS,KSGS,SGS,South St Paul Municipal Airport/Richard E Fleming Field,small_airport,27037,2009-09-01,0.006,5,1,FALSE,17.618011474609396,4.362192339781529,78.1,97.544,-0.11667312612108538,-0.18024477425431726,FALSE,FALSE,0,-4.961845129926823
0-4 km,21063,KSGS,KSGS,SGS,South St Paul Municipal Airport/Richard E Fleming Field,small_airport,27037,2009-10-01,0,5,1,FALSE,3.9039978027343976,4.891884068264499,87.3,97.516,-0.8163556889919666,0.06115449334413185,FALSE,FALSE,0,-6.907755278982137
0-4 km,21063,KSGS,KSGS,SGS,South St Paul Municipal Airport/Richard E Fleming Field,small_airport,27037,2009-11-01,0.0033333333333333335,3,1,FALSE,4.689996337890648,3.4531029855592728,79.41666666666667,97.98666666666666,-0.23068747875036574,0.5018653175366115,FALSE,FALSE,0,-5.44141821018871
0-4 km,21063,KSGS,KSGS,SGS,South St Paul Municipal Airport/Richard E Fleming Field,small_airport,27037,2009-12-01,0,5,1,FALSE,-9.782000732421853,6.786530854985581,90.95,97.162,0.2136080587821432,0.5053850629539675,FALSE,FALSE,0,-6.907755278982137
0-4 km,21063,KSGS,KSGS,SGS,South St Paul Municipal Airport/Richard E Fleming Field,small_airport,27037,2010-01-01,0.002,5,1,FALSE,-11.926007080078103,5.317988414241386,86.75,97.652,-0.5980107677734284,0.3888635631666446,FALSE,FALSE,0,-5.809142990314028
0-4 km,21063,KSGS,KSGS,SGS,South St Paul Municipal Airport/Richard E Fleming Field,small_airport,27037,2010-02-01,0.002,5,1,FALSE,-10.451995849609352,5.036338240396234,81.5,97.908,-0.9336647668640455,0.17232078433123532,FALSE,FALSE,0,-5.809142990314028
0-4 km,21063,KSGS,KSGS,SGS,South St Paul Municipal Airport/Richard E Fleming Field,small_airport,27037,2010-03-01,0.002,5,1,FALSE,0.7140014648437727,5.221082419810616,83.45,97.598,-0.19398208035731776,-0.05492278960883766,FALSE,FALSE,0,-5.809142990314028
0-4 km,21063,KSGS,KSGS,SGS,South St Paul Municipal Airport/Richard E Fleming Field,small_airport,27037,2010-04-01,0.0025,4,1,FALSE,10.657502746582054,8.498098463966688,68.8125,96.7225,-0.36924046257291526,0.12035581243631763,FALSE,FALSE,0,-5.654992310486769
0-4 km,21063,KSGS,KSGS,SGS,South St Paul Municipal Airport/Richard E Fleming Field,small_airport,27037,2010-05-01,0,5,1,FALSE,12.484008789062523,5.1737589241775375,76.7,97.148,0.04089002594093558,-0.06785393174108632,FALSE,FALSE,0,-6.907755278982137
0-4 km,21063,KSGS,KSGS,SGS,South St Paul Municipal Airport/Richard E Fleming Field,small_airport,27037,2010-06-01,0,5,1,FALSE,17.357995605468773,4.6476660402721945,86.4,97.312,-0.09863472858044986,-0.3069182512423897,FALSE,FALSE,0,-6.907755278982137
0-4 km,21063,KSGS,KSGS,SGS,South St Paul Municipal Airport/Richard E Fleming Field,small_airport,27037,2010-07-01,0,6,1,FALSE,20.28333435058596,4.705464166975505,83.79166666666667,97.45166666666667,-0.7006818125312597,0.09133368860310634,FALSE,FALSE,0,-6.907755278982137
0-4 km,21063,KSGS,KSGS,SGS,South St Paul Municipal Airport/Richard E Fleming Field,small_airport,27037,2010-08-01,0.002,5,1,FALSE,22.480010986328146,4.337904437596843,74.45,97.286,-0.3602280033225653,-0.6270165721705079,FALSE,FALSE,0,-5.809142990314028
0-4 km,21063,KSGS,KSGS,SGS,South St Paul Municipal Airport/Richard E Fleming Field,small_airport,27037,2010-09-01,0,5,1,FALSE,15.772009277343773,3.2990094954413403,82.7,96.958,-0.08254804364786285,-0.7065850016751063,FALSE,FALSE,0,-6.907755278982137
0-4 km,21063,KSGS,KSGS,SGS,South St Paul Municipal Airport/Richard E Fleming Field,small_airport,27037,2010-10-01,0.004,5,1,FALSE,10.676007080078147,3.1705733152144293,69,97.67,-0.10948584009057082,0.01651375778243317,FALSE,FALSE,0,-5.298317366548036
0-4 km,21063,KSGS,KSGS,SGS,South St Paul Municipal Airport/Richard E Fleming Field,small_airport,27037,2010-11-01,0,5,1,FALSE,2.9619995117187727,5.9688238370925815,82.95,96.938,-0.43766033151437156,0.03634813309570464,FALSE,FALSE,0,-6.907755278982137
0-4 km,21063,KSGS,KSGS,SGS,South St Paul Municipal Airport/Richard E Fleming Field,small_airport,27037,2010-12-01,0,5,1,FALSE,-6.326000976562478,3.769144073992752,91.5,97.374,0.07686028231179236,0.09893433662064618,FALSE,FALSE,0,-6.907755278982137
0-4 km,21063,KSGS,KSGS,SGS,South St Paul Municipal Airport/Richard E Fleming Field,small_airport,27037,2011-01-01,0,4,1,FALSE,-13.614996337890602,4.9799515927187565,84.4375,97.3675,-0.8607255736845545,-0.01034445184324359,FALSE,FALSE,0,-6.907755278982137
0-4 km,21063,KSGS,KSGS,SGS,South St Paul Municipal Airport/Richard E Fleming Field,small_airport,27037,2011-02-01,0,5,1,FALSE,-11.657995605468727,4.5777501579016215,78.45,97.782,-0.21344324526156846,0.8161338742931752,FALSE,FALSE,0,-6.907755278982137
0-4 km,21063,KSGS,KSGS,SGS,South St Paul Municipal Airport/Richard E Fleming Field,small_airport,27037,2011-03-01,0.002,5,1,FALSE,-1.3079895019531023,4.858692743970779,85.65,97.658,-0.6044294264659318,0.2714224288524478,FALSE,FALSE,0,-5.809142990314028
0-4 km,21063,KSGS,KSGS,SGS,South St Paul Municipal Airport/Richard E Fleming Field,small_airport,27037,2011-04-01,0.004,5,1,FALSE,4.601995849609398,4.017177860450659,84.65,96.994,-0.11793630978995794,-0.031004152547685283,FALSE,FALSE,0,-5.298317366548036
0-4 km,21063,KSGS,KSGS,SGS,South St Paul Municipal Airport/Richard E Fleming Field,small_airport,27037,2011-05-01,0,5,1,FALSE,10.079992675781273,5.630864870989618,75.75,97.452,0.12151939026426273,-0.03697807829963662,FALSE,FALSE,0,-6.907755278982137
0-4 km,21063,KSGS,KSGS,SGS,South St Paul Municipal Airport/Richard E Fleming Field,small_airport,27037,2011-06-01,0,5,1,FALSE,17.954010009765646,6.459772010087711,79,97.116,-0.7871045885571869,-0.18575406166550426,FALSE,FALSE,0,-6.907755278982137
0-4 km,21063,KSGS,KSGS,SGS,South St Paul Municipal Airport/Richard E Fleming Field,small_airport,27037,2011-07-01,0,1,1,FALSE,22.070001220703148,10.324723165652372,75,97.11,0.9879196550445907,0.1549669486586637,FALSE,FALSE,0,-6.907755278982137
0-4 km,21063,KSGS,KSGS,SGS,South St Paul Municipal Airport/Richard E Fleming Field,small_airport,27037,2011-08-01,0.002,5,1,FALSE,21.7320007324219,3.1187036197108964,84.5,97.144,-0.0432311071633845,-0.193109416636193,FALSE,FALSE,0,-5.809142990314028
0-4 km,21063,KSGS,KSGS,SGS,South St Paul Municipal Airport/Richard E Fleming Field,small_airport,27037,2011-09-01,0,4,1,FALSE,15.394990539550804,5.388791161141552,68.5,97.65,0.19057066263960867,-0.3512945263872566,FALSE,FALSE,0,-6.907755278982137
0-4 km,21063,KSGS,KSGS,SGS,South St Paul Municipal Airport/Richard E Fleming Field,small_airport,27037,2011-10-01,0.002,5,1,FALSE,11.587994384765647,6.0774444501976825,66.95,97.174,-0.5170225715102809,-0.2045253490513434,FALSE,FALSE,0,-5.809142990314028
0-4 km,21063,KSGS,KSGS,SGS,South St Paul Municipal Airport/Richard E Fleming Field,small_airport,27037,2011-11-01,0.004,5,1,FALSE,-0.05599975585935226,7.520848730283621,75.15,97.618,0.5097688755599716,-0.009016173879834588,FALSE,FALSE,0,-5.298317366548036
0-4 km,21063,KSGS,KSGS,SGS,South St Paul Municipal Airport/Richard E Fleming Field,small_airport,27037,2011-12-01,0.008,5,1,FALSE,-5.128002929687478,4.573686066749266,82.3,97.662,0.13215317041191266,-0.42763417249244967,FALSE,FALSE,0,-4.710530701645918
0-4 km,21063,KSGS,KSGS,SGS,South St Paul Municipal Airport/Richard E Fleming Field,small_airport,27037,2012-01-01,0.0025,4,1,FALSE,-2.432493591308571,8.43215307791494,80.1875,96.9625,-0.9079087448096047,-0.219446329139872,FALSE,FALSE,0,-5.654992310486769
0-4 km,21063,KSGS,KSGS,SGS,South St Paul Municipal Airport/Richard E Fleming Field,small_airport,27037,2012-02-01,0.002,5,1,FALSE,-2.8479980468749773,5.324097474792604,87,97.424,-0.8041963265964502,-0.3050361775050688,FALSE,FALSE,0,-5.809142990314028
0-4 km,21063,KSGS,KSGS,SGS,South St Paul Municipal Airport/Richard E Fleming Field,small_airport,27037,2012-03-01,0.004,5,1,FALSE,5.650006103515648,4.3468219178091045,80.7,97.262,-0.4460359378608674,0.03754678637662129,FALSE,FALSE,0,-5.298317366548036
0-4 km,21063,KSGS,KSGS,SGS,South St Paul Municipal Airport/Richard E Fleming Field,small_airport,27037,2012-04-01,0,4,1,FALSE,9.757508850097679,5.478984674289148,77.3125,97.1625,-0.04940030000784759,0.29733060453427956,FALSE,FALSE,0,-6.907755278982137
0-4 km,21063,KSGS,KSGS,SGS,South St Paul Municipal Airport/Richard E Fleming Field,small_airport,27037,2012-05-01,0.004,5,1,FALSE,15.884002685546898,4.533532625222474,84.15,97.21,-0.8979805974415331,-0.03964946302903045,FALSE,FALSE,0,-5.298317366548036
0-4 km,21063,KSGS,KSGS,SGS,South St Paul Municipal Airport/Richard E Fleming Field,small_airport,27037,2012-06-01,0.002,5,1,FALSE,18.37000122070315,6.054876440042214,78.8,97.058,-0.5437116473133867,-0.7045145135227001,FALSE,FALSE,0,-5.809142990314028
0-4 km,21063,KSGS,KSGS,SGS,South St Paul Municipal Airport/Richard E Fleming Field,small_airport,27037,2012-07-01,0.008,5,1,FALSE,22.790002441406273,3.8297862542615606,83,97.33200000000001,-0.5268483622811311,-0.33191953420294007,FALSE,FALSE,0,-4.710530701645918
0-4 km,21063,KSGS,KSGS,SGS,South St Paul Municipal Airport/Richard E Fleming Field,small_airport,27037,2012-08-01,0,6,1,FALSE,22.138340250651066,6.6686053727257475,65.20833333333333,97.36500000000001,-0.26176694021003116,0.021759528165563702,FALSE,FALSE,0,-6.907755278982137
0-4 km,21063,KSGS,KSGS,SGS,South St Paul Municipal Airport/Richard E Fleming Field,small_airport,27037,2012-09-01,0.002,5,1,FALSE,15.734008789062523,6.150284613363555,53.35,97.44,-0.5289480800439004,-0.024883249781668237,FALSE,FALSE,0,-5.809142990314028
0-4 km,21063,KSGS,KSGS,SGS,South St Paul Municipal Airport/Richard E Fleming Field,small_airport,27037,2012-10-01,0.006666666666666667,3,1,FALSE,6.446669514973981,4.362263689004796,74.16666666666667,97.77333333333334,0.22869904226517745,0.15324287889991295,FALSE,FALSE,0,-4.870873351721097
0-4 km,21063,KSGS,KSGS,SGS,South St Paul Municipal Airport/Richard E Fleming Field,small_airport,27037,2012-11-01,0,3,1,FALSE,1.7500040690104395,2.699579085024779,85.25,98.07666666666667,0.13453198600365182,-0.9902883692267255,FALSE,FALSE,0,-6.907755278982137
0-4 km,21063,KSGS,KSGS,SGS,South St Paul Municipal Airport/Richard E Fleming Field,small_airport,27037,2012-12-01,0.005,2,1,FALSE,-10.965002441406227,6.0124321339292655,89.125,97.225,0.8616664404593815,0.041214350691467644,FALSE,FALSE,0,-5.115995809754082
0-4 km,21063,KSGS,KSGS,SGS,South St Paul Municipal Airport/Richard E Fleming Field,small_airport,27037,2013-01-01,0,3,1,FALSE,-4.876674397786435,6.426701782255584,90.83333333333333,97.03999999999999,-0.8593050802517149,-0.4050108757841306,FALSE,FALSE,0,-6.907755278982137
0-4 km,21063,KSGS,KSGS,SGS,South St Paul Municipal Airport/Richard E Fleming Field,small_airport,27037,2013-02-01,0,2,1,FALSE,-10.164984130859352,5.4093352565962896,86.125,98.275,-0.23254590775718367,-0.26144873023779297,FALSE,FALSE,0,-6.907755278982137
0-4 km,21063,KSGS,KSGS,SGS,South St Paul Municipal Airport/Richard E Fleming Field,small_airport,27037,2013-03-01,0,3,1,FALSE,-4.726670328776019,9.038260647213855,82.5,97.85,-0.9500893347544035,-0.06942559816920638,FALSE,FALSE,0,-6.907755278982137
0-4 km,21063,KSGS,KSGS,SGS,South St Paul Municipal Airport/Richard E Fleming Field,small_airport,27037,2013-04-01,0,5,1,FALSE,4.152008056640648,5.1516539394236505,86.65,97.54,-0.5016885952361484,-0.5015526771620133,FALSE,FALSE,0,-6.907755278982137
0-4 km,21063,KSGS,KSGS,SGS,South St Paul Municipal Airport/Richard E Fleming Field,small_airport,27037,2013-05-01,0.006,5,1,FALSE,10.398004150390648,5.594479452558624,89.45,97.16,-0.4407637916310549,0.5446413980669921,FALSE,FALSE,0,-4.961845129926823
0-4 km,21063,KSGS,KSGS,SGS,South St Paul Municipal Airport/Richard E Fleming Field,small_airport,27037,2013-06-01,0.004,5,1,FALSE,18.254010009765647,2.6785714405941112,83.2,97.16,-0.5403636982734432,-0.17968337011049892,FALSE,FALSE,0,-5.298317366548036
0-4 km,21063,KSGS,KSGS,SGS,South St Paul Municipal Airport/Richard E Fleming Field,small_airport,27037,2013-07-01,0.0025,4,1,FALSE,21.335008239746116,3.597701484956727,76.6875,97.6,-0.6382748692035197,-0.2620326324273923,FALSE,FALSE,0,-5.654992310486769
0-4 km,21063,KSGS,KSGS,SGS,South St Paul Municipal Airport/Richard E Fleming Field,small_airport,27037,2013-08-01,0.002,5,1,FALSE,21.876007080078146,4.258637402590576,64.85,97.49600000000001,0.26731509334591125,-0.21547970640941788,FALSE,FALSE,0,-5.809142990314028
0-4 km,21063,KSGS,KSGS,SGS,South St Paul Municipal Airport/Richard E Fleming Field,small_airport,27037,2013-09-01,0.01,5,1,FALSE,20.88800048828127,3.5756470857112084,72.5,97.176,0.28188088875275075,-0.09651910000033799,FALSE,FALSE,0,-4.509860006183766
0-4 km,21063,KSGS,KSGS,SGS,South St Paul Municipal Airport/Richard E Fleming Field,small_airport,27037,2013-10-01,0.0016666666666666668,6,1,FALSE,9.201664225260439,3.8663008382701642,77,97.1,-0.11746204188656181,-0.2911275656211706,FALSE,FALSE,0,-5.926926025970411
0-4 km,21063,KSGS,KSGS,SGS,South St Paul Municipal Airport/Richard E Fleming Field,small_airport,27037,2013-11-01,0.002,5,1,FALSE,-5.441998291015603,7.5072773810753075,79.55,98.202,-0.7204109734700255,0.03011191883777318,FALSE,FALSE,0,-5.809142990314028
0-4 km,21063,KSGS,KSGS,SGS,South St Paul Municipal Airport/Richard E Fleming Field,small_airport,27037,2013-12-01,0.008,5,1,FALSE,-18.514001464843727,4.754005319689831,88,98.104,-0.6986534870272827,-0.25738495252959526,FALSE,FALSE,0,-4.710530701645918
0-4 km,21063,KSGS,KSGS,SGS,South St Paul Municipal Airport/Richard E Fleming Field,small_airport,27037,2014-01-01,0.0038,5,1,FALSE,-15.529992675781227,5.512042093043254,83.4,97.338,-0.19493963074722462,0.44010517419631867,FALSE,FALSE,0,-5.339139361068292
0-4 km,21063,KSGS,KSGS,SGS,South St Paul Municipal Airport/Richard E Fleming Field,small_airport,27037,2014-02-01,0.0036,5,1,FALSE,-15.454003906249977,3.7701939370445094,74.4,97.65,0.004092458051823444,0.382126033062774,FALSE,FALSE,0,-5.381698975487088
0-4 km,21063,KSGS,KSGS,SGS,South St Paul Municipal Airport/Richard E Fleming Field,small_airport,27037,2014-03-01,0.003,5,1,FALSE,-4.215997314453102,7.268207788337459,79.25,97.52,-0.5166796369556312,-0.2920236850803606,FALSE,FALSE,0,-5.521460917862246
0-4 km,21063,KSGS,KSGS,SGS,South St Paul Municipal Airport/Richard E Fleming Field,small_airport,27037,2014-04-01,0.0022,5,1,FALSE,4.142010498046898,7.822231631612652,81.7,97.19800000000001,-0.7600197745343164,0.24619087822368824,FALSE,FALSE,0,-5.744604469176456
0-4 km,21063,KSGS,KSGS,SGS,South St Paul Municipal Airport/Richard E Fleming Field,small_airport,27037,2014-05-01,0.0032,5,1,FALSE,13.358001708984398,4.10913591715647,68.45,97.544,-0.9152892106590115,-0.09384854547814966,FALSE,FALSE,0,-5.472670753692814
0-4 km,21063,KSGS,KSGS,SGS,South St Paul Municipal Airport/Richard E Fleming Field,small_airport,27037,2014-06-01,0.0026,5,1,FALSE,19.42199707031252,4.215519813264965,81.05,97.09400000000001,-0.6449999553249804,-0.43730488049101146,FALSE,FALSE,0,-5.626821433520073
0-4 km,21063,KSGS,KSGS,SGS,South St Paul Municipal Airport/Richard E Fleming Field,small_airport,27037,2014-07-01,0.004,4,1,FALSE,18.072503662109398,8.208039473215344,69.0625,97.8475,-0.08719975830001558,-0.10232612296104876,FALSE,FALSE,0,-5.298317366548036
0-4 km,21063,KSGS,KSGS,SGS,South St Paul Municipal Airport/Richard E Fleming Field,small_airport,27037,2014-08-01,0.003,4,1,FALSE,20.015008544921898,4.759887965022716,73.6875,97.5775,-0.7857426684144931,-0.2740814227986108,FALSE,FALSE,0,-5.521460917862246
0-4 km,21063,KSGS,KSGS,SGS,South St Paul Municipal Airport/Richard E Fleming Field,small_airport,27037,2014-09-01,0.0026,5,1,FALSE,17.1200134277344,5.567635042041154,77.7,97.388,-0.40964653827157643,-0.70215796157319,FALSE,FALSE,0,-5.626821433520073
0-4 km,21063,KSGS,KSGS,SGS,South St Paul Municipal Airport/Richard E Fleming Field,small_airport,27037,2014-10-01,0.0032500000000000003,4,1,FALSE,10.517495727539085,7.797234150920363,65.9375,97.0525,-0.2880748638990319,0.39776796344630644,FALSE,FALSE,0,-5.4608362960458114
0-4 km,21063,KSGS,KSGS,SGS,South St Paul Municipal Airport/Richard E Fleming Field,small_airport,27037,2014-11-01,0.0018,5,1,FALSE,-5.165008544921852,4.8087424694487515,78.95,97.735,-0.3333485488088847,0.038624784696586104,FALSE,FALSE,0,-5.8781358618009785
0-4 km,21063,KSGS,KSGS,SGS,South St Paul Municipal Airport/Richard E Fleming Field,small_airport,27037,2014-12-01,0.0016666666666666668,6,1,FALSE,-8.55834299723305,5.548208914730992,87.5,98.16166666666666,-0.02790003322181382,-0.40183061759489114,FALSE,FALSE,0,-5.926926025970411
0-4 km,21063,KSGS,KSGS,SGS,South St Paul Municipal Airport/Richard E Fleming Field,small_airport,27037,2015-01-01,0.0028,5,1,FALSE,-9.585009765624978,6.480298161618822,86.45,97.82300000000001,-0.8579340355062974,0.39569801295379614,FALSE,FALSE,0,-5.572754212249797
0-4 km,21063,KSGS,KSGS,SGS,South St Paul Municipal Airport/Richard E Fleming Field,small_airport,27037,2015-02-01,0.0025,4,1,FALSE,-15.662508392333962,4.232268395420465,82.75,98.10625,-0.6695382641829594,0.371654060249841,FALSE,FALSE,0,-5.654992310486769
0-4 km,21063,KSGS,KSGS,SGS,South St Paul Municipal Airport/Richard E Fleming Field,small_airport,27037,2015-03-01,0.0025,6,1,FALSE,1.991657511393252,5.513037957117933,79.29166666666667,97.53208333333333,-0.39008393385799905,-0.3088388338781788,FALSE,FALSE,0,-5.654992310486769
0-4 km,21063,KSGS,KSGS,SGS,South St Paul Municipal Airport/Richard E Fleming Field,small_airport,27037,2015-04-01,0.0022,5,1,FALSE,10.189996337890648,4.354750356664472,69.35,97.344,-0.3157333698143754,0.25859137664452336,FALSE,FALSE,0,-5.744604469176456
0-4 km,21063,KSGS,KSGS,SGS,South St Paul Municipal Airport/Richard E Fleming Field,small_airport,27037,2015-05-01,6.000000000000001e-4,5,1,FALSE,12.289990234375022,5.71760796127477,86.3,97.4035,-0.19586046237770502,-0.03930887235133098,FALSE,FALSE,0,-6.437751649736401
0-4 km,21063,KSGS,KSGS,SGS,South St Paul Municipal Airport/Richard E Fleming Field,small_airport,27037,2015-06-01,0.0014,5,1,FALSE,16.885003662109398,4.429264224267243,86.9,97.357,-0.38721147068559875,0.5358698460484533,FALSE,FALSE,0,-6.032286541628237
0-4 km,21063,KSGS,KSGS,SGS,South St Paul Municipal Airport/Richard E Fleming Field,small_airport,27037,2015-07-01,0.0024000000000000002,5,1,FALSE,20.784997558593773,4.793985498011526,80.9,97.1855,-0.6075557032726921,-0.6645602629599721,FALSE,FALSE,0,-5.683979847360021
0-4 km,21063,KSGS,KSGS,SGS,South St Paul Municipal Airport/Richard E Fleming Field,small_airport,27037,2015-08-01,0.0022,5,1,FALSE,20.929986572265648,5.923255566697721,72.25,97.3095,-0.7015188360724431,-0.13911063757160222,FALSE,FALSE,0,-5.744604469176456
0-4 km,21063,KSGS,KSGS,SGS,South St Paul Municipal Airport/Richard E Fleming Field,small_airport,27037,2015-09-01,0.0038,5,1,FALSE,20.434991455078148,6.865315435295886,66.8,97.311,-0.3693689442041316,-0.4775768954312059,FALSE,FALSE,0,-5.339139361068292
0-4 km,21063,KSGS,KSGS,SGS,South St Paul Municipal Airport/Richard E Fleming Field,small_airport,27037,2015-10-01,0.0018,5,1,FALSE,11.769982910156273,5.274610867152556,69.2,97.8165,-0.5673371695366826,-0.058595517234976795,FALSE,FALSE,0,-5.8781358618009785
0-4 km,21063,KSGS,KSGS,SGS,South St Paul Municipal Airport/Richard E Fleming Field,small_airport,27037,2015-11-01,0.00275,4,1,FALSE,1.6937347412109602,5.587729435897478,73.125,97.78999999999999,-0.0058756746311996845,-0.08991193477654422,FALSE,FALSE,0,-5.585999438999818
0-4 km,21063,KSGS,KSGS,SGS,South St Paul Municipal Airport/Richard E Fleming Field,small_airport,27037,2015-12-01,0.0028,5,1,FALSE,-0.32001342773435226,9.986432502931343,91.65,96.803,-0.48970613589921763,-0.07886672432097427,FALSE,FALSE,0,-5.572754212249797
0-4 km,21063,KSGS,KSGS,SGS,South St Paul Municipal Airport/Richard E Fleming Field,small_airport,27037,2016-01-01,0.0016666666666666668,6,1,FALSE,-8.812521362304665,3.9049514156469862,85.58333333333333,97.27916666666667,-0.2676096508426572,-0.14705630889928906,FALSE,FALSE,0,-5.926926025970411
0-4 km,21063,KSGS,KSGS,SGS,South St Paul Municipal Airport/Richard E Fleming Field,small_airport,27037,2016-02-01,0.0022500000000000003,4,1,FALSE,-6.143759155273415,5.793220685916196,84.25,97.83625,-0.0493354246292027,-0.011665291894739499,FALSE,FALSE,0,-5.72910028264049
0-4 km,21063,KSGS,KSGS,SGS,South St Paul Municipal Airport/Richard E Fleming Field,small_airport,27037,2016-03-01,0.0018333333333333333,6,1,FALSE,1.1541483561198145,5.412310336621172,83.70833333333333,96.995,-0.4728390253778272,0.17873932962619504,FALSE,FALSE,0,-5.866301404153976
0-4 km,21063,KSGS,KSGS,SGS,South St Paul Municipal Airport/Richard E Fleming Field,small_airport,27037,2016-04-01,0.002,5,1,FALSE,8.839984130859397,6.027412103214434,78.25,97.53,-0.17246014659756306,-0.03644716670944701,FALSE,FALSE,0,-5.809142990314028
0-4 km,21063,KSGS,KSGS,SGS,South St Paul Municipal Airport/Richard E Fleming Field,small_airport,27037,2016-05-01,0.0034,5,1,FALSE,16.014996337890647,6.182323441988102,75,97.39150000000001,-0.4521891527425696,-0.24554097478921197,FALSE,FALSE,0,-5.426150738057922
0-4 km,21063,KSGS,KSGS,SGS,South St Paul Municipal Airport/Richard E Fleming Field,small_airport,27037,2016-06-01,0.0015,4,1,FALSE,19.543740844726585,3.2574576436786558,79.125,97.413125,-0.3779546340124682,0.03377002872752781,FALSE,FALSE,0,-5.991464547107982
0-4 km,21063,KSGS,KSGS,SGS,South St Paul Municipal Airport/Richard E Fleming Field,small_airport,27037,2016-07-01,0.0014,5,1,FALSE,22.209991455078146,5.265244879978473,83.55,97.1225,0.09577790012502455,-0.28069199835457415,FALSE,FALSE,0,-6.032286541628237
0-4 km,21063,KSGS,KSGS,SGS,South St Paul Municipal Airport/Richard E Fleming Field,small_airport,27037,2016-08-01,0.0022,5,1,FALSE,22.284997558593773,4.784404159438465,74.75,97.4805,-0.369916105295421,-0.6501865472340845,FALSE,FALSE,0,-5.744604469176456
0-4 km,21063,KSGS,KSGS,SGS,South St Paul Municipal Airport/Richard E Fleming Field,small_airport,27037,2016-09-01,0.0014,5,1,FALSE,17.470007324218773,3.536931833650537,68.3,97.5455,-0.41155379310633955,-0.16206833549955346,FALSE,FALSE,0,-6.032286541628237
0-4 km,21063,KSGS,KSGS,SGS,South St Paul Municipal Airport/Richard E Fleming Field,small_airport,27037,2016-10-01,0.0038,5,1,FALSE,10.464996337890648,4.1134136123381,73.95,97.8155,-0.29951899694135775,-0.2878972551411453,FALSE,FALSE,0,-5.339139361068292
0-4 km,21063,KSGS,KSGS,SGS,South St Paul Municipal Airport/Richard E Fleming Field,small_airport,27037,2016-11-01,0.003,5,1,FALSE,4.594982910156273,5.889978560469677,76.3,97.9605,0.049603783150235815,0.3051009491836527,FALSE,FALSE,0,-5.521460917862246
0-4 km,21063,KSGS,KSGS,SGS,South St Paul Municipal Airport/Richard E Fleming Field,small_airport,27037,2016-12-01,0.0015,4,1,FALSE,-6.6562637329101335,4.797599434097891,82.125,97.211875,-0.3267158362388677,-0.4392609661157142,FALSE,FALSE,0,-5.991464547107982
0-4 km,21063,KSGS,KSGS,SGS,South St Paul Municipal Airport/Richard E Fleming Field,small_airport,27037,2017-01-01,0.001,5,1,FALSE,-9.190014648437478,6.788131304960892,78.1,97.5955,-0.34183770180231116,-0.06843821232201007,FALSE,FALSE,0,-6.214608098422191
0-4 km,21063,KSGS,KSGS,SGS,South St Paul Municipal Airport/Richard E Fleming Field,small_airport,27037,2017-02-01,0.0016666666666666668,3,1,FALSE,-2.5916707356770607,8.918864302623396,78.91666666666667,96.715,-0.10661409534849135,0.2531431298245323,FALSE,FALSE,0,-5.926926025970411
0-4 km,21063,KSGS,KSGS,SGS,South St Paul Municipal Airport/Richard E Fleming Field,small_airport,27037,2017-03-01,0.0022,5,1,FALSE,-1.7600036621093522,3.3980382851754536,75.8,97.64,0.0732014907932882,0.6467097391298097,FALSE,FALSE,0,-5.744604469176456
0-4 km,21063,KSGS,KSGS,SGS,South St Paul Municipal Airport/Richard E Fleming Field,small_airport,27037,2017-04-01,0.0026,5,1,FALSE,9.464990234375023,4.999749126425201,73.15,97.51350000000001,-0.5882965210228158,0.09785439608008059,FALSE,FALSE,0,-5.626821433520073
0-4 km,21063,KSGS,KSGS,SGS,South St Paul Municipal Airport/Richard E Fleming Field,small_airport,27037,2017-05-01,0.0011666666666666668,6,1,FALSE,9.73748677571617,5.330268404142144,78.95833333333333,97.03416666666666,-0.14293894564334161,0.5116940663885249,FALSE,FALSE,0,-6.134565390748655
0-4 km,21063,KSGS,KSGS,SGS,South St Paul Municipal Airport/Richard E Fleming Field,small_airport,27037,2017-06-01,0.002,5,1,FALSE,16.704986572265646,3.6230678432124908,88,96.99799999999999,-0.46023980320432795,0.307567774936256,FALSE,FALSE,0,-5.809142990314028
0-4 km,21063,KSGS,KSGS,SGS,South St Paul Municipal Airport/Richard E Fleming Field,small_airport,27037,2017-07-01,0.002,5,1,FALSE,22.195001220703148,3.772232054230566,79.1,97.4345,-0.0474075837957636,-0.31893374128907637,FALSE,FALSE,0,-5.809142990314028
0-4 km,21063,KSGS,KSGS,SGS,South St Paul Municipal Airport/Richard E Fleming Field,small_airport,27037,2017-08-01,0.003,4,1,FALSE,17.824983215332054,5.948412223551891,89.0625,97.32,-0.4815822025886253,0.12221926732373983,FALSE,FALSE,0,-5.521460917862246
0-4 km,21063,KSGS,KSGS,SGS,South St Paul Municipal Airport/Richard E Fleming Field,small_airport,27037,2017-09-01,0.003,4,1,FALSE,20.356240844726585,8.337922409039045,70.625,97.58937499999999,-0.053110028809744775,-0.651136251500225,FALSE,FALSE,0,-5.521460917862246
0-4 km,21063,KSGS,KSGS,SGS,South St Paul Municipal Airport/Richard E Fleming Field,small_airport,27037,2017-10-01,0.002,5,1,FALSE,7.284985351562523,4.977362838197264,80.9,97.7955,-0.12127152207554165,0.123662426000692,FALSE,FALSE,0,-5.809142990314028
0-4 km,21063,KSGS,KSGS,SGS,South St Paul Municipal Airport/Richard E Fleming Field,small_airport,27037,2017-11-01,0.0018,5,1,FALSE,0.9849914550781478,4.361180314723926,79.9,97.3825,-0.11312437605017533,0.20078327868730872,FALSE,FALSE,0,-5.8781358618009785
0-4 km,21063,KSGS,KSGS,SGS,South St Paul Municipal Airport/Richard E Fleming Field,small_airport,27037,2017-12-01,0.0018,5,1,FALSE,-9.055010986328103,4.779858244923229,83.15,97.7805,0.6963262419455324,0.311040472262289,FALSE,FALSE,0,-5.8781358618009785
0-4 km,21063,KSGS,KSGS,SGS,South St Paul Municipal Airport/Richard E Fleming Field,small_airport,27037,2018-01-01,0.0026,5,1,FALSE,-9.465008544921853,5.547772470974961,76.45,97.666,-0.7648132821567829,-0.44510937808275747,FALSE,FALSE,0,-5.626821433520073
0-4 km,21063,KSGS,KSGS,SGS,South St Paul Municipal Airport/Richard E Fleming Field,small_airport,27037,2018-02-01,6.000000000000001e-4,5,1,FALSE,-10.705004882812478,4.546205116593857,83.95,97.54599999999999,-0.24235456166204866,-0.1279944508041103,FALSE,FALSE,0,-6.437751649736401
0-4 km,21063,KSGS,KSGS,SGS,South St Paul Municipal Airport/Richard E Fleming Field,small_airport,27037,2018-03-01,0.0016,5,1,FALSE,-2.8200134277343523,5.177759911503492,84.4,97.681,-0.3626156847401729,0.1192164639506292,FALSE,FALSE,0,-5.952243833954701
0-4 km,21063,KSGS,KSGS,SGS,South St Paul Municipal Airport/Richard E Fleming Field,small_airport,27037,2018-04-01,0.003,4,1,FALSE,-0.018759155273414763,3.317768845274326,66.3125,97.791875,-0.734852135001935,-0.16399364184565973,FALSE,FALSE,0,-5.521460917862246
0-4 km,21063,KSGS,KSGS,SGS,South St Paul Municipal Airport/Richard E Fleming Field,small_airport,27037,2018-05-01,0.0024000000000000002,5,1,FALSE,16.79998779296877,5.189776646461443,81.2,97.2205,-0.8240821829548949,0.02548372320763594,FALSE,FALSE,0,-5.683979847360021
0-4 km,21063,KSGS,KSGS,SGS,South St Paul Municipal Airport/Richard E Fleming Field,small_airport,27037,2018-06-01,0.0024000000000000002,5,1,FALSE,18.384991455078147,3.1746150148469683,85.75,97.4245,-0.7288470961429134,0.4777028336367073,FALSE,FALSE,0,-5.683979847360021
0-4 km,21063,KSGS,KSGS,SGS,South St Paul Municipal Airport/Richard E Fleming Field,small_airport,27037,2018-07-01,0.0018333333333333333,6,1,FALSE,22.320825195312523,6.146742262618882,74.08333333333333,97.55041666666666,-0.2905222999301193,-0.2897811443130006,FALSE,FALSE,0,-5.866301404153976
0-4 km,21063,KSGS,KSGS,SGS,South St Paul Municipal Airport/Richard E Fleming Field,small_airport,27037,2018-08-01,0.0026,5,1,FALSE,21.595001220703146,6.077249361687077,69.2,97.56,-0.6635689646063176,-0.20910547090138812,FALSE,FALSE,0,-5.626821433520073
0-4 km,21063,KSGS,KSGS,SGS,South St Paul Municipal Airport/Richard E Fleming Field,small_airport,27037,2018-09-01,0.003,5,1,FALSE,16.525000000000023,5.8705179116834625,74.8,97.6725,0.4374815742455271,-0.006041041212329479,FALSE,FALSE,0,-5.521460917862246
0-4 km,21063,KSGS,KSGS,SGS,South St Paul Municipal Airport/Richard E Fleming Field,small_airport,27037,2018-10-01,0.00125,4,1,FALSE,5.499993896484398,3.2683706708712768,80.5,97.520625,0.20529955577423653,0.42173309313352386,FALSE,FALSE,0,-6.0968250627658085
0-4 km,21063,KSGS,KSGS,SGS,South St Paul Municipal Airport/Richard E Fleming Field,small_airport,27037,2018-11-01,0.001,5,1,FALSE,-4.060015869140602,4.644755369837647,86.35,97.6375,0.23286051712528236,0.16106735850867793,FALSE,FALSE,0,-6.214608098422191
0-4 km,21063,KSGS,KSGS,SGS,South St Paul Municipal Airport/Richard E Fleming Field,small_airport,27037,2018-12-01,0.00175,4,1,FALSE,-7.7500137329101335,3.6184788766565004,90.0625,97.6575,-0.3763877524413666,-0.569799279791337,FALSE,FALSE,0,-5.896154367303657
0-4 km,21063,KSGS,KSGS,SGS,South St Paul Municipal Airport/Richard E Fleming Field,small_airport,27037,2019-01-01,0.001,4,1,FALSE,-14.893759155273415,5.994422478064611,82.3125,98.026875,-0.4962399295662052,0.28180218888856684,FALSE,FALSE,0,-6.214608098422191
0-4 km,21063,KSGS,KSGS,SGS,South St Paul Municipal Airport/Richard E Fleming Field,small_airport,27037,2019-02-01,0.001,5,1,FALSE,-11.145001220703103,4.392791311925921,79,97.557,-0.3260508208488609,-0.21313559385617892,FALSE,FALSE,0,-6.214608098422191
0-4 km,21063,KSGS,KSGS,SGS,South St Paul Municipal Airport/Richard E Fleming Field,small_airport,27037,2019-03-01,0.002,5,1,FALSE,-3.9600128173827898,3.6525994218545925,82.6,97.50750000000001,-0.12362693013391199,0.5422346046984367,FALSE,FALSE,0,-5.809142990314028
0-4 km,21063,KSGS,KSGS,SGS,South St Paul Municipal Airport/Richard E Fleming Field,small_airport,27037,2019-04-01,0.0022,5,1,FALSE,7.599981689453148,5.7614473675437115,71.85,97.147,-0.4702753417235392,0.18705928048896195,FALSE,FALSE,0,-5.744604469176456
0-4 km,21063,KSGS,KSGS,SGS,South St Paul Municipal Airport/Richard E Fleming Field,small_airport,27037,2019-05-01,0.0036,5,1,FALSE,9.664996337890647,4.931683788909693,84.65,97.4305,-0.6554460857538751,0.48497278535375804,FALSE,FALSE,0,-5.381698975487088
0-4 km,21063,KSGS,KSGS,SGS,South St Paul Municipal Airport/Richard E Fleming Field,small_airport,27037,2019-06-01,0.008,5,1,FALSE,16.669995117187522,4.652986610715711,75.85,97.1455,0.2759698574388595,-0.2767112806597224,FALSE,FALSE,0,-4.710530701645918
0-4 km,21063,KSGS,KSGS,SGS,South St Paul Municipal Airport/Richard E Fleming Field,small_airport,27037,2019-07-01,6.000000000000001e-4,5,1,FALSE,22.144995117187523,4.562526931489709,82.05,97.34,-0.10134196563702118,-0.195421859494405,FALSE,FALSE,0,-6.437751649736401
0-4 km,21063,KSGS,KSGS,SGS,South St Paul Municipal Airport/Richard E Fleming Field,small_airport,27037,2019-08-01,0.0021666666666666666,6,1,FALSE,19.424986775716167,5.212159894249686,66.04166666666667,97.57166666666666,-0.6122344233457099,-0.2989778617951398,FALSE,FALSE,0,-5.755075769043752
0-4 km,21063,KSGS,KSGS,SGS,South St Paul Municipal Airport/Richard E Fleming Field,small_airport,27037,2019-09-01,0.00125,4,1,FALSE,18.537500000000023,7.351197415050488,86.3125,97.27125,-0.3093024040631371,-0.1652048378362708,FALSE,FALSE,0,-6.0968250627658085
0-4 km,21063,KSGS,KSGS,SGS,South St Paul Municipal Airport/Richard E Fleming Field,small_airport,27037,2019-10-01,8e-4,5,1,FALSE,4.064984130859398,7.536838094572832,76.85,97.3385,-0.509565545200892,-0.37168844161077874,FALSE,FALSE,0,-6.319968614080018
0-4 km,21063,KSGS,KSGS,SGS,South St Paul Municipal Airport/Richard E Fleming Field,small_airport,27037,2019-11-01,8e-4,5,1,FALSE,-3.245013427734352,5.8801889282556425,81.15,97.918,-0.3089465369585622,-0.072589957454882,FALSE,FALSE,0,-6.319968614080018
0-4 km,21063,KSGS,KSGS,SGS,South St Paul Municipal Airport/Richard E Fleming Field,small_airport,27037,2019-12-01,0.002,5,1,FALSE,-6.040011596679665,2.965750318432307,89.6,97.2645,-0.5986097413599347,-0.030855592447989865,FALSE,FALSE,0,-5.809142990314028
0-4 km,21063,KSGS,KSGS,SGS,South St Paul Municipal Airport/Richard E Fleming Field,small_airport,27037,2020-01-01,0.0014,5,1,FALSE,-9.645016479492165,6.395778478197105,90,97.82849999999999,-0.6840993222782795,0.3608600440660559,FALSE,FALSE,0,-6.032286541628237
0-4 km,21063,KSGS,KSGS,SGS,South St Paul Municipal Airport/Richard E Fleming Field,small_airport,27037,2020-02-01,0.0012000000000000001,5,1,FALSE,-8.175012207031227,6.395777783984254,78.4,97.67,-0.07669426725736854,-0.11723078345402815,FALSE,FALSE,0,-6.119297918617867
0-4 km,21063,KSGS,KSGS,SGS,South St Paul Municipal Airport/Richard E Fleming Field,small_airport,27037,2020-03-01,0.0018,5,1,FALSE,-1.6650146484374773,6.644800205329014,87.9,97.665,-0.4153854205695439,0.09260987844870111,FALSE,FALSE,0,-5.8781358618009785
0-4 km,21063,KSGS,KSGS,SGS,South St Paul Municipal Airport/Richard E Fleming Field,small_airport,27037,2020-04-01,0.0016,5,1,FALSE,3.339984130859398,4.695149394159428,71.45,97.219,-0.3375815936475789,0.18630815641898119,FALSE,FALSE,0,-5.952243833954701
0-4 km,21063,KSGS,KSGS,SGS,South St Paul Municipal Airport/Richard E Fleming Field,small_airport,27037,2020-05-01,0.0018,5,1,FALSE,13.325006103515648,3.9354265682322938,71.95,97.393,-0.5381069492709456,0.4036496046442039,FALSE,FALSE,0,-5.8781358618009785
0-4 km,21063,KSGS,KSGS,SGS,South St Paul Municipal Airport/Richard E Fleming Field,small_airport,27037,2020-06-01,0.0022,5,1,FALSE,20.894989013671896,5.673342789111074,72.5,97.2745,-0.6916730671036155,-0.33572440667580117,FALSE,FALSE,0,-5.744604469176456
0-4 km,21063,KSGS,KSGS,SGS,South St Paul Municipal Airport/Richard E Fleming Field,small_airport,27037,2020-07-01,0.0092,5,1,FALSE,23.224987792968772,7.475786321226357,78.9,97.257,-0.5736791444878226,-0.20629581211436918,FALSE,FALSE,0,-4.585367558691911
0-4 km,21063,KSGS,KSGS,SGS,South St Paul Municipal Airport/Richard E Fleming Field,small_airport,27037,2020-08-01,0.0028333333333333335,6,1,FALSE,21.983331298828148,5.1854863040609915,65.66666666666667,97.33041666666666,-0.6261913125652345,-0.5831881139726571,FALSE,FALSE,0,-5.5640205322810425
0-4 km,21063,KSGS,KSGS,SGS,South St Paul Municipal Airport/Richard E Fleming Field,small_airport,27037,2020-09-01,0.0024000000000000002,5,1,FALSE,15.684997558593773,4.593357924695685,66.75,97.2525,-0.7974223372579592,0.08711130257546168,FALSE,FALSE,0,-5.683979847360021
0-4 km,21063,KSGS,KSGS,SGS,South St Paul Municipal Airport/Richard E Fleming Field,small_airport,27037,2020-10-01,0.0016,5,1,FALSE,4.964984130859397,4.19954991926764,77.15,97.44200000000001,-0.6148943514416767,0.06342004674350063,FALSE,FALSE,0,-5.952243833954701
0-4 km,21063,KSGS,KSGS,SGS,South St Paul Municipal Airport/Richard E Fleming Field,small_airport,27037,2020-11-01,0.0026,5,1,FALSE,1.1649841308593978,1.8822692963827057,81.2,97.654,0.6673686658879876,0.4008329234748361,FALSE,FALSE,0,-5.626821433520073
0-4 km,21063,KSGS,KSGS,SGS,South St Paul Municipal Airport/Richard E Fleming Field,small_airport,27037,2020-12-01,0.0016,5,1,FALSE,-4.805017089843727,5.467734397640986,86.6,97.4075,-0.005990716787534831,-0.3007707375192954,FALSE,FALSE,0,-5.952243833954701
0-4 km,21063,KSGS,KSGS,SGS,South St Paul Municipal Airport/Richard E Fleming Field,small_airport,27037,2021-01-01,0.002,5,1,FALSE,-8.770007324218728,3.8750386589634864,87.35,97.7255,-0.1765753875383204,-0.11047152125775636,FALSE,FALSE,0,-5.809142990314028
0-4 km,21063,KSGS,KSGS,SGS,South St Paul Municipal Airport/Richard E Fleming Field,small_airport,27037,2021-02-01,0.0036,5,1,FALSE,-12.660012817382789,4.25030499147333,79.35,97.9415,-0.41724901519773816,-0.5078886992689396,FALSE,FALSE,0,-5.381698975487088
0-4 km,21063,KSGS,KSGS,SGS,South St Paul Municipal Airport/Richard E Fleming Field,small_airport,27037,2021-03-01,0.0016,5,1,FALSE,2.1350036621093977,6.878402195854085,86.95,97.302,-0.8356375219824688,-0.3204964895665056,FALSE,FALSE,0,-5.952243833954701
0-4 km,21063,KSGS,KSGS,SGS,South St Paul Municipal Airport/Richard E Fleming Field,small_airport,27037,2021-04-01,0.0026,5,1,FALSE,7.654992675781273,4.340166312920756,79.75,97.259,0.38038437440563067,0.053475782551755266,FALSE,FALSE,0,-5.626821433520073
0-4 km,21063,KSGS,KSGS,SGS,South St Paul Municipal Airport/Richard E Fleming Field,small_airport,27037,2021-05-01,0.002,5,1,FALSE,10.724993896484397,7.669452079076374,82.45,97.7905,-0.3653081729222077,0.2586630405419515,FALSE,FALSE,0,-5.809142990314028
0-4 km,21063,KSGS,KSGS,SGS,South St Paul Municipal Airport/Richard E Fleming Field,small_airport,27037,2021-06-01,0.002,5,1,FALSE,19.654998779296896,6.127386538540611,79.75,97.1915,-0.8046112864060713,0.09460168386476679,FALSE,FALSE,0,-5.809142990314028
0-4 km,21063,KSGS,KSGS,SGS,South St Paul Municipal Airport/Richard E Fleming Field,small_airport,27037,2021-07-01,0.0016,5,1,FALSE,21.654998779296896,4.364852016361859,72.55,97.5685,-0.4400699521704882,-0.16807927787997456,FALSE,FALSE,0,-5.952243833954701
0-4 km,21063,KSGS,KSGS,SGS,South St Paul Municipal Airport/Richard E Fleming Field,small_airport,27037,2021-08-01,0.001,4,1,FALSE,21.61248931884768,4.489732759452922,69.5,97.513125,-0.7719903020011013,-0.14875224295118059,FALSE,FALSE,0,-6.214608098422191
0-4 km,21063,KSGS,KSGS,SGS,South St Paul Municipal Airport/Richard E Fleming Field,small_airport,27037,2021-09-01,0.0024000000000000002,5,1,FALSE,18.11499633789065,4.594323379804126,63.45,97.2675,-0.22679563484367105,-0.10403904768126276,FALSE,FALSE,0,-5.683979847360021
0-4 km,21063,KSGS,KSGS,SGS,South St Paul Municipal Airport/Richard E Fleming Field,small_airport,27037,2021-10-01,0.002,6,1,FALSE,13.829166666666689,5.661178718368265,75.45833333333333,97.50375,-0.3239999282393822,-0.013183582137817876,FALSE,FALSE,0,-5.809142990314028
0-4 km,21063,KSGS,KSGS,SGS,South St Paul Municipal Airport/Richard E Fleming Field,small_airport,27037,2021-11-01,0.0014,5,1,FALSE,3.7649841308593976,6.32288653166979,77.2,96.806,-0.302388187631195,-0.2890189408354859,FALSE,FALSE,0,-6.032286541628237
0-4 km,21063,KSGS,KSGS,SGS,South St Paul Municipal Airport/Richard E Fleming Field,small_airport,27037,2021-12-01,0.0014,5,1,FALSE,-7.130010986328102,6.4739700617181954,86.5,96.9225,-0.3773242569813321,-0.06601233387685032,FALSE,FALSE,0,-6.032286541628237
0-4 km,21063,KSGS,KSGS,SGS,South St Paul Municipal Airport/Richard E Fleming Field,small_airport,27037,2022-01-01,0.0014,5,1,FALSE,-13.085015869140602,4.688045597725012,81.95,97.249,-0.12991415300852524,0.09737960810081198,TRUE,FALSE,0,-6.032286541628237
0-4 km,21063,KSGS,KSGS,SGS,South St Paul Municipal Airport/Richard E Fleming Field,small_airport,27037,2022-02-01,0.0018,5,1,FALSE,-9.65502014160154,6.42281756089797,84.55,97.389,-0.4903648454862905,0.1223973072898177,TRUE,FALSE,0,-5.8781358618009785
0-4 km,21063,KSGS,KSGS,SGS,South St Paul Municipal Airport/Richard E Fleming Field,small_airport,27037,2022-03-01,8e-4,5,1,FALSE,-3.6650024414062274,5.439766421726169,88.9,96.899,-0.13054350319042435,0.6727943234475947,TRUE,FALSE,0,-6.319968614080018
0-4 km,21063,KSGS,KSGS,SGS,South St Paul Municipal Airport/Richard E Fleming Field,small_airport,27037,2022-04-01,0.0012000000000000001,5,1,FALSE,6.579998779296898,5.459300329886973,84.75,96.908,-0.6709949416135293,-0.44201823819297986,TRUE,FALSE,0,-6.119297918617867
0-4 km,21063,KSGS,KSGS,SGS,South St Paul Municipal Airport/Richard E Fleming Field,small_airport,27037,2022-05-01,0.0026,5,1,FALSE,14.629986572265647,4.5906569612352985,69.45,97.5275,0.1449596824951206,0.15328974668275938,TRUE,FALSE,0,-5.626821433520073
0-4 km,21063,KSGS,KSGS,SGS,South St Paul Municipal Airport/Richard E Fleming Field,small_airport,27037,2022-06-01,0.002,4,1,FALSE,18.906243896484398,5.423289373980792,62.875,97.410625,-0.6213718574256957,-0.5835735227542722,TRUE,FALSE,0,-5.809142990314028
0-4 km,21063,KSGS,KSGS,SGS,South St Paul Municipal Airport/Richard E Fleming Field,small_airport,27037,2022-07-01,0.0022,5,1,FALSE,21.389996337890647,7.754795166030118,75.95,97.346,-0.14373579872869494,-0.2627127622276808,TRUE,FALSE,0,-5.744604469176456
0-4 km,21063,KSGS,KSGS,SGS,South St Paul Municipal Airport/Richard E Fleming Field,small_airport,27037,2022-08-01,0.0018,5,1,FALSE,20.720001220703146,4.418854307151383,74.6,97.3995,-0.08860132811534331,-0.3267565323365018,TRUE,FALSE,0,-5.8781358618009785
0-4 km,21063,KSGS,KSGS,SGS,South St Paul Municipal Airport/Richard E Fleming Field,small_airport,27037,2022-09-01,0.002,5,1,FALSE,20.604992675781272,5.378308316895806,61.2,97.2545,-0.040563548918825035,-0.5086809000427166,TRUE,FALSE,0,-5.809142990314028
0-4 km,21063,KSGS,KSGS,SGS,South St Paul Municipal Airport/Richard E Fleming Field,small_airport,27037,2022-10-01,0.003,5,1,FALSE,6.299987792968773,4.743950130385405,60.75,97.443,-0.5459700939202946,0.1124140157480566,TRUE,FALSE,0,-5.521460917862246
0-4 km,21063,KSGS,KSGS,SGS,South St Paul Municipal Airport/Richard E Fleming Field,small_airport,27037,2022-11-01,0.001,5,1,FALSE,-0.21001586914060227,2.950754343841191,66.25,97.8035,-0.07979812516289045,-0.0067324379813728935,TRUE,FALSE,0,-6.214608098422191
0-4 km,21063,KSGS,KSGS,SGS,South St Paul Municipal Airport/Richard E Fleming Field,small_airport,27037,2022-12-01,8.333333333333334e-4,6,1,FALSE,-10.166670227050759,6.268512583175853,85.83333333333333,97.84958333333333,-0.2593210735490103,-0.17115924134305077,TRUE,FALSE,0,-6.3016194754118215
0-4 km,21063,KSGS,KSGS,SGS,South St Paul Municipal Airport/Richard E Fleming Field,small_airport,27037,2025-06-01,0.0012000000000000001,5,1,FALSE,19.43499755859377,4.868533633806616,80.75,97.4455,-0.4507783662653037,0.30279216495258726,TRUE,FALSE,0,-6.119297918617867
0-4 km,325427,US-0710,19PN,19PN,Walnut Grove Airport,small_airport,42071,2012-01-01,0.06,5,1,FALSE,-4.059997558593727,3.9704672055835024,81.1,98.836,-0.5038357452088241,-0.2298692084815703,FALSE,FALSE,0,-2.796881414808826
0-4 km,325427,US-0710,19PN,19PN,Walnut Grove Airport,small_airport,42071,2012-02-01,0.0438,5,1,FALSE,1.2899963378906478,5.924550673388553,78.9,99,-0.1887778840463274,0.00821558442241883,FALSE,FALSE,0,-3.1055471395611978
0-4 km,325427,US-0710,19PN,19PN,Walnut Grove Airport,small_airport,42071,2012-03-01,0.0684,5,1,FALSE,8.204010009765648,4.0269229842777445,74.35,98.554,-0.23707723758195165,-0.03878506901033903,FALSE,FALSE,0,-2.667868411469378
0-4 km,325427,US-0710,19PN,19PN,Walnut Grove Airport,small_airport,42071,2012-04-01,0.0926,5,1,FALSE,11.961999511718773,4.852292009288064,69.95,97.942,-0.40148312230301425,0.06739285243852669,FALSE,FALSE,0,-2.3687248954985907
0-4 km,325427,US-0710,19PN,19PN,Walnut Grove Airport,small_airport,42071,2012-05-01,0.0138,5,1,FALSE,18.212011718750023,2.4419968397663996,94.3,98.336,-0.4690045558813116,-0.3951059309147401,FALSE,FALSE,0,-4.213128098212068
0-4 km,325427,US-0710,19PN,19PN,Walnut Grove Airport,small_airport,42071,2012-06-01,0.0534,5,1,FALSE,18.782006835937523,4.944003939666433,74.15,98.22,-0.1051365447334521,0.4795415361494073,FALSE,FALSE,0,-2.91139112512024
0-4 km,325427,US-0710,19PN,19PN,Walnut Grove Airport,small_airport,42071,2012-07-01,0.0168,5,1,FALSE,24.892004394531273,3.9621231513975608,74,98.134,-0.5885185664127359,0.12614237772727321,FALSE,FALSE,0,-4.028556821684098
0-4 km,325427,US-0710,19PN,19PN,Walnut Grove Airport,small_airport,42071,2012-08-01,0.026166666666666668,6,1,FALSE,22.600000000000023,3.2013297765157267,70.20833333333333,98.425,-0.539712562525782,-0.07653922640577297,FALSE,FALSE,0,-3.6057645474034294
0-4 km,325427,US-0710,19PN,19PN,Walnut Grove Airport,small_airport,42071,2012-09-01,0.01,1,1,FALSE,22.850000000000023,1.8022514605823357,91.25,97.96,-0.9987524444431319,0.0499355055934018,FALSE,FALSE,0,-4.509860006183766
0-4 km,325427,US-0710,19PN,19PN,Walnut Grove Airport,small_airport,42071,2012-10-01,0.0188,5,1,FALSE,12.950006103515648,2.570950338378886,76.85,97.586,-0.4334983572960854,0.37635178405692615,FALSE,FALSE,0,-3.9220733412816475
0-4 km,325427,US-0710,19PN,19PN,Walnut Grove Airport,small_airport,42071,2012-11-01,0.0174,5,1,FALSE,4.544006347656273,3.9722214517844137,70.35,99.096,0.5762383806207146,-0.044396714879807744,FALSE,FALSE,0,-3.9954046143671973
0-4 km,325427,US-0710,19PN,19PN,Walnut Grove Airport,small_airport,42071,2012-12-01,0.0154,5,1,FALSE,4.750000000000023,2.334545105241109,83.25,97.914,0.044261055192857016,0.014708808454329014,FALSE,FALSE,0,-4.110473944151984
0-4 km,325427,US-0710,19PN,19PN,Walnut Grove Airport,small_airport,42071,2013-01-01,0.066,5,1,FALSE,-2.0199951171874773,5.2692929426702735,73.1,98.842,-0.7138300752049672,0.11774369700380304,FALSE,FALSE,0,-2.703062659591171
0-4 km,325427,US-0710,19PN,19PN,Walnut Grove Airport,small_airport,42071,2013-02-01,0.0522,5,1,FALSE,-1.4160034179687273,3.949885855871797,79.4,97.982,-0.5255474909792894,0.2637348357051149,FALSE,FALSE,0,-2.933696882634538
0-4 km,325427,US-0710,19PN,19PN,Walnut Grove Airport,small_airport,42071,2013-03-01,0.0196,5,1,FALSE,1.2920043945312727,5.9046822564531665,72,98.434,-0.785763557411549,0.34031769085692587,FALSE,FALSE,0,-3.8824642031866015
0-4 km,325427,US-0710,19PN,19PN,Walnut Grove Airport,small_airport,42071,2013-04-01,0.03325,4,1,FALSE,9.705003356933616,3.326745624311776,67.4375,99.0875,0.2739879232965481,-0.5096106824140052,FALSE,FALSE,0,-3.3740687142739025
0-4 km,325427,US-0710,19PN,19PN,Walnut Grove Airport,small_airport,42071,2013-05-01,0.0165,4,1,FALSE,16.480004882812523,7.1732528091603935,82.375,98.525,-0.5827424443361975,-0.32745659576359193,FALSE,FALSE,0,-4.045554398052668
0-4 km,325427,US-0710,19PN,19PN,Walnut Grove Airport,small_airport,42071,2013-06-01,0.020999999999999998,5,1,FALSE,20.167999267578146,3.717410091501821,83.45,98.368,-0.5010071426277563,0.21132302352445187,FALSE,FALSE,0,-3.816712825623821
0-4 km,325427,US-0710,19PN,19PN,Walnut Grove Airport,small_airport,42071,2013-07-01,0.018,5,1,FALSE,23.2680114746094,4.074379831869881,86.35,98.63799999999999,-0.7042356605879327,-0.49910781285449235,FALSE,FALSE,0,-3.9633162998156966
0-4 km,325427,US-0710,19PN,19PN,Walnut Grove Airport,small_airport,42071,2013-08-01,0.0224,5,1,FALSE,20.365991210937523,5.217140146706568,82.7,98.458,-0.6237273571166545,-0.0068604616488415916,FALSE,FALSE,0,-3.7550192566184815
0-4 km,325427,US-0710,19PN,19PN,Walnut Grove Airport,small_airport,42071,2013-09-01,0.0166,5,1,FALSE,17.45800781250002,4.66928213023617,77.15,98.212,-0.6124355750933398,0.013874326091622258,FALSE,FALSE,0,-4.0398563769380305
0-4 km,325427,US-0710,19PN,19PN,Walnut Grove Airport,small_airport,42071,2013-10-01,0.05466666666666667,6,1,FALSE,13.588337198893251,4.082496821278865,80.08333333333333,98.44833333333332,-0.13037892039127405,-0.389289476893238,FALSE,FALSE,0,-2.8883737552334914
0-4 km,325427,US-0710,19PN,19PN,Walnut Grove Airport,small_airport,42071,2013-11-01,0.0518,5,1,FALSE,3.707995605468773,6.56770247002609,72.9,98.996,-0.36354839910799935,-0.17774687742608705,FALSE,FALSE,0,-2.9412440882699213
0-4 km,325427,US-0710,19PN,19PN,Walnut Grove Airport,small_airport,42071,2013-12-01,0.1118,5,1,FALSE,0.4780029296875227,5.332112549959874,84.3,98.518,-0.6673024941963946,0.3548842357393389,FALSE,FALSE,0,-2.1821389399181785
0-4 km,325427,US-0710,19PN,19PN,Walnut Grove Airport,small_airport,42071,2014-01-01,0.099,5,1,FALSE,-5.585998535156227,4.457097611698758,82.65,98.384,-0.49837570264188286,-0.4891936167149056,FALSE,FALSE,0,-2.3025850929940455
0-4 km,325427,US-0710,19PN,19PN,Walnut Grove Airport,small_airport,42071,2014-02-01,0.0518,5,1,FALSE,-5.771990966796852,3.3259550328552603,75.3,98.602,-0.14857306952502725,0.42319308934084926,FALSE,FALSE,0,-2.9412440882699213
0-4 km,325427,US-0710,19PN,19PN,Walnut Grove Airport,small_airport,42071,2014-03-01,0.0126,5,1,FALSE,-0.13599853515622726,6.44853305337833,77.1,98.12,-0.482526950464817,0.4483586646144131,FALSE,FALSE,0,-4.29768548624013
0-4 km,325427,US-0710,19PN,19PN,Walnut Grove Airport,small_airport,42071,2014-04-01,0.06966666666666667,3,1,FALSE,6.659997558593773,5.606179359268942,77.08333333333333,98.38,-0.7476195074384485,0.22999960241383066,FALSE,FALSE,0,-2.649781292978234
0-4 km,325427,US-0710,19PN,19PN,Walnut Grove Airport,small_airport,42071,2014-05-01,0.0485,4,1,FALSE,14.360009765625023,3.771243673357975,88.4375,98.3725,-0.3795274519900581,0.29417920639569695,FALSE,FALSE,0,-3.0057826094074924
0-4 km,325427,US-0710,19PN,19PN,Walnut Grove Airport,small_airport,42071,2014-06-01,0.011,4,1,FALSE,20.647492980957054,3.08940784005677,85.5625,98.28,-0.23481670482888897,0.19333745194588306,FALSE,FALSE,0,-4.422848629194137
0-4 km,325427,US-0710,19PN,19PN,Walnut Grove Airport,small_airport,42071,2014-07-01,0.0438,5,1,FALSE,20.832000732421896,4.964033518146684,87.35,98.14,-0.7475106836076961,0.08347918149682937,FALSE,FALSE,0,-3.1055471395611978
0-4 km,325427,US-0710,19PN,19PN,Walnut Grove Airport,small_airport,42071,2014-08-01,0.03833333333333333,3,1,FALSE,18.97334187825523,4.295030747644856,76.58333333333333,98.52333333333334,-0.9406784369241673,0.19399979870382433,FALSE,FALSE,0,-3.235682943184582
0-4 km,325427,US-0710,19PN,19PN,Walnut Grove Airport,small_airport,42071,2014-09-01,0.0334,5,1,FALSE,17.926000976562523,3.003982405823405,76.25,98.934,-0.3146096240198338,-0.05383460651363361,FALSE,FALSE,0,-3.3696987146027846
0-4 km,325427,US-0710,19PN,19PN,Walnut Grove Airport,small_airport,42071,2014-10-01,0.1122,5,1,FALSE,14.651989746093772,4.993575321991399,74.55,98.196,-0.4868529593162894,-0.5120814548619609,FALSE,FALSE,0,-2.1785991132130547
0-4 km,325427,US-0710,19PN,19PN,Walnut Grove Airport,small_airport,42071,2014-11-01,0.2572,5,1,FALSE,3.6549926757812727,4.502180168491244,67.95,98.12349999999999,-0.4417669457657006,0.3262618673600236,FALSE,FALSE,0,-1.354020800569595
0-4 km,325427,US-0710,19PN,19PN,Walnut Grove Airport,small_airport,42071,2014-12-01,0.329,4,1,FALSE,3.5999923706054915,4.038934109739605,77,98.475,-0.0781977578566297,0.07475651386295087,FALSE,FALSE,0,-1.1086626245216111
0-4 km,325427,US-0710,19PN,19PN,Walnut Grove Airport,small_airport,42071,2015-01-01,0.094,5,1,FALSE,-2.6700073242187274,6.234546526927804,81.3,98.439,-0.646471565177366,-0.11400436453706674,FALSE,FALSE,0,-2.353878387381596
0-4 km,325427,US-0710,19PN,19PN,Walnut Grove Airport,small_airport,42071,2015-02-01,0.03375,4,1,FALSE,-6.6250137329101335,4.2359024291246,82.5,98.49625,-0.4070384506167938,0.5984436560985081,FALSE,FALSE,0,-3.3595757069713357
0-4 km,325427,US-0710,19PN,19PN,Walnut Grove Airport,small_airport,42071,2015-03-01,0.025166666666666667,6,1,FALSE,-1.1583465576171648,3.4430118681739605,70.58333333333333,99.20583333333333,-0.30303430754947513,-0.3970557297031423,FALSE,FALSE,0,-3.643268942861884
0-4 km,325427,US-0710,19PN,19PN,Walnut Grove Airport,small_airport,42071,2015-04-01,0.0184,5,1,FALSE,10.574993896484397,5.519672579840337,64,98.3485,-0.38917061270228,0.23706689052281626,FALSE,FALSE,0,-3.9424822129128545
0-4 km,325427,US-0710,19PN,19PN,Walnut Grove Airport,small_airport,42071,2015-05-01,0.0366,5,1,FALSE,19.499987792968774,4.649765388272405,82.35,98.837,-0.8451109743684525,-0.2410606766832599,FALSE,FALSE,0,-3.280751228586288
0-4 km,325427,US-0710,19PN,19PN,Walnut Grove Airport,small_airport,42071,2015-06-01,0.049,2,1,FALSE,21.937478637695335,4.799106010337564,74.75,98.08125000000001,-0.9406377073579077,-0.3319413347465645,FALSE,FALSE,0,-2.995732273553991
0-4 km,325427,US-0710,19PN,19PN,Walnut Grove Airport,small_airport,42071,2015-07-01,0.014199999999999999,5,1,FALSE,21.764996337890647,5.543065930933691,75.05,98.462,-0.8321440551883649,0.04604424584412294,FALSE,FALSE,0,-4.186459851129906
0-4 km,325427,US-0710,19PN,19PN,Walnut Grove Airport,small_airport,42071,2015-08-01,0.0198,5,1,FALSE,22.1049987792969,3.167588846900148,65.25,98.5435,-0.6872480739856849,-0.05936698262055045,FALSE,FALSE,0,-3.872802292274865
0-4 km,325427,US-0710,19PN,19PN,Walnut Grove Airport,small_airport,42071,2015-09-01,0.015000000000000001,5,1,FALSE,20.214996337890646,2.758434496874325,66.15,98.782,-0.5756243533683394,0.012658295842043723,FALSE,FALSE,0,-4.135166556742356
0-4 km,325427,US-0710,19PN,19PN,Walnut Grove Airport,small_airport,42071,2015-10-01,0.0542,5,1,FALSE,11.839996337890648,3.7230969315703435,69.5,98.8575,-0.38883397797324054,0.1478651806108916,FALSE,FALSE,0,-2.8967923256990873
0-4 km,325427,US-0710,19PN,19PN,Walnut Grove Airport,small_airport,42071,2015-11-01,0.041249999999999995,4,1,FALSE,9.03748474121096,5.1836215181027026,63.0625,99.051875,-0.476510210107689,0.1080663844686251,FALSE,FALSE,0,-3.164150925178954
0-4 km,325427,US-0710,19PN,19PN,Walnut Grove Airport,small_airport,42071,2015-12-01,0.0226,5,1,FALSE,7.759991455078148,3.315850780655912,81.3,98.6775,-0.06792819043625856,0.11016846680480137,FALSE,FALSE,0,-3.7465085669505727
0-4 km,325427,US-0710,19PN,19PN,Walnut Grove Airport,small_airport,42071,2016-01-01,0.06416666666666666,6,1,FALSE,-3.6708587646484148,3.123190447915703,65.70833333333333,98.61291666666666,-0.47768388782207144,-0.1083957219170885,FALSE,FALSE,0,-2.7308071882248264
0-4 km,325427,US-0710,19PN,19PN,Walnut Grove Airport,small_airport,42071,2016-02-01,0.017,4,1,FALSE,-2.256254577636696,5.553629019243432,74.8125,98.848125,-0.5207426074905042,-0.14721874756034128,FALSE,FALSE,0,-4.017383521085972
0-4 km,325427,US-0710,19PN,19PN,Walnut Grove Airport,small_airport,42071,2016-03-01,0.01916666666666667,6,1,FALSE,8.466653442382835,5.454728478823283,71.79166666666667,98.26416666666667,-0.5781483307695124,-0.40908378303085824,FALSE,FALSE,0,-3.903724202613451
0-4 km,325427,US-0710,19PN,19PN,Walnut Grove Airport,small_airport,42071,2016-04-01,0.0128,5,1,FALSE,9.494995117187523,3.569321521580157,65.6,98.788,-0.5178440953717571,-0.14721503105052902,FALSE,FALSE,0,-4.283086686818978
0-4 km,325427,US-0710,19PN,19PN,Walnut Grove Airport,small_airport,42071,2016-05-01,0.030000000000000002,5,1,FALSE,14.769995117187523,3.8847342418628314,84.65,98.259,-0.575397824236577,0.09837672114884705,FALSE,FALSE,0,-3.4737680744969905
0-4 km,325427,US-0710,19PN,19PN,Walnut Grove Airport,small_airport,42071,2016-06-01,0.0208,5,1,FALSE,20.73999633789065,6.939823821831882,80.15,97.9655,-0.43113123067304393,-0.10444522286939484,FALSE,FALSE,0,-3.825845309187094
0-4 km,325427,US-0710,19PN,19PN,Walnut Grove Airport,small_airport,42071,2016-07-01,0.0265,4,1,FALSE,22.45623931884768,2.7309665724830037,84.9375,98.304375,0.057879989741722836,0.5421366486048488,FALSE,FALSE,0,-3.5935692743096115
0-4 km,325427,US-0710,19PN,19PN,Walnut Grove Airport,small_airport,42071,2016-08-01,0.0125,4,1,FALSE,23.199990844726585,6.916948505805447,77.75,98.75875,-0.4066680209080992,-0.18739805592662273,FALSE,FALSE,0,-4.305065593537753
0-4 km,325427,US-0710,19PN,19PN,Walnut Grove Airport,small_airport,42071,2016-09-01,0.0188,5,1,FALSE,21.259991455078147,4.196720940055722,71.55,98.584,-0.4885179810115344,0.12048839380870388,FALSE,FALSE,0,-3.9220733412816475
0-4 km,325427,US-0710,19PN,19PN,Walnut Grove Airport,small_airport,42071,2016-10-01,0.0166,5,1,FALSE,14.139984130859398,3.6712927853764565,72.75,98.592,0.140965911248254,-0.1956359447111556,FALSE,FALSE,0,-4.0398563769380305
0-4 km,325427,US-0710,19PN,19PN,Walnut Grove Airport,small_airport,42071,2016-11-01,0.0582,5,1,FALSE,7.354986572265648,4.909039946619189,64.2,98.641,-0.4237532740471946,-0.10681252777956121,FALSE,FALSE,0,-2.8268337370921772
0-4 km,325427,US-0710,19PN,19PN,Walnut Grove Airport,small_airport,42071,2016-12-01,0.13899999999999998,3,1,FALSE,-0.6499898274739356,3.6966646370938823,69.41666666666667,98.82,0.19387343631725173,-0.11596895252422179,FALSE,FALSE,0,-1.966112856372833
0-4 km,325427,US-0710,19PN,19PN,Walnut Grove Airport,small_airport,42071,2017-01-01,0.026333333333333334,6,1,FALSE,0.9333231608073144,4.059079811516812,73.45833333333333,98.35041666666666,-0.5451724975533261,0.22291914794223108,FALSE,FALSE,0,-3.5996483203859935
0-4 km,325427,US-0710,19PN,19PN,Walnut Grove Airport,small_airport,42071,2017-02-01,0.034749999999999996,4,1,FALSE,6.7187362670898665,3.826318946345126,80.875,97.9475,-0.574582030415937,-0.6212210695057142,FALSE,FALSE,0,-3.3312050098421206
0-4 km,325427,US-0710,19PN,19PN,Walnut Grove Airport,small_airport,42071,2017-03-01,0.04125,4,1,FALSE,3.4374938964843977,3.4532537830281402,83.3125,98.2675,-0.30979637872098537,0.4655779806907711,FALSE,FALSE,0,-3.164150925178954
0-4 km,325427,US-0710,19PN,19PN,Walnut Grove Airport,small_airport,42071,2017-04-01,0.023,5,1,FALSE,9.509991455078147,6.676341516716161,81.35,98.1705,-0.4136333051723433,0.19717744350618083,FALSE,FALSE,0,-3.7297014486341915
0-4 km,325427,US-0710,19PN,19PN,Walnut Grove Airport,small_airport,42071,2017-05-01,0.017,6,1,FALSE,15.012490844726585,5.163279634840369,87.66666666666667,97.74916666666667,-0.8550306446753708,-0.2724975920706334,FALSE,FALSE,0,-4.017383521085972
0-4 km,325427,US-0710,19PN,19PN,Walnut Grove Airport,small_airport,42071,2017-06-01,0.052,5,1,FALSE,22.2899841308594,5.507360040494835,77.05,97.9175,-0.6532576654084069,-0.22314207563043825,FALSE,FALSE,0,-2.9374633654300153
0-4 km,325427,US-0710,19PN,19PN,Walnut Grove Airport,small_airport,42071,2017-07-01,0.0304,5,1,FALSE,22.594995117187523,3.9328575462718534,83.2,98.3345,-0.10097152870729895,-0.025235863101210093,FALSE,FALSE,0,-3.4609473860679296
0-4 km,325427,US-0710,19PN,19PN,Walnut Grove Airport,small_airport,42071,2017-08-01,0.0428,5,1,FALSE,21.61999511718752,3.0919033262449847,76.65,98.4085,-0.7129907412763034,-0.20902149606721868,FALSE,FALSE,0,-3.128121461599737
0-4 km,325427,US-0710,19PN,19PN,Walnut Grove Airport,small_airport,42071,2017-09-01,0.0266,5,1,FALSE,19.955004882812524,4.4402341797505045,68.45,98.6155,-0.5003611048187351,0.5442716042251563,FALSE,FALSE,0,-3.5899395062590327
0-4 km,325427,US-0710,19PN,19PN,Walnut Grove Airport,small_airport,42071,2017-10-01,0.0134,5,1,FALSE,17.029980468750022,7.3432946030727475,70.15,98.813,-0.5234779710339957,-0.12909215175541808,FALSE,FALSE,0,-4.240527072400182
0-4 km,325427,US-0710,19PN,19PN,Walnut Grove Airport,small_airport,42071,2017-11-01,0.0224,5,1,FALSE,7.029992675781273,3.113889697676478,67.35,98.688,-0.5653809226305605,-0.423614833836019,FALSE,FALSE,0,-3.7550192566184815
0-4 km,325427,US-0710,19PN,19PN,Walnut Grove Airport,small_airport,42071,2017-12-01,0.0186,5,1,FALSE,-3.1350097656249774,3.5811489690555796,76.35,98.7195,-0.13010212111254793,-0.08764064428116516,FALSE,FALSE,0,-3.9322257127456655
0-4 km,325427,US-0710,19PN,19PN,Walnut Grove Airport,small_airport,42071,2018-01-01,0.0306,5,1,FALSE,-7.130004882812477,5.866413144079435,67.1,99.3855,-0.7971323103135759,-0.2056733986409424,FALSE,FALSE,0,-3.454598158389271
0-4 km,325427,US-0710,19PN,19PN,Walnut Grove Airport,small_airport,42071,2018-02-01,0.0078,5,1,FALSE,1.1549926757812727,3.112826535763718,79.95,99.1055,-0.08805814642062718,-0.4613174149235686,FALSE,FALSE,0,-4.733003557497977
0-4 km,325427,US-0710,19PN,19PN,Walnut Grove Airport,small_airport,42071,2018-03-01,0.0372,5,1,FALSE,-1.0150146484374774,6.5199481746538215,75.15,98.12599999999999,-0.6634509962735001,0.05867887503552045,FALSE,FALSE,0,-3.2649197633696074
0-4 km,325427,US-0710,19PN,19PN,Walnut Grove Airport,small_airport,42071,2018-04-01,0.0232,5,1,FALSE,6.579992675781273,4.863166025265608,75.2,98.213,-0.3828051048843536,0.31048728089969085,FALSE,FALSE,0,-3.7214026458194964
0-4 km,325427,US-0710,19PN,19PN,Walnut Grove Airport,small_airport,42071,2018-05-01,0.0138,5,1,FALSE,18.10998535156252,3.5733033029853556,82.4,98.462,-0.5698680257635343,-0.7014368703544419,FALSE,FALSE,0,-4.213128098212068
0-4 km,325427,US-0710,19PN,19PN,Walnut Grove Airport,small_airport,42071,2018-06-01,0.0158,5,1,FALSE,20.30499267578127,3.223268588882835,83.1,98.16499999999999,-0.3126161450053055,-0.3788243116784092,FALSE,FALSE,0,-4.086376392572924
0-4 km,325427,US-0710,19PN,19PN,Walnut Grove Airport,small_airport,42071,2018-07-01,0.004666666666666666,6,1,FALSE,21.87915954589846,4.405635853996483,76.5,98.72375,-0.29517746125413735,-0.26647392811971965,FALSE,FALSE,0,-5.173154223594031
0-4 km,325427,US-0710,19PN,19PN,Walnut Grove Airport,small_airport,42071,2018-08-01,0.0108,5,1,FALSE,23.135003662109398,4.003768780811156,79.65,98.55799999999999,-0.913247891243687,-0.09470462622631302,FALSE,FALSE,0,-4.439655747510518
0-4 km,325427,US-0710,19PN,19PN,Walnut Grove Airport,small_airport,42071,2018-09-01,0.0072,5,1,FALSE,19.950000000000024,3.9190204189796085,83.6,98.8655,-0.49097625039459974,-0.37535777404014703,FALSE,FALSE,0,-4.803621124711929
0-4 km,325427,US-0710,19PN,19PN,Walnut Grove Airport,small_airport,42071,2018-10-01,0.030799999999999998,5,1,FALSE,13.729992675781272,5.104202732542299,76.75,98.15899999999999,-0.588972048236547,-0.28921554200392025,FALSE,FALSE,0,-3.4482889891960062
0-4 km,325427,US-0710,19PN,19PN,Walnut Grove Airport,small_airport,42071,2018-11-01,0.095,5,1,FALSE,0.9349792480468977,4.04905972847968,71.55,98.4405,-0.22580319246718472,0.5248485820238566,FALSE,FALSE,0,-2.3434070875143007
0-4 km,325427,US-0710,19PN,19PN,Walnut Grove Airport,small_airport,42071,2018-12-01,0.0448,5,1,FALSE,3.1799926757812726,4.448649193716297,82.45,97.99,-0.26903794032977274,0.4694533739503269,FALSE,FALSE,0,-3.083471187861998
0-4 km,325427,US-0710,19PN,19PN,Walnut Grove Airport,small_airport,42071,2019-01-01,0.0754,5,1,FALSE,-2.9750122070312273,5.02089912697059,77.5,98.251,-0.26034168048947803,0.07845771999503603,FALSE,FALSE,0,-2.5717725828096625
0-4 km,325427,US-0710,19PN,19PN,Walnut Grove Airport,small_airport,42071,2019-02-01,0.0402,5,1,FALSE,-1.8150024414062274,4.824069894606531,70.6,98.9405,-0.5054763193191153,-0.3087997865981856,FALSE,FALSE,0,-3.1893170226266565
0-4 km,325427,US-0710,19PN,19PN,Walnut Grove Airport,small_airport,42071,2019-03-01,0.092,5,1,FALSE,3.2949890136718976,5.789074536609085,79.7,98.12650000000001,-0.11210402128780234,0.0656294460434387,FALSE,FALSE,0,-2.375155785828881
0-4 km,325427,US-0710,19PN,19PN,Walnut Grove Airport,small_airport,42071,2019-04-01,0.0726,5,1,FALSE,11.569982910156273,3.4800657190086004,78.25,97.5355,-0.2506119511930078,-0.3941592627673105,FALSE,FALSE,0,-2.6091102532473065
0-4 km,325427,US-0710,19PN,19PN,Walnut Grove Airport,small_airport,42071,2019-05-01,0.045000000000000005,4,1,FALSE,15.743745422363304,3.2189442360576765,87,98.388125,-0.03937845280730792,0.14103314551451407,FALSE,FALSE,0,-3.0791138824930417
0-4 km,325427,US-0710,19PN,19PN,Walnut Grove Airport,small_airport,42071,2019-06-01,0.03525,4,1,FALSE,21.281236267089866,5.033871331259209,80,97.886875,-0.36584797995033547,-0.3184704254692691,FALSE,FALSE,0,-3.3173158976814534
0-4 km,325427,US-0710,19PN,19PN,Walnut Grove Airport,small_airport,42071,2019-07-01,0.041749999999999995,4,1,FALSE,24.56874237060549,2.6471391176444627,77.8125,98.17375,-0.5531744370612772,-0.3853020454237011,FALSE,FALSE,0,-3.152386083599368
0-4 km,325427,US-0710,19PN,19PN,Walnut Grove Airport,small_airport,42071,2019-08-01,0.0064,5,1,FALSE,21.895001220703147,3.274994338758939,77,98.4215,0.09298152162084669,0.13450134273947875,FALSE,FALSE,0,-4.9062752787720125
0-4 km,325427,US-0710,19PN,19PN,Walnut Grove Airport,small_airport,42071,2019-09-01,0.0266,5,1,FALSE,19.97497558593752,2.7206564852028614,77.4,98.58500000000001,0.07415529415393066,-0.038927081900857335,FALSE,FALSE,0,-3.5899395062590327
0-4 km,325427,US-0710,19PN,19PN,Walnut Grove Airport,small_airport,42071,2019-10-01,0.0362,5,1,FALSE,12.294995117187522,5.343416031929103,75,98.7335,-0.5948593382965341,-0.35462991388444404,FALSE,FALSE,0,-3.291446517703036
0-4 km,325427,US-0710,19PN,19PN,Walnut Grove Airport,small_airport,42071,2019-11-01,0.0338,5,1,FALSE,3.409985351562523,3.9896274190706293,69.55,98.79950000000001,-0.6865809711473632,-0.09338515517505923,FALSE,FALSE,0,-3.3581378922017087
0-4 km,325427,US-0710,19PN,19PN,Walnut Grove Airport,small_airport,42071,2019-12-01,0.0552,5,1,FALSE,1.8049865722656477,3.240582846832589,85.25,98.4025,-0.08766360446634242,0.25625337649284585,FALSE,FALSE,0,-2.8788385220824915
0-4 km,325427,US-0710,19PN,19PN,Walnut Grove Airport,small_airport,42071,2020-01-01,0.0104,5,1,FALSE,1.9749938964843978,5.002952686303679,84,98.626,-0.5736788469405929,-0.12738411997700008,FALSE,FALSE,0,-4.474141923581687
0-4 km,325427,US-0710,19PN,19PN,Walnut Grove Airport,small_airport,42071,2020-02-01,0.059750000000000004,4,1,FALSE,-1.4312652587890398,4.102123323718536,68.75,98.55937499999999,-0.47619242933597905,0.042422233761051795,FALSE,FALSE,0,-2.800988196761479
0-4 km,325427,US-0710,19PN,19PN,Walnut Grove Airport,small_airport,42071,2020-03-01,0.0362,5,1,FALSE,6.464990234375023,7.149039171465954,75.3,98.818,-0.6494362429560361,-0.22397154430732993,FALSE,FALSE,0,-3.291446517703036
0-4 km,325427,US-0710,19PN,19PN,Walnut Grove Airport,small_airport,42071,2020-04-01,0.026,5,1,FALSE,7.889996337890648,5.487396828839787,72.65,97.529,-0.5948354403867464,0.36225793672743617,FALSE,FALSE,0,-3.611918412977808
0-4 km,325427,US-0710,19PN,19PN,Walnut Grove Airport,small_airport,42071,2020-05-01,0.0276,5,1,FALSE,13.169995117187522,3.26828265047341,76.75,98.4685,-0.05512537731643556,-0.5822129415166246,FALSE,FALSE,0,-3.55434856115633
0-4 km,325427,US-0710,19PN,19PN,Walnut Grove Airport,small_airport,42071,2020-06-01,0.0286,5,1,FALSE,17.36499023437502,3.8776672421236196,71.55,98.662,-0.2127464744991426,0.05462305982936278,FALSE,FALSE,0,-3.519980917652122
0-4 km,325427,US-0710,19PN,19PN,Walnut Grove Airport,small_airport,42071,2020-07-01,0.0236,5,1,FALSE,23.344995117187523,3.2159788205557343,83.9,98.3225,-0.6676112520515288,0.011173535322830053,FALSE,FALSE,0,-3.70500883604382
0-4 km,325427,US-0710,19PN,19PN,Walnut Grove Airport,small_airport,42071,2020-08-01,0.018666666666666665,6,1,FALSE,21.891656494140648,4.219580693585558,83.79166666666667,98.34958333333333,-0.744737700632592,0.009537407249777632,FALSE,FALSE,0,-3.9288301237445276
0-4 km,325427,US-0710,19PN,19PN,Walnut Grove Airport,small_airport,42071,2020-09-01,0.0096,5,1,FALSE,17.199993896484397,3.992104711836596,79.95,98.4415,-0.7206236530937591,-0.0885369726720488,FALSE,FALSE,0,-4.546901277864116
0-4 km,325427,US-0710,19PN,19PN,Walnut Grove Airport,small_airport,42071,2020-10-01,0.0065,4,1,FALSE,11.47498474121096,5.785433195912168,79.3125,98.58125,-0.41574486042631004,0.2860725847466923,FALSE,FALSE,0,-4.892852258439873
0-4 km,325427,US-0710,19PN,19PN,Walnut Grove Airport,small_airport,42071,2020-11-01,0.0168,5,1,FALSE,8.919982910156273,4.192356550980375,74.2,98.699,-0.2526935165624937,-0.4528674427516548,FALSE,FALSE,0,-4.028556821684098
0-4 km,325427,US-0710,19PN,19PN,Walnut Grove Airport,small_airport,42071,2020-12-01,0.009,5,1,FALSE,0.47498779296877275,4.5440297274578025,82.4,98.631,0.3271132819618654,0.10231840673704223,FALSE,FALSE,0,-4.605170185988092
0-4 km,325427,US-0710,19PN,19PN,Walnut Grove Airport,small_airport,42071,2021-01-01,0.013,1,1,FALSE,-0.05002441406247726,1.8117663786414169,96,98.215,0.7727265461278482,0.6347390683653611,FALSE,FALSE,0,-4.268697949366879
0-4 km,325427,US-0710,19PN,19PN,Walnut Grove Airport,small_airport,42071,2021-02-01,0.017,4,1,FALSE,-3.200010681152321,3.0398155183868214,84.75,99.12,-0.5092778175558393,-0.2867149881356224,FALSE,FALSE,0,-4.017383521085972
0-4 km,325427,US-0710,19PN,19PN,Walnut Grove Airport,small_airport,42071,2021-03-01,0.014,5,1,FALSE,5.149987792968773,5.249318515039496,72.7,98.67049999999999,-0.6766009819222785,-0.09583335509679058,FALSE,FALSE,0,-4.199705077879927
0-4 km,325427,US-0710,19PN,19PN,Walnut Grove Airport,small_airport,42071,2021-04-01,0.06733333333333333,3,1,FALSE,7.01666666666669,4.9378350483450575,73,98.40083333333332,-0.3888198608006784,-0.16566487951722642,FALSE,FALSE,0,-2.683357588511839
0-4 km,325427,US-0710,19PN,19PN,Walnut Grove Airport,small_airport,42071,2021-05-01,0.02725,4,1,FALSE,15.531243896484398,4.495739159163899,71.875,98.655,-0.3718421898153561,0.04896905616355775,FALSE,FALSE,0,-3.5666618213896872
0-4 km,325427,US-0710,19PN,19PN,Walnut Grove Airport,small_airport,42071,2021-06-01,0.0076,5,1,FALSE,21.029998779296896,4.378700339250019,90.7,98.2305,-0.29549662094006096,-0.290858296750084,FALSE,FALSE,0,-4.755993075722675
0-4 km,325427,US-0710,19PN,19PN,Walnut Grove Airport,small_airport,42071,2021-07-01,0.013,5,1,FALSE,21.884991455078147,3.6654463160743953,83.5,98.184,-0.3131238731266506,0.3855162496914966,FALSE,FALSE,0,-4.268697949366879
0-4 km,325427,US-0710,19PN,19PN,Walnut Grove Airport,small_airport,42071,2021-08-01,0.011,5,1,FALSE,22.54998779296877,3.5534920636011504,86.1,98.5125,-0.8929186804632533,0.16606849789201072,FALSE,FALSE,0,-4.422848629194137
0-4 km,325427,US-0710,19PN,19PN,Walnut Grove Airport,small_airport,42071,2021-09-01,0.0154,5,1,FALSE,21.254992675781274,4.281996978918563,71.65,98.3205,-0.8009142553205245,-0.07748080518008393,FALSE,FALSE,0,-4.110473944151984
0-4 km,325427,US-0710,19PN,19PN,Walnut Grove Airport,small_airport,42071,2021-10-01,0.10833333333333334,6,1,FALSE,15.616652425130232,4.4548451603560455,76.5,98.4375,-0.310975534217215,-0.26110854089228175,FALSE,FALSE,0,-2.213353959266103
0-4 km,325427,US-0710,19PN,19PN,Walnut Grove Airport,small_airport,42071,2021-11-01,0.0376,5,1,FALSE,6.744976806640648,2.227501103884026,65.45,98.7025,-0.17275663694739046,-0.48659515063799447,FALSE,FALSE,0,-3.2545030025113517
0-4 km,325427,US-0710,19PN,19PN,Walnut Grove Airport,small_airport,42071,2021-12-01,0.009,4,1,FALSE,5.868737792968773,7.886847027326278,77.75,98.2375,-0.6890670384121996,-0.3661200539346255,FALSE,FALSE,0,-4.605170185988092
0-4 km,325427,US-0710,19PN,19PN,Walnut Grove Airport,small_airport,42071,2022-01-01,0.028,5,1,FALSE,-4.840008544921853,5.260715603216447,73.55,97.9735,-0.33698711084234734,0.14158650052195793,TRUE,FALSE,0,-3.540459448995663
0-4 km,325427,US-0710,19PN,19PN,Walnut Grove Airport,small_airport,42071,2022-02-01,0.0076,5,1,FALSE,2.8349914550781476,5.352163416020206,77.15,98.6705,-0.43917466761038276,-0.10716050445850989,TRUE,FALSE,0,-4.755993075722675
0-4 km,325427,US-0710,19PN,19PN,Walnut Grove Airport,small_airport,42071,2022-03-01,0.008333333333333333,3,1,FALSE,8.308323160807314,2.3363929622417827,80.83333333333333,98.265,-0.8107420939969293,-0.4375899569893988,TRUE,FALSE,0,-4.674163057475043
0-4 km,325427,US-0710,19PN,19PN,Walnut Grove Airport,small_airport,42071,2022-04-01,0.0048000000000000004,5,1,FALSE,8.809991455078148,4.3571396542320855,62.35,98.682,-0.45184213633103565,-0.0964822785380263,TRUE,FALSE,0,-5.149897361429764
0-4 km,325427,US-0710,19PN,19PN,Walnut Grove Airport,small_airport,42071,2022-05-01,0.00525,4,1,FALSE,16.84375152587893,3.410296507850955,70.5,98.76125,-0.24466192522811367,0.5418712553975231,TRUE,FALSE,0,-5.075173815233827
0-4 km,325427,US-0710,19PN,19PN,Walnut Grove Airport,small_airport,42071,2022-06-01,0.0106,5,1,FALSE,20.999987792968774,3.646370007712742,66.25,98.32849999999999,-0.30876427357183434,0.08996329471668897,TRUE,FALSE,0,-4.456750180869818
0-4 km,325427,US-0710,19PN,19PN,Walnut Grove Airport,small_airport,42071,2022-07-01,0.0105,4,1,FALSE,24.424981689453148,2.9518732376827406,71.1875,98.36375,0.0652661798433023,-0.3787298231405707,TRUE,FALSE,0,-4.4654082436129325
0-4 km,325427,US-0710,19PN,19PN,Walnut Grove Airport,small_airport,42071,2022-08-01,0.013,5,1,FALSE,23.594995117187523,4.343232982000536,78.35,98.372,-0.3753157492072338,-0.0818915817688409,TRUE,FALSE,0,-4.268697949366879
0-4 km,325427,US-0710,19PN,19PN,Walnut Grove Airport,small_airport,42071,2022-09-01,0.0274,5,1,FALSE,19.324981689453146,2.5080155505741493,75,98.1735,0.16712608926329348,0.3915403507553711,TRUE,FALSE,0,-3.5613661338149765
0-4 km,325427,US-0710,19PN,19PN,Walnut Grove Airport,small_airport,42071,2022-10-01,0.024399999999999998,5,1,FALSE,10.990002441406272,4.56466211812672,77.6,98.22749999999999,-0.21413308817122995,-0.03744589363447478,TRUE,FALSE,0,-3.673006104957646
0-4 km,325427,US-0710,19PN,19PN,Walnut Grove Airport,small_airport,42071,2022-11-01,0.0222,5,1,FALSE,9.189996337890648,4.767896876915816,75.15,98.53,-0.15135263547461789,-0.11710070544743513,TRUE,FALSE,0,-3.763603000309873
0-4 km,325427,US-0710,19PN,19PN,Walnut Grove Airport,small_airport,42071,2022-12-01,0.0288,5,1,FALSE,2.7299865722656476,6.311708682957415,76.95,98.8725,-0.9207918495067783,0.12223494102094537,TRUE,FALSE,0,-3.513246885470778
0-4 km,325427,US-0710,19PN,19PN,Walnut Grove Airport,small_airport,42071,2023-01-01,0.0256,5,1,FALSE,4.394989013671898,3.887702616126526,81.05,98.3015,-0.7298042425646324,-0.08461597603610489,TRUE,FALSE,0,-3.6268440631944836
0-4 km,325427,US-0710,19PN,19PN,Walnut Grove Airport,small_airport,42071,2023-02-01,0.00975,4,1,FALSE,5.512490844726585,4.1837610407388786,77.75,98.268125,-0.11833569900961158,0.023525124974370468,TRUE,FALSE,0,-4.532849524408466
0-4 km,325427,US-0710,19PN,19PN,Walnut Grove Airport,small_airport,42071,2023-03-01,0.02,6,1,FALSE,3.6666453043620018,4.087203930883003,75.95833333333333,98.22333333333333,-0.47160541086575464,-0.2171779452718909,TRUE,FALSE,0,-3.863232841258714
0-4 km,325427,US-0710,19PN,19PN,Walnut Grove Airport,small_airport,42071,2023-04-01,0.056,4,1,FALSE,13.387498474121116,6.078468949005942,62.75,98.22375,-0.6290513140637426,0.1989499010996788,TRUE,FALSE,0,-2.864704011147587
0-4 km,325427,US-0710,19PN,19PN,Walnut Grove Airport,small_airport,42071,2023-05-01,0.0134,5,1,FALSE,15.524987792968773,2.536892312682239,65.9,98.8155,-0.5045300633066774,-0.37737957687192725,TRUE,FALSE,0,-4.240527072400182
0-4 km,325427,US-0710,19PN,19PN,Walnut Grove Airport,small_airport,42071,2023-06-01,0.0094,5,1,FALSE,18.954992675781273,3.356844194530324,73.65,98.064,-0.4254826845431698,0.358957826691517,TRUE,FALSE,0,-4.56594947283481
0-4 km,325427,US-0710,19PN,19PN,Walnut Grove Airport,small_airport,42071,2023-07-01,0.010499999999999999,4,1,FALSE,23.799981689453148,2.8862753555379275,80.5,98.17625,-0.49368236689724865,-0.23053794403518366,TRUE,FALSE,0,-4.4654082436129325
0-4 km,325427,US-0710,19PN,19PN,Walnut Grove Airport,small_airport,42071,2023-08-01,0.0086,5,1,FALSE,21.644995117187523,2.7407908338799127,84.15,98.1565,-0.20745366689976671,-0.3154256960468561,TRUE,FALSE,0,-4.645992180508347
0-4 km,325427,US-0710,19PN,19PN,Walnut Grove Airport,small_airport,42071,2023-09-01,0.0086,5,1,FALSE,18.17000122070315,5.2671086910231955,75.4,98.8545,-0.4903372416090285,0.13445705038536415,TRUE,FALSE,0,-4.645992180508347
0-4 km,325427,US-0710,19PN,19PN,Walnut Grove Airport,small_airport,42071,2023-10-01,0.0125,4,1,FALSE,14.524987792968773,3.5252336891213165,72.6875,98.130625,0.19518771372831778,-0.2324046420633596,TRUE,FALSE,0,-4.305065593537753
0-4 km,325427,US-0710,19PN,19PN,Walnut Grove Airport,small_airport,42071,2023-11-01,0.0114,5,1,FALSE,4.159979248046898,4.521817379725067,67.85,99.0265,-0.5147336246715415,0.20968564033043224,TRUE,FALSE,0,-4.390058806371146
0-4 km,325427,US-0710,19PN,19PN,Walnut Grove Airport,small_airport,42071,2023-12-01,0.0154,5,1,FALSE,2.0549865722656477,2.6906252373501083,81.7,99.1715,-0.24444787848358057,-0.4146444589739656,TRUE,FALSE,0,-4.110473944151984
0-4 km,325427,US-0710,19PN,19PN,Walnut Grove Airport,small_airport,42071,2024-01-01,0.02666666666666667,6,1,FALSE,2.1874786376953352,3.531314730618656,86.91666666666667,97.77958333333333,-0.10430069126509926,-0.16663338483928886,TRUE,FALSE,0,-3.5875269598536486
0-4 km,325427,US-0710,19PN,19PN,Walnut Grove Airport,small_airport,42071,2024-02-01,0.0095,4,1,FALSE,1.0062423706054915,6.185491453357544,74.25,97.86250000000001,0.04907093134518284,0.2610201532927834,TRUE,FALSE,0,-4.55638002181866
0-4 km,325427,US-0710,19PN,19PN,Walnut Grove Airport,small_airport,42071,2024-03-01,0.017,4,1,FALSE,7.12500915527346,3.4901703445788064,67.8125,98.219375,-0.7800156471352845,0.1961416094701211,TRUE,FALSE,0,-4.017383521085972
0-4 km,325427,US-0710,19PN,19PN,Walnut Grove Airport,small_airport,42071,2024-04-01,0.0163,10,1,FALSE,14.214996337890648,3.965399881553637,77.3,97.6365,0.13866698254289167,-0.0064432583916658485,TRUE,FALSE,0,-4.057048777478403
0-4 km,325427,US-0710,19PN,19PN,Walnut Grove Airport,small_airport,42071,2024-05-01,0.008666666666666666,9,1,FALSE,16.75833197699655,2.9261048934453724,86.27777777777777,98.04833333333333,-0.37675405665303363,-0.0059249477590027876,TRUE,FALSE,0,-4.639071737663772
0-4 km,325427,US-0710,19PN,19PN,Walnut Grove Airport,small_airport,42071,2024-06-01,0.0036666666666666666,9,1,FALSE,21.827756076388912,5.058727966017342,82.16666666666667,98.26916666666666,-0.21031318000276147,-0.5154703262812309,TRUE,FALSE,0,-5.367310238034988
0-4 km,325427,US-0710,19PN,19PN,Walnut Grove Airport,small_airport,42071,2024-07-01,0.0179,10,1,FALSE,24.319982910156273,4.355183589825411,84.95,98.0535,-0.26406452535750685,-0.1727510591032708,TRUE,FALSE,0,-3.96859335691654
0-4 km,325427,US-0710,19PN,19PN,Walnut Grove Airport,small_airport,42071,2024-08-01,0.016,9,1,FALSE,22.124990505642383,2.8374166448841343,76.25,98.43277777777777,-0.17807025285670688,0.17977217201325374,TRUE,FALSE,0,-4.074541934925921
0-4 km,325427,US-0710,19PN,19PN,Walnut Grove Airport,small_airport,42071,2024-09-01,0.009555555555555555,9,1,FALSE,19.313887532552105,3.5126905217322366,74.16666666666667,98.68555555555555,0.7098940419423836,-0.28253695059895945,TRUE,FALSE,0,-4.551102964717816
0-4 km,325427,US-0710,19PN,19PN,Walnut Grove Airport,small_airport,42071,2024-10-01,0.031875,8,1,FALSE,13.181237792968773,3.9207594834544794,69.125,98.50125,-0.34979630951119833,0.10721375065765164,TRUE,FALSE,0,-3.4150427884842083
0-4 km,3467,KCRW,KCRW,CRW,Yeager Airport,medium_airport,54039,2016-02-01,0.0039,1,1,FALSE,1.4750000000000227,3.949762858443043,48.75,97.375,0.9114471004093778,-0.41141728592189414,FALSE,FALSE,0,-5.318520073865556
0-4 km,3467,KCRW,KCRW,CRW,Yeager Airport,medium_airport,54039,2016-03-01,0.0034,1,1,FALSE,11.649987792968773,4.63849267232006,89.25,95.7375,0.9701424336276327,-0.2425358911069744,FALSE,FALSE,0,-5.426150738057922
0-4 km,3467,KCRW,KCRW,CRW,Yeager Airport,medium_airport,54039,2016-04-01,0.005433333333333333,3,1,FALSE,13.475000000000023,3.4391557863620728,66.16666666666667,96.88416666666666,0.012923665014260862,-0.11949376863853879,FALSE,FALSE,0,-5.046262471739407
0-4 km,3467,KCRW,KCRW,CRW,Yeager Airport,medium_airport,54039,2016-05-01,0.0056500000000000005,2,1,FALSE,17.374978637695335,4.512839817007201,87.375,96.60125,0.38023384338490396,-0.676514642389939,FALSE,FALSE,0,-5.013138424314374
0-4 km,3467,KCRW,KCRW,CRW,Yeager Airport,medium_airport,54039,2016-06-01,0.00245,2,1,FALSE,20.975000000000023,3.7335467562774296,87.125,96.07124999999999,0.08154872214924697,0.4230319848216096,FALSE,FALSE,0,-5.669381047938868
0-4 km,3467,KCRW,KCRW,CRW,Yeager Airport,medium_airport,54039,2016-07-01,0.0032500000000000003,2,1,FALSE,24.787500000000023,3.689413987145784,74.5,96.555,-0.9895632685660283,-0.005350277063243161,FALSE,FALSE,0,-5.4608362960458114
0-4 km,3467,KCRW,KCRW,CRW,Yeager Airport,medium_airport,54039,2016-08-01,0.0017000000000000001,2,1,FALSE,23.074990844726585,4.494509822271904,91.625,96.7125,0.15550813849030432,-0.561480773206855,FALSE,FALSE,0,-5.914503505971854
0-4 km,3467,KCRW,KCRW,CRW,Yeager Airport,medium_airport,54039,2016-09-01,0.004,2,1,FALSE,23.612481689453148,2.3419823217342737,73.625,96.63624999999999,0.040234138013997944,0.022159273948726965,FALSE,FALSE,0,-5.298317366548036
0-4 km,3467,KCRW,KCRW,CRW,Yeager Airport,medium_airport,54039,2016-10-01,0.0054666666666666665,3,1,FALSE,16.18330281575523,3.5738579559836583,78.75,96.89833333333334,0.5547832736581038,-0.2898457364650082,FALSE,FALSE,0,-5.0410945015809645
0-4 km,3467,KCRW,KCRW,CRW,Yeager Airport,medium_airport,54039,2016-11-01,0.00285,2,1,FALSE,6.262506103515648,4.517487453451741,60,97.015,-0.48215133055860515,-0.30458701417005873,FALSE,FALSE,0,-5.559682130682444
0-4 km,3467,KCRW,KCRW,CRW,Yeager Airport,medium_airport,54039,2016-12-01,0.0027,3,1,FALSE,4.799971516927106,3.7348701077890123,86.91666666666667,96.91916666666667,0.5070121536685086,0.1465142759581749,FALSE,FALSE,0,-5.599422459331958
0-4 km,3467,KCRW,KCRW,CRW,Yeager Airport,medium_airport,54039,2017-01-01,0.0035,3,1,FALSE,-2.7000081380208107,3.6238814138693467,83.41666666666667,96.57000000000001,-0.3386149549191964,-0.10736349080484146,FALSE,FALSE,0,-5.403677882205863
0-4 km,3467,KCRW,KCRW,CRW,Yeager Airport,medium_airport,54039,2017-02-01,0.0027,1,1,FALSE,15.574975585937523,3.790202726287172,92.75,96.0275,0.1846866879241525,-0.982797449784851,FALSE,FALSE,0,-5.599422459331958
0-4 km,3467,KCRW,KCRW,CRW,Yeager Airport,medium_airport,54039,2017-03-01,0.0041,1,1,FALSE,7.075006103515648,1.8896098078443935,70.25,96.8825,-0.95257758762888,-0.30429580928291383,FALSE,FALSE,0,-5.2785147392518565
0-4 km,3467,KCRW,KCRW,CRW,Yeager Airport,medium_airport,54039,2017-04-01,0.0021333333333333334,3,1,FALSE,12.041670735677107,4.728662348896606,89.58333333333333,96.34666666666666,-0.06653652906049759,0.526102431654576,FALSE,FALSE,0,-5.765657878374289
0-4 km,3467,KCRW,KCRW,CRW,Yeager Airport,medium_airport,54039,2017-05-01,0.0034,3,1,FALSE,15.999983723958357,2.741471766758338,86.33333333333333,96.295,0.2065164910095109,-0.3280517049960593,FALSE,FALSE,0,-5.426150738057922
0-4 km,3467,KCRW,KCRW,CRW,Yeager Airport,medium_airport,54039,2017-06-01,0.00315,2,1,FALSE,21.949990844726585,4.144080461116992,84.75,96.435,-0.35842298393253985,-0.7574842550135406,FALSE,FALSE,0,-5.48464694473953
0-4 km,3467,KCRW,KCRW,CRW,Yeager Airport,medium_airport,54039,2017-07-01,0.0031333333333333335,3,1,FALSE,21.87500406901044,4.216741287567501,84.33333333333333,96.55666666666667,-0.28632949566652,-0.16646807157217888,FALSE,FALSE,0,-5.488671095039256
0-4 km,3467,KCRW,KCRW,CRW,Yeager Airport,medium_airport,54039,2017-08-01,0.0024999999999999996,2,1,FALSE,22.562493896484398,2.651061317608747,88.5,96.46375,0.1183760806593388,-0.18837880684459923,FALSE,FALSE,0,-5.654992310486769
0-4 km,3467,KCRW,KCRW,CRW,Yeager Airport,medium_airport,54039,2017-09-01,0.022333333333333334,3,1,FALSE,20.858331298828148,2.9468475391227877,75.33333333333333,96.53416666666666,-0.10931776672793385,-0.019710856583918263,FALSE,FALSE,0,-3.757872325600888
0-4 km,3467,KCRW,KCRW,CRW,Yeager Airport,medium_airport,54039,2017-10-01,0.0031000000000000003,2,1,FALSE,19.012475585937523,4.244649075123723,80.625,96.94624999999999,-0.13875135266331984,-0.746511933778557,FALSE,FALSE,0,-5.496768305271875
0-4 km,3467,KCRW,KCRW,CRW,Yeager Airport,medium_airport,54039,2017-11-01,0.005266666666666667,3,1,FALSE,8.124993896484398,3.0938928525158156,75.83333333333333,96.81583333333333,-0.21958427052727325,-0.20225872320417845,FALSE,FALSE,0,-5.0725106978143435
0-4 km,3467,KCRW,KCRW,CRW,Yeager Airport,medium_airport,54039,2017-12-01,0.0049499999999999995,2,1,FALSE,-1.0000061035156023,1.315225399649652,81.125,96.2275,0.699115036054371,-0.3672884886039731,FALSE,FALSE,0,-5.1243640594245985
0-4 km,3467,KCRW,KCRW,CRW,Yeager Airport,medium_airport,54039,2018-01-01,0.0045,3,1,FALSE,-8.108343505859352,3.697103773121386,74,97.97083333333333,0.11249446942459111,0.32214607045914884,FALSE,FALSE,0,-5.2030071867437115
0-4 km,3467,KCRW,KCRW,CRW,Yeager Airport,medium_airport,54039,2018-02-01,0.00245,2,1,FALSE,6.062493896484398,7.237168809731605,94.125,97.0275,-0.036436059244207064,-0.5878149328190523,FALSE,FALSE,0,-5.669381047938868
0-4 km,3467,KCRW,KCRW,CRW,Yeager Airport,medium_airport,54039,2018-03-01,0.0027,3,1,FALSE,1.6416564941406477,4.843657837971272,74.75,96.86083333333333,-0.2069509893434331,-0.26214670415361335,FALSE,FALSE,0,-5.599422459331958
0-4 km,3467,KCRW,KCRW,CRW,Yeager Airport,medium_airport,54039,2018-04-01,0.00715,2,1,FALSE,2.2874847412109602,2.8504522668025003,75,96.80250000000001,-0.6138783718397168,0.7893946179782605,FALSE,FALSE,0,-4.809737351729366
0-4 km,3467,KCRW,KCRW,CRW,Yeager Airport,medium_airport,54039,2018-05-01,0.0044666666666666665,3,1,FALSE,20.40832926432294,3.3225179313516593,87.16666666666667,96.555,-0.11086115435101,-0.7366753449504396,FALSE,FALSE,0,-5.209086232820094
0-4 km,3467,KCRW,KCRW,CRW,Yeager Airport,medium_airport,54039,2018-06-01,0.0049,1,1,FALSE,24.049981689453148,4.129241802255321,85.5,96.5,-0.9687011858512966,-0.2482297575438767,FALSE,FALSE,0,-5.132802928070463
0-4 km,3467,KCRW,KCRW,CRW,Yeager Airport,medium_airport,54039,2018-07-01,0.0035333333333333336,3,1,FALSE,23.09998982747398,5.912432338323661,86.33333333333333,96.57916666666667,-0.9871698039372754,-0.06283979222750319,FALSE,FALSE,0,-5.39629777490824
0-4 km,3467,KCRW,KCRW,CRW,Yeager Airport,medium_airport,54039,2018-08-01,0.0029666666666666665,3,1,FALSE,24.225000000000023,4.290690056463339,85.83333333333333,96.73666666666666,-0.4667032084709269,-0.37634646227866136,FALSE,FALSE,0,-5.529829167532763
0-4 km,3467,KCRW,KCRW,CRW,Yeager Airport,medium_airport,54039,2018-09-01,0.0020499999999999997,2,1,FALSE,18.949990844726585,3.204098636321528,96.875,96.65125,0.8256458968697268,-0.2613101933004325,FALSE,FALSE,0,-5.792613688362817
0-4 km,3467,KCRW,KCRW,CRW,Yeager Airport,medium_airport,54039,2018-10-01,0.0042,2,1,FALSE,16.212503051757835,2.735096409829757,85.75,96.78,-0.02753308939533039,0.10550607544551005,FALSE,FALSE,0,-5.259096653394756
0-4 km,3467,KCRW,KCRW,CRW,Yeager Airport,medium_airport,54039,2018-11-01,0.002,2,1,FALSE,2.3374877929687727,4.454122569662203,79.625,97.13374999999999,0.16067812222388708,-0.1407673957302224,FALSE,FALSE,0,-5.809142990314028
0-4 km,3467,KCRW,KCRW,CRW,Yeager Airport,medium_airport,54039,2018-12-01,9.333333333333333e-4,3,1,FALSE,6.34997965494794,6.626947797666372,91.41666666666667,96.25583333333333,-0.12336121346903371,-0.1074263124244781,FALSE,FALSE,0,-6.248509650097873
0-4 km,3467,KCRW,KCRW,CRW,Yeager Airport,medium_airport,54039,2019-01-01,0.0026,2,1,FALSE,-4.112493896484352,4.462230862031111,71,96.7375,-0.726946602808036,0.6672168771217369,FALSE,FALSE,0,-5.626821433520073
0-4 km,3467,KCRW,KCRW,CRW,Yeager Airport,medium_airport,54039,2019-02-01,0.0043,3,1,FALSE,2.849989827473981,6.265951012960398,63.416666666666664,96.98083333333334,-0.4858334485991585,-0.3957391648874573,FALSE,FALSE,0,-5.240048458424061
0-4 km,3467,KCRW,KCRW,CRW,Yeager Airport,medium_airport,54039,2019-03-01,0.0015999999999999999,2,1,FALSE,7.400003051757835,6.037380470131877,91.125,96.01125,-0.546393748853965,-0.405470816556977,FALSE,FALSE,0,-5.952243833954701
0-4 km,3467,KCRW,KCRW,CRW,Yeager Airport,medium_airport,54039,2019-04-01,0.0030666666666666668,3,1,FALSE,9.424981689453148,1.6078963885474837,71.83333333333333,96.175,-0.3370914290499609,-0.09269824350753579,FALSE,FALSE,0,-5.504931615911036
0-4 km,3467,KCRW,KCRW,CRW,Yeager Airport,medium_airport,54039,2019-05-01,0.0035499999999999998,2,1,FALSE,18.387490844726585,4.396625063213545,81.875,96.455,-0.2446171374325451,0.05321698910012479,FALSE,FALSE,0,-5.392628046019278
0-4 km,3467,KCRW,KCRW,CRW,Yeager Airport,medium_airport,54039,2019-06-01,0.0024,3,1,FALSE,18.758325195312523,2.3350208026980916,75.16666666666667,96.46833333333333,-0.17966199411646222,-0.672951937856963,FALSE,FALSE,0,-5.683979847360021
0-4 km,3467,KCRW,KCRW,CRW,Yeager Airport,medium_airport,54039,2019-07-01,0.00195,2,1,FALSE,24.374993896484398,3.3309049252739977,89,96.33125,0.7658385345531493,0.3305893361824688,FALSE,FALSE,0,-5.825950108630408
0-4 km,3467,KCRW,KCRW,CRW,Yeager Airport,medium_airport,54039,2019-08-01,0.0021333333333333334,3,1,FALSE,21.78332926432294,3.4443278745615338,86.5,96.50083333333333,0.5001870912465937,-0.38169694594807324,FALSE,FALSE,0,-5.765657878374289
0-4 km,3467,KCRW,KCRW,CRW,Yeager Airport,medium_airport,54039,2019-09-01,0.0038,3,1,FALSE,21.824995930989605,3.3893059086646664,85.66666666666667,96.61166666666666,-0.3363216565217533,-0.2346934808765604,FALSE,FALSE,0,-5.339139361068292
0-4 km,3467,KCRW,KCRW,CRW,Yeager Airport,medium_airport,54039,2019-10-01,0.0026,2,1,FALSE,12.949990844726585,4.780847336142725,72.25,96.80625,-0.9008842991434355,0.03923486821395811,FALSE,FALSE,0,-5.626821433520073
0-4 km,3467,KCRW,KCRW,CRW,Yeager Airport,medium_airport,54039,2019-11-01,0.004866666666666667,3,1,FALSE,4.058302815755231,2.5622045195339904,69.66666666666667,96.97166666666666,-0.4701096773626273,-0.03386028373815631,FALSE,FALSE,0,-5.1384686656061405
0-4 km,3467,KCRW,KCRW,CRW,Yeager Airport,medium_airport,54039,2019-12-01,0.0056,2,1,FALSE,0.5999847412109602,2.123796215255233,80.25,97.14625000000001,-0.1428708704398607,0.26795058564576235,FALSE,FALSE,0,-5.0206856299497575
0-4 km,3467,KCRW,KCRW,CRW,Yeager Airport,medium_airport,54039,2020-01-01,0.0015999999999999999,3,1,FALSE,6.774977620442731,5.8639868180203925,92.16666666666667,96.2925,-0.8912680227656495,-0.004344767070119299,FALSE,FALSE,0,-5.952243833954701
0-4 km,3467,KCRW,KCRW,CRW,Yeager Airport,medium_airport,54039,2020-02-01,0.0028,2,1,FALSE,-2.1875213623046648,4.225160089037553,82.375,97.5625,0.12306295179891119,-0.003597010470574702,FALSE,FALSE,0,-5.572754212249797
0-4 km,3467,KCRW,KCRW,CRW,Yeager Airport,medium_airport,54039,2020-03-01,0.0032,3,1,FALSE,10.566654459635439,3.87742144131123,85.08333333333333,96.47083333333333,-0.5392451255758176,-0.40615862548326576,FALSE,FALSE,0,-5.472670753692814
0-4 km,3467,KCRW,KCRW,CRW,Yeager Airport,medium_airport,54039,2020-04-01,0.00475,2,1,FALSE,12.787469482421898,1.3527529460680752,79.75,95.39375,-0.2733360531177782,-0.391998754078455,FALSE,FALSE,0,-5.158555424172878
0-4 km,3467,KCRW,KCRW,CRW,Yeager Airport,medium_airport,54039,2020-05-01,0.0044,3,1,FALSE,18.350010172526066,4.702456843153864,86.91666666666667,96.51166666666667,-0.29796307943175737,-0.8780305652567705,FALSE,FALSE,0,-5.221356325411908
0-4 km,3467,KCRW,KCRW,CRW,Yeager Airport,medium_airport,54039,2020-06-01,0.01185,2,1,FALSE,20.23749694824221,3.3695181125678233,85.5,96.50375,0.9654830885152583,-0.017312852994936234,FALSE,FALSE,0,-4.354411467640908
0-4 km,3467,KCRW,KCRW,CRW,Yeager Airport,medium_airport,54039,2020-07-01,0.0030666666666666668,3,1,FALSE,22.591658528645855,2.362806177213967,85.08333333333333,96.47833333333334,-0.010171531034881767,0.3991551220754795,FALSE,FALSE,0,-5.504931615911036
0-4 km,3467,KCRW,KCRW,CRW,Yeager Airport,medium_airport,54039,2020-08-01,0.0037333333333333333,3,1,FALSE,20.516646321614605,4.968533307200573,93.25,96.29666666666667,-0.43797574471442846,-0.18623550529528135,FALSE,FALSE,0,-5.353125603043032
0-4 km,3467,KCRW,KCRW,CRW,Yeager Airport,medium_airport,54039,2020-09-01,0.0035499999999999998,2,1,FALSE,19.725000000000023,3.1843317828741178,78,96.60375,-0.040142069588337825,-0.38682586406193775,FALSE,FALSE,0,-5.392628046019278
0-4 km,3467,KCRW,KCRW,CRW,Yeager Airport,medium_airport,54039,2020-10-01,0.0018,2,1,FALSE,11.762506103515648,5.67181190280401,79.875,96.38624999999999,-0.22190881727259176,0.24538154137152662,FALSE,FALSE,0,-5.8781358618009785
0-4 km,3467,KCRW,KCRW,CRW,Yeager Airport,medium_airport,54039,2020-11-01,0.0013,2,1,FALSE,12.212487792968773,4.400693690549785,91.75,96.59625,0.47542199297658055,-0.3074995180792792,FALSE,FALSE,0,-6.074846156047033
0-4 km,3467,KCRW,KCRW,CRW,Yeager Airport,medium_airport,54039,2020-12-01,0.003266666666666667,3,1,FALSE,0.9249715169271061,4.512627058003883,92.33333333333333,96.66583333333334,-0.31969112944806466,0.23273102251634628,FALSE,FALSE,0,-5.456922396724675
0-4 km,3467,KCRW,KCRW,CRW,Yeager Airport,medium_airport,54039,2021-01-01,0.00325,2,1,FALSE,-0.8625091552734148,2.74395147473288,85.875,96.54625,-0.24361493321824684,0.5890869749106231,FALSE,FALSE,0,-5.4608362960458114
0-4 km,3467,KCRW,KCRW,CRW,Yeager Airport,medium_airport,54039,2021-02-01,0.0019666666666666665,3,1,FALSE,0.03331909179689774,4.065148822705102,94,96.41083333333333,0.03639820120031945,0.30409056168057275,FALSE,FALSE,0,-5.820316290912153
0-4 km,3467,KCRW,KCRW,CRW,Yeager Airport,medium_airport,54039,2021-03-01,0.0074,2,1,FALSE,11.874993896484398,6.251477584736801,73.75,96.97749999999999,-0.7311907731367153,-0.6794386150769496,FALSE,FALSE,0,-4.779523573132869
0-4 km,3467,KCRW,KCRW,CRW,Yeager Airport,medium_airport,54039,2021-04-01,0.004066666666666666,3,1,FALSE,12.216648356119814,4.398261749806371,73.08333333333333,96.51833333333333,0.35573664883940787,-0.028956173035896204,FALSE,FALSE,0,-5.285072139798016
0-4 km,3467,KCRW,KCRW,CRW,Yeager Airport,medium_airport,54039,2021-05-01,0.0030499999999999998,2,1,FALSE,17.712503051757835,5.055038673626873,69.25,96.9075,-0.978939240359037,0.031122105900216704,FALSE,FALSE,0,-5.509038397863689
0-4 km,3467,KCRW,KCRW,CRW,Yeager Airport,medium_airport,54039,2021-06-01,0.0020666666666666667,3,1,FALSE,20.96667887369794,5.257720977493948,81.83333333333333,96.4575,0.46471249610229715,-0.2651574818911558,FALSE,FALSE,0,-5.787164083595252
0-4 km,3467,KCRW,KCRW,CRW,Yeager Airport,medium_airport,54039,2021-07-01,0.0044,2,1,FALSE,22.62500915527346,2.6481211501829383,85.25,96.3925,0.051148913773296445,0.15422380125791607,FALSE,FALSE,0,-5.221356325411908
0-4 km,3467,KCRW,KCRW,CRW,Yeager Airport,medium_airport,54039,2021-08-01,0.0019,3,1,FALSE,22.591658528645855,3.7796721855023843,85.91666666666667,96.7325,-0.24069103459421948,0.08290293803852493,FALSE,FALSE,0,-5.843044541989709
0-4 km,3467,KCRW,KCRW,CRW,Yeager Airport,medium_airport,54039,2021-09-01,0.0021000000000000003,2,1,FALSE,23.062493896484398,1.7467151808763175,70.375,96.5975,-0.7592138762831053,0.2403147302097838,FALSE,FALSE,0,-5.7763531674910364
0-4 km,3467,KCRW,KCRW,CRW,Yeager Airport,medium_airport,54039,2021-10-01,0.0034000000000000002,3,1,FALSE,17.874983723958355,4.107684983523321,70,96.5525,0.02621644548501637,-0.35105723076863365,FALSE,FALSE,0,-5.426150738057921
0-4 km,3467,KCRW,KCRW,CRW,Yeager Airport,medium_airport,54039,2021-11-01,0.0029666666666666665,3,1,FALSE,5.799971516927106,2.5923857135483286,68,96.83,-0.1871861421664138,-0.38303051049267584,FALSE,FALSE,0,-5.529829167532763
0-4 km,3467,KCRW,KCRW,CRW,Yeager Airport,medium_airport,54039,2021-12-01,0.0024000000000000002,2,1,FALSE,4.337503051757835,4.455836363013936,73.125,96.66375,-0.1650094432857066,0.022637323211214755,FALSE,FALSE,0,-5.683979847360021
0-4 km,3467,KCRW,KCRW,CRW,Yeager Airport,medium_airport,54039,2022-01-01,0.0029333333333333334,3,1,FALSE,-3.5333516438801857,6.125221382361515,86,95.79916666666666,0.0904646956195192,0.2965254176580269,TRUE,FALSE,0,-5.538268036178628
0-4 km,3467,KCRW,KCRW,CRW,Yeager Airport,medium_airport,54039,2022-02-01,0.0033,2,1,FALSE,7.774987792968773,6.612150491825861,81.75,96.435,-0.6709772306305334,-0.6528188113814729,TRUE,FALSE,0,-5.44914025628262
0-4 km,3467,KCRW,KCRW,CRW,Yeager Airport,medium_airport,54039,2022-03-01,0.004266666666666667,3,1,FALSE,13.308323160807314,5.2358103646673095,80.33333333333333,96.44166666666666,0.20755343144775734,-0.9423036654156927,TRUE,FALSE,0,-5.246357627617326
0-4 km,3467,KCRW,KCRW,CRW,Yeager Airport,medium_airport,54039,2022-04-01,0.00545,2,1,FALSE,14.587503051757835,4.492470827939292,81.625,96.76249999999999,-0.5279212057587959,-0.7609169648614608,TRUE,FALSE,0,-5.043675148174456
0-4 km,3467,KCRW,KCRW,CRW,Yeager Airport,medium_airport,54039,2022-05-01,0.0035666666666666668,3,1,FALSE,17.22498982747398,3.306595263593737,77.41666666666667,96.38416666666666,0.8971992571478441,0.005275170389222854,TRUE,FALSE,0,-5.388971734816168
0-4 km,3467,KCRW,KCRW,CRW,Yeager Airport,medium_airport,54039,2022-06-01,0.0033,2,1,FALSE,21.187493896484398,2.143947218821868,66.5,96.4475,-0.6466034115999713,0.705507216882939,TRUE,FALSE,0,-5.44914025628262
0-4 km,3467,KCRW,KCRW,CRW,Yeager Airport,medium_airport,54039,2022-07-01,0.0024666666666666665,3,1,FALSE,23.616672770182316,1.876888831276977,85.25,96.64416666666666,-0.2041792480002065,-0.17197493172935654,TRUE,FALSE,0,-5.66456176150292
0-4 km,3467,KCRW,KCRW,CRW,Yeager Airport,medium_airport,54039,2022-08-01,0.0025,2,1,FALSE,23.112512207031273,4.125704721358778,90,96.59,-0.06138098001428727,-0.7811049637820721,TRUE,FALSE,0,-5.654992310486769
0-4 km,3467,KCRW,KCRW,CRW,Yeager Airport,medium_airport,54039,2022-09-01,0.004166666666666667,3,1,FALSE,18.516656494140648,2.628203198387358,77.58333333333333,96.39416666666666,-0.14750649833451543,0.1628765559226076,TRUE,FALSE,0,-5.265527543725046
0-4 km,3467,KCRW,KCRW,CRW,Yeager Airport,medium_airport,54039,2022-10-01,0.0027,2,1,FALSE,7.350000000000023,4.255384450030052,59.625,96.7775,-0.10943395285670834,-0.08456281195341159,TRUE,FALSE,0,-5.599422459331958
0-4 km,3467,KCRW,KCRW,CRW,Yeager Airport,medium_airport,54039,2022-11-01,0.0028666666666666667,3,1,FALSE,7.600000000000023,3.665819533218498,83.41666666666667,96.67416666666666,-0.835662993485659,0.2780288512717313,TRUE,FALSE,0,-5.555362469537927
0-4 km,3467,KCRW,KCRW,CRW,Yeager Airport,medium_airport,54039,2022-12-01,0.008966666666666666,3,1,FALSE,7.058323160807315,5.281205698202844,89.25,96.8125,-0.07648920209693964,-0.32585376242011305,TRUE,FALSE,0,-4.608509087253606
0-4 km,3467,KCRW,KCRW,CRW,Yeager Airport,medium_airport,54039,2023-01-01,0.00285,2,1,FALSE,5.28748474121096,5.7605104914064285,90.25,96.46000000000001,-0.8478345790405195,-0.24671964620457926,TRUE,FALSE,0,-5.559682130682444
0-4 km,3467,KCRW,KCRW,CRW,Yeager Airport,medium_airport,54039,2023-02-01,0.0029,2,1,FALSE,5.824975585937523,3.8551186918212297,81.5,96.50125,-0.5994320603270955,-0.09592443412180318,TRUE,FALSE,0,-5.546778725846536
0-4 km,3467,KCRW,KCRW,CRW,Yeager Airport,medium_airport,54039,2023-03-01,0.004,3,1,FALSE,9.016656494140648,3.9857004288266213,91.5,95.83,0.6352552766363381,-0.278252008266081,TRUE,FALSE,0,-5.298317366548036
0-4 km,3467,KCRW,KCRW,CRW,Yeager Airport,medium_airport,54039,2023-04-01,0.005733333333333333,3,1,FALSE,13.974989827473982,2.6398289996510487,79.66666666666667,95.89416666666666,-0.3537587240821099,0.20893078997060438,TRUE,FALSE,0,-5.000684963243088
0-4 km,3467,KCRW,KCRW,CRW,Yeager Airport,medium_airport,54039,2023-05-01,0.0131,2,1,FALSE,18.23749694824221,5.143158239080094,78.5,96.6825,-0.6882874281328446,-0.4737088148319335,TRUE,FALSE,0,-4.261580481598014
0-4 km,3467,KCRW,KCRW,CRW,Yeager Airport,medium_airport,54039,2023-06-01,0.006866666666666667,3,1,FALSE,20.216648356119816,3.804265842347275,77.25,96.21249999999999,0.8242881123912913,0.3952994764532282,TRUE,FALSE,0,-4.845120855618682
0-4 km,3467,KCRW,KCRW,CRW,Yeager Airport,medium_airport,54039,2023-07-01,0.030500000000000003,2,1,FALSE,22.23749694824221,2.72857719758764,69.75,96.3125,-0.9397142478369376,0.0461979345541689,TRUE,FALSE,0,-3.4577677331505496
0-4 km,3467,KCRW,KCRW,CRW,Yeager Airport,medium_airport,54039,2023-08-01,0.0276,2,1,FALSE,20.524987792968773,5.577696681969144,84.875,96.29875,-0.9136379858046093,0.3733031473476185,TRUE,FALSE,0,-3.55434856115633
0-4 km,3467,KCRW,KCRW,CRW,Yeager Airport,medium_airport,54039,2023-09-01,0.004,2,1,FALSE,19.962487792968773,1.8205005648674901,77,96.71125,0.45939017943612714,-0.0874553030506483,TRUE,FALSE,0,-5.298317366548036
0-4 km,3467,KCRW,KCRW,CRW,Yeager Airport,medium_airport,54039,2023-10-01,0.003266666666666667,3,1,FALSE,16.95832722981773,7.095784749177332,72.83333333333333,96.51416666666667,-0.6702472771582944,-0.019236430189923465,TRUE,FALSE,0,-5.456922396724675
0-4 km,3467,KCRW,KCRW,CRW,Yeager Airport,medium_airport,54039,2023-11-01,0.0049,2,1,FALSE,12.174981689453148,2.3594022715215295,64.875,96.43875,-0.6825814058934314,-0.5671960053545483,TRUE,FALSE,0,-5.132802928070463
0-4 km,3467,KCRW,KCRW,CRW,Yeager Airport,medium_airport,54039,2023-12-01,0.0041,3,1,FALSE,9.041650390625023,5.744438205754978,80.83333333333333,97.05333333333334,-0.6653104671809313,0.007444863550662244,TRUE,FALSE,0,-5.2785147392518565
0-4 km,3474,KCXL,KCXL,CXL,Calexico International Airport,small_airport,06025,2000-01-01,0.02711111111111111,9,1,FALSE,15.197774929470508,3.2975615314668563,51.69444444444444,98.50777777777778,0.18996973782488918,0.1879977831255369,FALSE,FALSE,0,-3.571590367590836
0-4 km,3474,KCXL,KCXL,CXL,Calexico International Airport,small_airport,06025,2000-02-01,0.00955,6,1,FALSE,12.643340047200544,3.831013644684849,63.958333333333336,98.33833333333334,-0.3983761750747595,0.03665781109680657,FALSE,FALSE,0,-4.5516294190600615
0-4 km,3474,KCXL,KCXL,CXL,Calexico International Airport,small_airport,06025,2000-03-01,0.02171111111111111,9,1,FALSE,16.83000420464412,4.101707884556192,40.25,98.07,-0.5847799502822968,0.2642971015246552,FALSE,FALSE,0,-3.784900997988807
0-4 km,3474,KCXL,KCXL,CXL,Calexico International Airport,small_airport,06025,2000-04-01,0.0124625,8,1,FALSE,19.89125213623049,4.876826738259882,42.34375,98.0675,-0.5629161924794571,-0.1233085343912093,FALSE,FALSE,0,-4.30784723649963
0-4 km,3474,KCXL,KCXL,CXL,Calexico International Airport,small_airport,06025,2000-05-01,0.012785714285714286,7,1,FALSE,22.108579799107165,3.7135514782456056,36.142857142857146,97.73571428571428,0.2943990807238965,-0.32507743405223033,FALSE,FALSE,0,-4.28412241969251
0-4 km,3474,KCXL,KCXL,CXL,Calexico International Airport,small_airport,06025,2000-06-01,0.009850000000000001,8,1,FALSE,25.366242980957054,4.230263553088663,41.40625,97.595,-0.879448421277958,-0.21960381868026474,FALSE,FALSE,0,-4.523590198995668
0-4 km,3474,KCXL,KCXL,CXL,Calexico International Airport,small_airport,06025,2000-07-01,0.02312857142857143,7,1,FALSE,27.098570033482165,3.50604489942892,33.607142857142854,97.79142857142857,-0.36552891496538426,-0.25550167516991185,FALSE,FALSE,0,-3.724358604223696
0-4 km,3474,KCXL,KCXL,CXL,Calexico International Airport,small_airport,06025,2000-08-01,0.0151625,8,1,FALSE,28.618760681152366,3.176011706607476,38.59375,97.74,-0.5165523173037534,0.15300068157821817,FALSE,FALSE,0,-4.1250615348841615
0-4 km,3474,KCXL,KCXL,CXL,Calexico International Airport,small_airport,06025,2000-09-01,0.0112,7,1,FALSE,25.89714529854913,3.262492192076341,40.035714285714285,97.45142857142856,-0.2967933128272535,-0.004070269085540542,FALSE,FALSE,0,-4.406319327242926
0-4 km,3474,KCXL,KCXL,CXL,Calexico International Airport,small_airport,06025,2000-10-01,0.009683333333333334,6,1,FALSE,21.405002848307316,3.279156266520938,46.75,97.72166666666666,-0.7666004974483022,-0.024284713665113093,FALSE,FALSE,0,-4.539070384283567
0-4 km,3474,KCXL,KCXL,CXL,Calexico International Airport,small_airport,06025,2000-11-01,0.019125,4,1,FALSE,13.35999450683596,5.0461396537561125,40.75,98.14750000000001,-0.6082538306743063,0.45083539679023305,FALSE,FALSE,0,-3.90579245567751
0-4 km,3474,KCXL,KCXL,CXL,Calexico International Airport,small_airport,06025,2000-12-01,0.018857142857142857,7,1,FALSE,13.459998430524577,3.444199403010909,43.607142857142854,98.39142857142858,-0.6054771501723911,0.31861812255148986,FALSE,FALSE,0,-3.9191914949067588
0-4 km,3474,KCXL,KCXL,CXL,Calexico International Airport,small_airport,06025,2001-01-01,0.0179875,8,1,FALSE,9.534997558593773,3.6066670279474,54.9375,98.55875,0.36360735596688715,0.664279744062078,FALSE,FALSE,0,-3.9639744110602457
0-4 km,3474,KCXL,KCXL,CXL,Calexico International Airport,small_airport,06025,2001-02-01,0.019,6,1,FALSE,12.908329264322939,3.0671278806893456,51.833333333333336,98.00333333333333,0.6091707562353725,-0.3220425710899589,FALSE,FALSE,0,-3.912023005428146
0-4 km,3474,KCXL,KCXL,CXL,Calexico International Airport,small_airport,06025,2001-03-01,0.016399999999999998,7,1,FALSE,15.870010811941986,2.193234204182837,59.42857142857143,98.14571428571429,-0.5815906002171449,-0.14827035414711662,FALSE,FALSE,0,-4.051285072761654
0-4 km,3474,KCXL,KCXL,CXL,Calexico International Airport,small_airport,06025,2001-04-01,0.0108375,8,1,FALSE,18.89875183105471,2.8132147268266072,40.96875,97.94125,-0.20831223858326753,0.32908784846615086,FALSE,FALSE,0,-4.436482820469941
0-4 km,3474,KCXL,KCXL,CXL,Calexico International Airport,small_airport,06025,2001-05-01,0.018975,8,1,FALSE,25.42750701904299,2.2920164602661144,30.25,97.8125,0.012796795231522516,0.15262120401434348,FALSE,FALSE,0,-3.913273787329799
0-4 km,3474,KCXL,KCXL,CXL,Calexico International Airport,small_airport,06025,2001-06-01,0.0131375,8,1,FALSE,26.311257934570335,4.209165688073201,33.3125,97.69125,0.18602764578489775,-0.19743917075243278,FALSE,FALSE,0,-4.258924437539898
0-4 km,3474,KCXL,KCXL,CXL,Calexico International Airport,small_airport,06025,2001-07-01,0.010114285714285715,7,1,FALSE,27.160010637555825,2.4322213486646844,33.285714285714285,97.8,-0.2508930664520316,-0.06547116808105238,FALSE,FALSE,0,-4.499523996853104
0-4 km,3474,KCXL,KCXL,CXL,Calexico International Airport,small_airport,06025,2001-08-01,0.0157375,8,1,FALSE,27.3325019836426,4.279841884809208,34.8125,97.73625,0.21966826102715248,-0.18861737304055443,FALSE,FALSE,0,-4.090103567964846
0-4 km,3474,KCXL,KCXL,CXL,Calexico International Airport,small_airport,06025,2001-09-01,0.0496125,8,1,FALSE,27.402505493164085,3.77035636800073,39.8125,97.57875,0.03504207353980966,0.38752367175444913,FALSE,FALSE,0,-2.9835566976238574
0-4 km,3474,KCXL,KCXL,CXL,Calexico International Airport,small_airport,06025,2001-10-01,0.011414285714285714,7,1,FALSE,21.685710797991096,3.8427988177069587,48.892857142857146,97.97285714285714,-0.3880258633573691,0.06104436290995566,FALSE,FALSE,0,-4.388907395766104
0-4 km,3474,KCXL,KCXL,CXL,Calexico International Airport,small_airport,06025,2001-11-01,0.009125,8,1,FALSE,15.923753356933616,3.3608009500946743,47.46875,98.13,0.028130533444185427,0.7293602925211229,FALSE,FALSE,0,-4.592747665989535
0-4 km,3474,KCXL,KCXL,CXL,Calexico International Airport,small_airport,06025,2001-12-01,0.010714285714285714,7,1,FALSE,13.215713936941986,2.780449915589571,47.568572998046875,98.11285714285714,-0.9894657349381434,-0.11916343088396228,FALSE,FALSE,0,-4.446946180773197
0-4 km,3474,KCXL,KCXL,CXL,Calexico International Airport,small_airport,06025,2002-01-01,0.026875,8,1,FALSE,12.0825019836426,2.1656047798009834,45.375,98.2525,-0.4331714940369839,0.020346548601552224,FALSE,FALSE,0,-3.580025049201854
0-4 km,3474,KCXL,KCXL,CXL,Calexico International Airport,small_airport,06025,2002-02-01,0.01625714285714286,7,1,FALSE,12.045713588169665,3.6246642359516934,45.714285714285715,98.56285714285714,-0.055495304437231385,0.49068277835588786,FALSE,FALSE,0,-4.059529142536736
0-4 km,3474,KCXL,KCXL,CXL,Calexico International Airport,small_airport,06025,2002-03-01,0.010375,8,1,FALSE,12.77375183105471,3.2944610362363385,35.0625,98.34875,-0.1676125952387827,0.6061246174068394,FALSE,FALSE,0,-4.476337314145123
0-4 km,3474,KCXL,KCXL,CXL,Calexico International Airport,small_airport,06025,2002-04-01,0.013142857142857144,7,1,FALSE,17.767144775390648,3.299180015929731,47.25,97.83428571428571,-0.2447789181275465,-0.21096993400684608,FALSE,FALSE,0,-4.2585455779028605
0-4 km,3474,KCXL,KCXL,CXL,Calexico International Airport,small_airport,06025,2002-05-01,0.0064375,8,1,FALSE,20.892503356933616,1.670142513529439,37.71875,97.70125,-0.01253399577067511,-0.35248210486147374,FALSE,FALSE,0,-4.901220508110389
0-4 km,3474,KCXL,KCXL,CXL,Calexico International Airport,small_airport,06025,2002-06-01,0.01075,6,1,FALSE,27.633335367838566,3.9828888317505244,29.875,97.45166666666667,0.5316679385496812,-0.348255180271869,FALSE,FALSE,0,-4.443902038391969
0-4 km,3474,KCXL,KCXL,CXL,Calexico International Airport,small_airport,06025,2002-07-01,0.023633333333333333,9,1,FALSE,28.943332926432316,4.8618828528256595,31.916666666666668,97.78,-0.5096249378243172,-0.2981622485891551,FALSE,FALSE,0,-3.703654739696091
0-4 km,3474,KCXL,KCXL,CXL,Calexico International Airport,small_airport,06025,2002-08-01,0.017,7,1,FALSE,27.905716378348238,3.792811241360547,29.357142857142858,97.71285714285715,-0.08365078737353794,-0.26698357659430566,FALSE,FALSE,0,-4.017383521085972
0-4 km,3474,KCXL,KCXL,CXL,Calexico International Airport,small_airport,06025,2002-09-01,0.0152,7,1,FALSE,27.90858067103797,4.441682298621583,32.107142857142854,97.53571428571428,-0.1883955824527295,-0.021469082711429964,FALSE,FALSE,0,-4.122744036743799
0-4 km,3474,KCXL,KCXL,CXL,Calexico International Airport,small_airport,06025,2002-10-01,0.012257142857142857,7,1,FALSE,19.024294607979932,4.577583775088279,48.464285714285715,97.71571428571428,-0.6949557427329209,-0.05991145740272722,FALSE,FALSE,0,-4.3232187882452955
0-4 km,3474,KCXL,KCXL,CXL,Calexico International Airport,small_airport,06025,2002-11-01,0.012442857142857143,7,1,FALSE,17.848570033482165,4.735659818276063,44.75,98.15142857142857,-0.7225981434106553,0.13934406787040504,FALSE,FALSE,0,-4.309307381446117
0-4 km,3474,KCXL,KCXL,CXL,Calexico International Airport,small_airport,06025,2002-12-01,0.02725,8,1,FALSE,12.40751419067385,4.179098127535146,55.96875,98.41,-0.7751584966520498,0.29183106103471285,FALSE,FALSE,0,-3.5666618213896872
0-4 km,3474,KCXL,KCXL,CXL,Calexico International Airport,small_airport,06025,2003-01-01,0.036616666666666665,6,1,FALSE,14.901676432291689,4.371359171148365,53.458333333333336,98.42,0.30799673955347046,0.22061657695204923,FALSE,FALSE,0,-3.280308064386702
0-4 km,3474,KCXL,KCXL,CXL,Calexico International Airport,small_airport,06025,2003-02-01,0.01055,8,1,FALSE,13.107507324218773,2.843204173953414,73.71875,97.74375,0.16092828316168376,-0.719155547313119,FALSE,FALSE,0,-4.461069842014334
0-4 km,3474,KCXL,KCXL,CXL,Calexico International Airport,small_airport,06025,2003-03-01,0.00702,5,1,FALSE,15.644000244140647,4.539190554948435,48.5,97.776,-0.3005148742020136,0.16045694499216345,FALSE,FALSE,0,-4.825816857103714
0-4 km,3474,KCXL,KCXL,CXL,Calexico International Airport,small_airport,06025,2003-04-01,0.00554,5,1,FALSE,16.930004882812522,2.523439649180361,44.35,97.914,0.25025920905337645,0.14415554824530064,FALSE,FALSE,0,-5.02981811351303
0-4 km,3474,KCXL,KCXL,CXL,Calexico International Airport,small_airport,06025,2003-05-01,0.0088,5,1,FALSE,22.030004882812523,2.166127408866728,37.6,97.738,-0.4131340087414155,-0.41786021000801943,FALSE,FALSE,0,-4.62537289330561
0-4 km,3474,KCXL,KCXL,CXL,Calexico International Airport,small_airport,06025,2003-06-01,0.015960000000000002,5,1,FALSE,24.934002685546897,2.1906918355690057,36.3,97.428,-0.02738440513096933,-0.1033542918090282,FALSE,FALSE,0,-4.07689764861838
0-4 km,3474,KCXL,KCXL,CXL,Calexico International Airport,small_airport,06025,2003-07-01,0.0172,5,1,FALSE,29.546002197265647,2.981535742036429,31.55,97.70400000000001,-0.7633093375793356,-0.41567967487180385,FALSE,FALSE,0,-4.006333684899388
0-4 km,3474,KCXL,KCXL,CXL,Calexico International Airport,small_airport,06025,2003-08-01,0.0185,6,1,FALSE,29.341668701171898,3.038100110564746,34.541666666666664,97.76666666666667,-0.4944745654847492,-0.5134042390801782,FALSE,FALSE,0,-3.937340813412436
0-4 km,3474,KCXL,KCXL,CXL,Calexico International Airport,small_airport,06025,2003-09-01,0.01474,5,1,FALSE,27.506005859375023,3.1877525457961493,38.05,97.672,-0.7606890699909854,0.1950803523574927,FALSE,FALSE,0,-4.15155003599288
0-4 km,3474,KCXL,KCXL,CXL,Calexico International Airport,small_airport,06025,2003-10-01,0.0148,5,1,FALSE,24.497998046875022,3.803815958500038,39.2,97.668,-0.12968722939099375,0.08688007715906716,FALSE,FALSE,0,-4.147745338949216
0-4 km,3474,KCXL,KCXL,CXL,Calexico International Airport,small_airport,06025,2003-11-01,0.035699999999999996,5,1,FALSE,13.983996582031272,4.66675508436552,45.5,98.324,-0.6952926375194122,0.31138593528681663,FALSE,FALSE,0,-3.3049785239216125
0-4 km,3474,KCXL,KCXL,CXL,Calexico International Airport,small_airport,06025,2003-12-01,0.02394,5,1,FALSE,11.801995849609398,2.8854883040867194,36.9,98.502,0.18411146093862835,0.6945138337082152,FALSE,FALSE,0,-3.6912823387302467
0-4 km,3474,KCXL,KCXL,CXL,Calexico International Airport,small_airport,06025,2004-01-01,0.0174,5,1,FALSE,12.554010009765648,3.8786572408665956,44.8,98.336,0.2645990086340125,0.49490873715454564,FALSE,FALSE,0,-3.9954046143671973
0-4 km,3474,KCXL,KCXL,CXL,Calexico International Airport,small_airport,06025,2004-02-01,0.01134,5,1,FALSE,11.538000488281273,3.4656117040258456,53.55,98.118,0.7969849785252338,0.37566354495600635,FALSE,FALSE,0,-4.394909260504895
0-4 km,3474,KCXL,KCXL,CXL,Calexico International Airport,small_airport,06025,2004-03-01,0.01336,5,1,FALSE,20.735992431640646,2.5043933520406485,38.25,97.85000000000001,0.3320786122326699,0.4953597297826566,FALSE,FALSE,0,-4.243308715362059
0-4 km,3474,KCXL,KCXL,CXL,Calexico International Airport,small_airport,06025,2004-04-01,0.01396,5,1,FALSE,19.917999267578146,2.030511190940354,42.55,97.908,-0.1887963116926505,-0.29631118778180215,FALSE,FALSE,0,-4.202375306435806
0-4 km,3474,KCXL,KCXL,CXL,Calexico International Airport,small_airport,06025,2004-05-01,0.01914,5,1,FALSE,23.244012451171898,3.56278806737092,33.55,97.786,-0.1756741000867413,0.0625246298530599,FALSE,FALSE,0,-3.9050473916917205
0-4 km,3474,KCXL,KCXL,CXL,Calexico International Airport,small_airport,06025,2004-06-01,0.02054,5,1,FALSE,25.55000610351565,2.9703206377678124,32.95,97.58,0.25860141536877596,-0.6444348598117954,FALSE,FALSE,0,-3.8378436072538946
0-4 km,3474,KCXL,KCXL,CXL,Calexico International Airport,small_airport,06025,2004-07-01,0.009139999999999999,5,1,FALSE,29.5059997558594,2.4459874521413703,28.8,97.782,-0.3594732311953525,-0.3754670256708577,FALSE,FALSE,0,-4.5912672808191
0-4 km,3474,KCXL,KCXL,CXL,Calexico International Airport,small_airport,06025,2004-10-01,0.012575,4,1,FALSE,17.485009765625023,2.7706596190166124,57.6875,97.9225,-0.4074215529698831,0.29816907629619455,FALSE,FALSE,0,-4.299525413162138
0-4 km,3474,KCXL,KCXL,CXL,Calexico International Airport,small_airport,06025,2004-11-01,0.01344,5,1,FALSE,13.326000976562522,4.529446953116344,51.35,98.454,-0.42545703362901593,0.43322000240515396,FALSE,FALSE,0,-4.237753145517456
0-4 km,3474,KCXL,KCXL,CXL,Calexico International Airport,small_airport,06025,2004-12-01,0.00752,5,1,FALSE,13.255993652343772,6.0942688385429475,53.8,98.212,-0.1973726568318629,-0.014374033421487343,FALSE,FALSE,0,-4.765338938140912
0-4 km,3474,KCXL,KCXL,CXL,Calexico International Airport,small_airport,06025,2005-01-01,0.01806,5,1,FALSE,14.866003417968773,3.735603883084152,66.75,98.232,0.3934092527762355,0.09009223431471436,FALSE,FALSE,0,-3.960163380756081
0-4 km,3474,KCXL,KCXL,CXL,Calexico International Airport,small_airport,06025,2005-02-01,0.014280000000000001,5,1,FALSE,13.442004394531272,4.740716616891719,64.8,98.262,0.023623468458208046,0.3793470311341489,FALSE,FALSE,0,-4.1812104952437625
0-4 km,3474,KCXL,KCXL,CXL,Calexico International Airport,small_airport,06025,2005-03-01,0.01628,5,1,FALSE,16.447991943359398,3.429642151582343,51.7,97.928,0.48054829340194644,0.028112902325719225,FALSE,FALSE,0,-4.058205515606227
0-4 km,3474,KCXL,KCXL,CXL,Calexico International Airport,small_airport,06025,2005-04-01,0.015220000000000001,5,1,FALSE,17.2059997558594,3.2943889684967744,44.55,97.912,-0.11013246075600203,-0.1672177554914475,FALSE,FALSE,0,-4.12151023029487
0-4 km,3474,KCXL,KCXL,CXL,Calexico International Airport,small_airport,06025,2005-05-01,0.01608,5,1,FALSE,23.40399169921877,3.5571789909002836,37.9,97.648,0.826583076058844,-0.35019832332919054,FALSE,FALSE,0,-4.069847090621713
0-4 km,3474,KCXL,KCXL,CXL,Calexico International Airport,small_airport,06025,2005-06-01,0.01114,5,1,FALSE,24.324005126953146,3.6665462641657687,38.2,97.488,-0.17850381706181184,-0.17958377088315794,FALSE,FALSE,0,-4.411249493350785
0-4 km,3474,KCXL,KCXL,CXL,Calexico International Airport,small_airport,06025,2005-07-01,0.0278,5,1,FALSE,29.608001708984396,2.7284362160616595,31.9,97.606,-0.0057075184746446656,-0.5311457700908995,FALSE,FALSE,0,-3.547379891840237
0-4 km,3474,KCXL,KCXL,CXL,Calexico International Airport,small_airport,06025,2005-08-01,0.014950000000000001,6,1,FALSE,28.388330078125023,1.9349326952310035,39.208333333333336,97.75999999999999,-0.011872465322224447,-0.3002785882959737,FALSE,FALSE,0,-4.138296449751284
0-4 km,3474,KCXL,KCXL,CXL,Calexico International Airport,small_airport,06025,2005-09-01,0.0086,5,1,FALSE,25.5960144042969,2.804814290686709,32.75,97.734,-0.5196530533819785,0.6358484334940793,FALSE,FALSE,0,-4.645992180508347
0-4 km,3474,KCXL,KCXL,CXL,Calexico International Airport,small_airport,06025,2005-10-01,0.0138,6,1,FALSE,21.543333943684917,3.614961522129628,40.083333333333336,98.00666666666666,-0.3217175803583983,0.33528405367901054,FALSE,FALSE,0,-4.213128098212068
0-4 km,3474,KCXL,KCXL,CXL,Calexico International Airport,small_airport,06025,2005-11-01,0.018860000000000002,5,1,FALSE,17.126007080078146,4.841176079401943,42.95,98.168,-0.6791996103938546,-0.1365043967422706,FALSE,FALSE,0,-3.9190476203651103
0-4 km,3474,KCXL,KCXL,CXL,Calexico International Airport,small_airport,06025,2005-12-01,0.038,5,1,FALSE,12.687994384765648,3.8581994802989352,46.35,98.384,0.0931977549148705,0.2457811606998858,FALSE,FALSE,0,-3.2441936328524905
0-4 km,3474,KCXL,KCXL,CXL,Calexico International Airport,small_airport,06025,2006-01-01,0.03024,5,1,FALSE,13.698004150390648,4.1455167240076225,35.75,98.656,-0.3249008813534326,0.24154278936819032,FALSE,FALSE,0,-3.4660559540106517
0-4 km,3474,KCXL,KCXL,CXL,Calexico International Airport,small_airport,06025,2006-02-01,0.0185,5,1,FALSE,14.674005126953148,2.6886700819842635,44.9,98.214,-0.006681477859796628,0.5537622352017191,FALSE,FALSE,0,-3.937340813412436
0-4 km,3474,KCXL,KCXL,CXL,Calexico International Airport,small_airport,06025,2006-03-01,0.01974,5,1,FALSE,14.067999267578148,2.6598609271107216,50.25,98,0.1879534832747054,0.13255415554824407,FALSE,FALSE,0,-3.8756910761807557
0-4 km,3474,KCXL,KCXL,CXL,Calexico International Airport,small_airport,06025,2006-04-01,0.01306,5,1,FALSE,16.432000732421898,3.874937175924039,56.05,97.958,0.054782704326647336,-0.17997109991671487,FALSE,FALSE,0,-4.264421392599618
0-4 km,3474,KCXL,KCXL,CXL,Calexico International Airport,small_airport,06025,2006-05-01,0.012879999999999999,5,1,FALSE,22.214001464843772,2.0061685140742562,35.5,97.858,-0.03664961709985617,0.39788317154262554,FALSE,FALSE,0,-4.2773063239034785
0-4 km,3474,KCXL,KCXL,CXL,Calexico International Airport,small_airport,06025,2006-06-01,0.02008,5,1,FALSE,27.982006835937522,2.9189360839872958,30.4,97.58200000000001,0.2880716916486393,-0.031069442038929647,FALSE,FALSE,0,-3.8594305553089754
0-4 km,3474,KCXL,KCXL,CXL,Calexico International Airport,small_airport,06025,2006-07-01,0.0354,5,1,FALSE,30.89400024414065,3.2023236949841163,36.5,97.722,-0.07823906246236073,-0.008712928478215221,FALSE,FALSE,0,-3.313186504339442
0-4 km,3474,KCXL,KCXL,CXL,Calexico International Airport,small_airport,06025,2006-08-01,0.0257,5,1,FALSE,28.72400512695315,2.255977915872503,32.45,97.702,-0.3115920991661442,0.00458933255011614,FALSE,FALSE,0,-3.623091713575933
0-4 km,3474,KCXL,KCXL,CXL,Calexico International Airport,small_airport,06025,2006-09-01,0.01824,5,1,FALSE,27.673999023437524,2.6369556116149937,37.65,97.586,-0.3638251444041965,-0.32554918790203147,FALSE,FALSE,0,-3.9507638337445767
0-4 km,3474,KCXL,KCXL,CXL,Calexico International Airport,small_airport,06025,2006-10-01,0.01115,4,1,FALSE,20.54999694824221,6.123135780363133,36,97.9575,-0.551217200396086,0.3999012856612493,FALSE,FALSE,0,-4.41042610919558
0-4 km,3474,KCXL,KCXL,CXL,Calexico International Airport,small_airport,06025,2006-11-01,0.015960000000000002,5,1,FALSE,17.520001220703147,3.235082560299747,44.55,98.104,-0.2512295207824683,0.37180192612458196,FALSE,FALSE,0,-4.07689764861838
0-4 km,3474,KCXL,KCXL,CXL,Calexico International Airport,small_airport,06025,2006-12-01,0.028116666666666665,6,1,FALSE,10.416665649414085,4.707162822948652,38.75,98.80166666666668,-0.29589651896582003,0.5215449833291947,FALSE,FALSE,0,-3.536444531070181
0-4 km,3474,KCXL,KCXL,CXL,Calexico International Airport,small_airport,06025,2007-01-01,0.018971428571428573,7,1,FALSE,10.717139543805827,4.268053012732112,46.642857142857146,98.35428571428571,0.31747660433045816,0.1325858187532114,FALSE,FALSE,0,-3.91345259823774
0-4 km,3474,KCXL,KCXL,CXL,Calexico International Airport,small_airport,06025,2007-02-01,0.01325,6,1,FALSE,16.458337402343773,4.6207775756512115,38.166666666666664,98.38833333333334,0.2485939803101095,0.06899263271272961,FALSE,FALSE,0,-4.250998372267477
0-4 km,3474,KCXL,KCXL,CXL,Calexico International Airport,small_airport,06025,2007-03-01,0.04045555555555556,9,1,FALSE,17.576671006944466,2.858535924233816,40.166666666666664,98.19888888888889,0.7155506256370536,0.22761224271861719,FALSE,FALSE,0,-3.183133376091244
0-4 km,3474,KCXL,KCXL,CXL,Calexico International Airport,small_airport,06025,2007-04-01,0.032985714285714285,7,1,FALSE,21.108579799107165,2.058445153507636,38.07142857142857,97.90857142857143,0.66741639101906,-0.44795997640395685,FALSE,FALSE,0,-3.3818150107285385
0-4 km,3474,KCXL,KCXL,CXL,Calexico International Airport,small_airport,06025,2007-05-01,0.030614285714285715,7,1,FALSE,21.977149309430825,2.9584099199845,32.75,97.78714285714285,-0.047336844409722204,0.3619412648520779,FALSE,FALSE,0,-3.4541461809804463
0-4 km,3474,KCXL,KCXL,CXL,Calexico International Airport,small_airport,06025,2007-06-01,0.04002857142857143,7,1,FALSE,27.0114205496652,2.866888274745587,30.142857142857142,97.60714285714286,-0.10373067090342014,-0.8679827668042999,FALSE,FALSE,0,-3.1934865908633814
0-4 km,3474,KCXL,KCXL,CXL,Calexico International Airport,small_airport,06025,2007-07-01,0.03614285714285714,7,1,FALSE,28.347140066964307,2.345184088109001,37.07142857142857,97.68571428571428,0.11096715831320235,-0.6102901588913024,FALSE,FALSE,0,-3.2929837970219227
0-4 km,3474,KCXL,KCXL,CXL,Calexico International Airport,small_airport,06025,2007-08-01,0.02396,5,1,FALSE,29.520007324218774,5.751345754917495,36.65,97.55,-0.48825475560394455,-0.08957233675449221,FALSE,FALSE,0,-3.69048073548091
0-4 km,3474,KCXL,KCXL,CXL,Calexico International Airport,small_airport,06025,2007-09-01,0.01286,5,1,FALSE,27.254003906250023,3.3629663440620314,35.8,97.664,0.48029637875414766,-0.14928289580491513,FALSE,FALSE,0,-4.27874828522038
0-4 km,3474,KCXL,KCXL,CXL,Calexico International Airport,small_airport,06025,2007-10-01,0.03576,5,1,FALSE,22.5840026855469,2.628558627629948,33.8,97.854,0.4317575307070282,0.48436015580775044,FALSE,FALSE,0,-3.303344981494651
0-4 km,3474,KCXL,KCXL,CXL,Calexico International Airport,small_airport,06025,2007-11-01,0.05022857142857143,7,1,FALSE,20.145710972377255,2.9839420823679057,35.25,98.08142857142857,0.04175829865345625,-0.3597899083782587,FALSE,FALSE,0,-2.9714578668664178
0-4 km,3474,KCXL,KCXL,CXL,Calexico International Airport,small_airport,06025,2007-12-01,0.01848,5,1,FALSE,10.223999023437523,2.952628817435615,63.7,98.52,-0.11180190427857885,0.040137811475738826,FALSE,FALSE,0,-3.938366980767748
0-4 km,3474,KCXL,KCXL,CXL,Calexico International Airport,small_airport,06025,2008-01-01,0.0105,6,1,FALSE,11.19000142415367,3.4227377699418398,47.791666666666664,98.61666666666667,0.2441475339422516,0.663323396358741,FALSE,FALSE,0,-4.4654082436129325
0-4 km,3474,KCXL,KCXL,CXL,Calexico International Airport,small_airport,06025,2008-02-01,0.022075,4,1,FALSE,13.042504882812523,2.783664425627282,48.75,98.4925,0.07214177967134905,0.5238228989576345,FALSE,FALSE,0,-3.7690054985932213
0-4 km,3474,KCXL,KCXL,CXL,Calexico International Airport,small_airport,06025,2008-03-01,0.03498333333333334,6,1,FALSE,17.086663818359398,3.246861616835913,40.5,98.305,-0.043025864717930476,-0.02859669201925486,FALSE,FALSE,0,-3.3246994106894303
0-4 km,3474,KCXL,KCXL,CXL,Calexico International Airport,small_airport,06025,2008-04-01,0.00892,5,1,FALSE,18.64600219726565,2.9164912233967226,39.75,97.968,-0.22384239580310836,0.16799775154513458,FALSE,FALSE,0,-4.613202357685355
0-4 km,3474,KCXL,KCXL,CXL,Calexico International Airport,small_airport,06025,2008-05-01,0.02534,5,1,FALSE,19.305999755859396,3.855687233312443,51.4,97.768,-0.5279681896715476,-0.24484535694900647,FALSE,FALSE,0,-3.636666582667002
0-4 km,3474,KCXL,KCXL,CXL,Calexico International Airport,small_airport,06025,2008-06-01,0.02148,5,1,FALSE,27.892010498046897,2.07310181500638,31.45,97.566,-0.09253038652095283,-0.1489098869715358,FALSE,FALSE,0,-3.7951292539566466
0-4 km,3474,KCXL,KCXL,CXL,Calexico International Airport,small_airport,06025,2008-07-01,0.021159999999999998,5,1,FALSE,28.42401123046877,4.459861104608249,38.45,97.71600000000001,-0.15801737091226942,-0.6319898418886347,FALSE,FALSE,0,-3.809466417103054
0-4 km,3474,KCXL,KCXL,CXL,Calexico International Airport,small_airport,06025,2008-08-01,0.019,5,1,FALSE,27.950006103515648,2.780776262981064,44.35,97.62,-0.13912951912887325,-0.2832069489016975,FALSE,FALSE,0,-3.912023005428146
0-4 km,3474,KCXL,KCXL,CXL,Calexico International Airport,small_airport,06025,2008-09-01,0.0153,5,1,FALSE,28.08599853515627,2.790126450350675,38.7,97.612,-0.21897665413118345,0.19559907047777494,FALSE,FALSE,0,-4.11659017116942
0-4 km,3474,KCXL,KCXL,CXL,Calexico International Airport,small_airport,06025,2008-10-01,0.01046,5,1,FALSE,23.1480163574219,4.542846086466986,41.65,97.92,-0.30540448914613494,-0.0037798409253664454,FALSE,FALSE,0,-4.468892567695543
0-4 km,3474,KCXL,KCXL,CXL,Calexico International Airport,small_airport,06025,2008-11-01,0.013233333333333333,3,1,FALSE,19.61999918619794,4.165369789816728,47.5,98.09666666666666,-0.43492609843846636,0.8307420201355326,FALSE,FALSE,0,-4.252168647415668
0-4 km,3474,KCXL,KCXL,CXL,Calexico International Airport,small_airport,06025,2009-01-01,7e-4,2,1,FALSE,14.785012817382835,2.9709561403769253,53.75,98.55000000000001,-0.6223519230911654,0.2886439699746136,FALSE,FALSE,0,-6.3771270279199666
0-4 km,3474,KCXL,KCXL,CXL,Calexico International Airport,small_airport,06025,2009-02-01,0.005833333333333333,3,1,FALSE,14.466678873697939,3.3190031878098343,49.083333333333336,98.45,0.05101081733907775,0.32701790326518515,FALSE,FALSE,0,-4.985942681505884
0-4 km,3474,KCXL,KCXL,CXL,Calexico International Airport,small_airport,06025,2009-03-01,0.014353846153846153,13,1,FALSE,18.302305720402668,2.3546691569673186,41.76923076923077,97.92,0.3087958435945347,-0.04663922979830898,FALSE,FALSE,0,-4.17638927256631
0-4 km,3474,KCXL,KCXL,CXL,Calexico International Airport,small_airport,06025,2009-04-01,0.018808333333333333,12,1,FALSE,19.84082692464195,4.338070424973383,37.208333333333336,98.01,-0.2198559248252377,0.1324439635925687,FALSE,FALSE,0,-3.9216525544039893
0-4 km,3474,KCXL,KCXL,CXL,Calexico International Airport,small_airport,06025,2009-05-01,0.019126666666666667,15,1,FALSE,23.19799804687502,3.026242112242661,40.06666666666667,97.73333333333333,0.42374287830910123,-0.29788054743146103,FALSE,FALSE,0,-3.905709643371554
0-4 km,3474,KCXL,KCXL,CXL,Calexico International Airport,small_airport,06025,2009-06-01,0.013992307692307693,13,1,FALSE,23.676162484975983,3.6798582724146915,45.75,97.54461538461538,-0.37018135992180357,-0.33682569719470323,FALSE,FALSE,0,-4.200218029930158
0-4 km,3474,KCXL,KCXL,CXL,Calexico International Airport,small_airport,06025,2009-07-01,0.015608333333333333,12,1,FALSE,30.06499888102216,3.263481938385613,34.9375,97.74166666666666,-0.011434904041734315,-0.05224775933918086,FALSE,FALSE,0,-4.097850701551389
0-4 km,3474,KCXL,KCXL,CXL,Calexico International Airport,small_airport,06025,2009-08-01,0.01299,10,1,FALSE,28.90100708007815,2.8240598170471727,35.1,97.816,-0.5965102376799556,0.182199512444849,FALSE,FALSE,0,-4.269412490304747
0-4 km,3474,KCXL,KCXL,CXL,Calexico International Airport,small_airport,06025,2009-09-01,0.02294,15,1,FALSE,28.488659667968772,3.00552463629107,36.95,97.72933333333333,-0.2289086127610434,0.23553521403224872,FALSE,FALSE,0,-3.73220457885231
0-4 km,3474,KCXL,KCXL,CXL,Calexico International Airport,small_airport,06025,2009-10-01,0.009092307692307693,13,1,FALSE,19.935374098557716,3.423835201423134,47.51923076923077,97.49076923076923,-0.47984142939467583,0.4030448782521152,FALSE,FALSE,0,-4.595981759933685
0-4 km,3474,KCXL,KCXL,CXL,Calexico International Airport,small_airport,06025,2009-11-01,0.0381,12,1,FALSE,18.425831095377628,5.2171418155734255,39,98.105,-0.5019827229075301,0.4382528250890859,FALSE,FALSE,0,-3.241632811990817
0-4 km,3474,KCXL,KCXL,CXL,Calexico International Airport,small_airport,06025,2009-12-01,0.012715384615384616,13,1,FALSE,10.807695594200744,3.7110262292848186,50.42307692307692,98.42307692307692,-0.3996168235859323,0.2181537690392234,FALSE,FALSE,0,-4.289237111574579
0-4 km,3474,KCXL,KCXL,CXL,Calexico International Airport,small_airport,06025,2010-01-01,0.01774,10,1,FALSE,13.084014892578148,3.9936098261021424,55.95,98.056,0.6522729845543163,0.4081699034807537,FALSE,FALSE,0,-3.9770950021718607
0-4 km,3474,KCXL,KCXL,CXL,Calexico International Airport,small_airport,06025,2010-02-01,0.00807,10,1,FALSE,13.911999511718772,3.089513001131852,64.05,98.046,0.2775069728547415,0.02903603939021638,FALSE,FALSE,0,-4.7027830148550915
0-4 km,3474,KCXL,KCXL,CXL,Calexico International Airport,small_airport,06025,2010-03-01,0.0043100000000000005,10,1,FALSE,14.854003906250023,4.273718955280908,48.15,98.334,0.17017222939303964,0.12858008563015505,FALSE,FALSE,0,-5.23816344372829
0-4 km,3474,KCXL,KCXL,CXL,Calexico International Airport,small_airport,06025,2010-04-01,0.03271538461538461,13,1,FALSE,15.711546443058918,2.8947211070260366,43.34615384615385,97.89692307692307,0.25096744849294783,0.20377097312223616,FALSE,FALSE,0,-3.3898010290189102
0-4 km,3474,KCXL,KCXL,CXL,Calexico International Airport,small_airport,06025,2010-05-01,0.008491666666666666,12,1,FALSE,20.759166971842472,1.873307580621733,44.270833333333336,97.75999999999999,0.1702357774636336,-0.40780653544229706,FALSE,FALSE,0,-4.657341058317001
0-4 km,3474,KCXL,KCXL,CXL,Calexico International Airport,small_airport,06025,2010-06-01,0.01819166666666667,12,1,FALSE,23.779158528645855,2.7291690034622293,37.479166666666664,97.87916666666666,-0.1671912746495166,-0.29099025401500556,FALSE,FALSE,0,-3.9532791219434977
0-4 km,3474,KCXL,KCXL,CXL,Calexico International Airport,small_airport,06025,2010-07-01,0.014526666666666667,15,1,FALSE,27.80266520182294,3.8795924216454387,36.21666666666667,97.59866666666666,-0.24203550449202416,0.042577616205024656,FALSE,FALSE,0,-4.165196303194052
0-4 km,3474,KCXL,KCXL,CXL,Calexico International Airport,small_airport,06025,2010-08-01,0.0061333333333333335,12,1,FALSE,28.143337504069034,2.288730146193026,35.458333333333336,97.54083333333332,-0.019230732658644778,-0.055881198058965284,FALSE,FALSE,0,-4.942976645622441
0-4 km,3474,KCXL,KCXL,CXL,Calexico International Airport,small_airport,06025,2010-09-01,0.014346153846153847,13,1,FALSE,26.234620079627426,5.126549416123354,39.78846153846154,97.51538461538462,-0.5592709739449025,0.19405363230728045,FALSE,FALSE,0,-4.176890400113756
0-4 km,3474,KCXL,KCXL,CXL,Calexico International Airport,small_airport,06025,2010-10-01,0.012108333333333334,12,1,FALSE,19.953337605794292,2.67754639185613,54.666666666666664,98.035,0.2638495162490348,-0.04392271607921669,FALSE,FALSE,0,-4.334507118705905
0-4 km,3474,KCXL,KCXL,CXL,Calexico International Airport,small_airport,06025,2010-11-01,0.01670769230769231,13,1,FALSE,16.538467172475983,2.8164762319602508,43.01923076923077,98.13384615384615,0.27970473056762635,0.12046463920880214,FALSE,FALSE,0,-4.033756140155892
0-4 km,3474,KCXL,KCXL,CXL,Calexico International Airport,small_airport,06025,2010-12-01,0.022436363636363636,11,1,FALSE,15.273633922230136,6.8732494999422435,61.22727272727273,98.10727272727273,-0.24087691945548717,-0.40554881055663605,FALSE,FALSE,0,-3.7534664612754205
0-4 km,3474,KCXL,KCXL,CXL,Calexico International Airport,small_airport,06025,2011-01-01,0.011916666666666667,12,1,FALSE,13.314998881022158,3.525595409751232,41.145833333333336,98.3125,0.43038066090624705,0.17901207713806597,FALSE,FALSE,0,-4.349236811850891
0-4 km,3474,KCXL,KCXL,CXL,Calexico International Airport,small_airport,06025,2011-02-01,0.01709,10,1,FALSE,12.150006103515647,3.132693509473079,50.15,98.134,0.1635808790594538,-0.159116742439549,FALSE,FALSE,0,-4.012395979574933
0-4 km,3474,KCXL,KCXL,CXL,Calexico International Airport,small_airport,06025,2011-03-01,0.024300000000000002,10,1,FALSE,16.658007812500024,2.8095628310605822,49.7,98.24,0.26716764063458825,0.32552942852552325,FALSE,FALSE,0,-3.6769508832486624
0-4 km,3474,KCXL,KCXL,CXL,Calexico International Airport,small_airport,06025,2011-04-01,0.00449,10,1,FALSE,17.600006103515646,3.3719998528602875,41.75,97.902,0.5629736974880578,0.22648249744206805,FALSE,FALSE,0,-5.204827023460698
0-4 km,3474,KCXL,KCXL,CXL,Calexico International Airport,small_airport,06025,2011-05-01,0.0198,10,1,FALSE,19.43200683593752,2.821690384199465,41.15,97.886,-0.1053310598463417,-0.08890391256293548,FALSE,FALSE,0,-3.872802292274865
0-4 km,3474,KCXL,KCXL,CXL,Calexico International Airport,small_airport,06025,2011-06-01,0.009608333333333333,12,1,FALSE,23.590005493164085,1.3976878655305185,39.541666666666664,97.64166666666667,0.2308457859442294,-0.2206917414672217,FALSE,FALSE,0,-4.546115423206777
0-4 km,3474,KCXL,KCXL,CXL,Calexico International Airport,small_airport,06025,2011-07-01,0.010963636363636363,11,1,FALSE,28.799096679687523,3.571985898703895,36.81818181818182,97.48727272727272,0.30026346526366665,0.23375103798462277,FALSE,FALSE,0,-4.425883532889291
0-4 km,3474,KCXL,KCXL,CXL,Calexico International Airport,small_airport,06025,2011-08-01,0.028870588235294117,17,1,FALSE,29.603532858455907,3.3491343466624017,31.38235294117647,97.56,-0.2688314268513803,-0.2608865589448885,FALSE,FALSE,0,-3.510880953767775
0-4 km,3474,KCXL,KCXL,CXL,Calexico International Airport,small_airport,06025,2011-09-01,0.016458333333333335,12,1,FALSE,26.462503051757835,3.6686952912942856,38.479166666666664,97.895,-0.3413457702112457,0.3180623765400449,FALSE,FALSE,0,-4.047938189407945
0-4 km,3474,KCXL,KCXL,CXL,Calexico International Airport,small_airport,06025,2011-10-01,0.00645,12,1,FALSE,21.70000864664716,3.65041576280928,35.4375,97.96416666666667,-0.15936793229618135,0.49704656726854124,FALSE,FALSE,0,-4.899541246590669
0-4 km,3474,KCXL,KCXL,CXL,Calexico International Airport,small_airport,06025,2011-11-01,0.019883333333333333,12,1,FALSE,15.070842997233095,4.7716277918107455,50.729166666666664,98.37083333333334,-0.6813160222247393,0.5139203222345233,FALSE,FALSE,0,-3.8688038863081693
0-4 km,3474,KCXL,KCXL,CXL,Calexico International Airport,small_airport,06025,2011-12-01,0.022916666666666665,12,1,FALSE,11.100844319661482,4.058208084511682,39.3125,98.46833333333333,-0.5393614134121291,0.7746484029401831,FALSE,FALSE,0,-3.733179713010516
0-4 km,3474,KCXL,KCXL,CXL,Calexico International Airport,small_airport,06025,2012-01-01,0.020900000000000002,12,1,FALSE,15.005843098958357,3.7187714777722194,40.8125,98.52833333333334,0.7568382162436805,0.08633570623119217,FALSE,FALSE,0,-3.8212686421596818
0-4 km,3474,KCXL,KCXL,CXL,Calexico International Airport,small_airport,06025,2012-02-01,0.015425,12,1,FALSE,12.673341369628929,4.156496249094136,49.3125,98.19833333333334,0.6134953510471038,0.061101628731161824,FALSE,FALSE,0,-4.1089507146114626
0-4 km,3474,KCXL,KCXL,CXL,Calexico International Airport,small_airport,06025,2012-03-01,0.026376923076923076,13,1,FALSE,16.550002817007233,5.0915786546099255,38.51923076923077,98.20461538461538,-0.12682635976060688,0.09121754317621528,FALSE,FALSE,0,-3.598054843927527
0-4 km,3474,KCXL,KCXL,CXL,Calexico International Airport,small_airport,06025,2012-04-01,0.017941666666666668,12,1,FALSE,17.8775090535482,2.5270275681607752,44.5,98.06083333333333,-0.25443168489376183,0.05901838519484867,FALSE,FALSE,0,-3.9663911979116397
0-4 km,3474,KCXL,KCXL,CXL,Calexico International Airport,small_airport,06025,2012-05-01,0.008163636363636364,11,1,FALSE,21.858187033913374,1.7152663643794872,38.36363636363637,97.77545454545455,-0.05042872095171154,0.4251347216075712,FALSE,FALSE,0,-4.692512196143239
0-4 km,3474,KCXL,KCXL,CXL,Calexico International Airport,small_airport,06025,2012-06-01,0.024913333333333332,15,1,FALSE,25.695345052083358,4.167790357807317,34.3,97.498,-0.36602219051315465,-0.6219386813648909,FALSE,FALSE,0,-3.6529976422261696
0-4 km,3474,KCXL,KCXL,CXL,Calexico International Airport,small_airport,06025,2012-07-01,0.01842,10,1,FALSE,29.167004394531272,1.2137036300866064,35.7,97.795,-0.14200007759750596,-0.41669061611604075,FALSE,FALSE,0,-3.941451816118958
0-4 km,3474,KCXL,KCXL,CXL,Calexico International Airport,small_airport,06025,2012-08-01,0.02462857142857143,14,1,FALSE,29.751426042829262,2.9389304748350678,42.05357142857143,97.705,-0.5674741116767404,-0.4314174883165252,FALSE,FALSE,0,-3.6640474784127544
0-4 km,3474,KCXL,KCXL,CXL,Calexico International Airport,small_airport,06025,2012-09-01,0.029615384615384616,13,1,FALSE,27.82615872896637,2.4225365915469332,42.61538461538461,97.86923076923077,0.07147165511316043,0.0807126794214515,FALSE,FALSE,0,-3.486252631159236
0-4 km,3474,KCXL,KCXL,CXL,Calexico International Airport,small_airport,06025,2012-10-01,0.015941666666666666,12,1,FALSE,20.392510986328148,2.3794411652680316,47.520833333333336,97.98333333333333,-0.5990213884304899,-0.09561136372457361,FALSE,FALSE,0,-4.077979208135837
0-4 km,3474,KCXL,KCXL,CXL,Calexico International Airport,small_airport,06025,2012-11-01,0.019346153846153846,13,1,FALSE,17.926153094951946,3.8408804053108856,46.36538461538461,98.44076923076923,-0.26173241047342655,0.4330639635308247,FALSE,FALSE,0,-3.8948633851453196
0-4 km,3474,KCXL,KCXL,CXL,Calexico International Airport,small_airport,06025,2012-12-01,0.027075000000000002,12,1,FALSE,12.484165445963564,3.194623830798424,54.25,98.46000000000001,-0.7219547755361524,0.37866475706062536,FALSE,FALSE,0,-3.57287577835763
0-4 km,3474,KCXL,KCXL,CXL,Calexico International Airport,small_airport,06025,2013-01-01,0.004066666666666666,9,1,FALSE,9.957788085937523,4.241241518928437,46.416666666666664,98.61555555555556,0.20991268212813552,0.2623305919043899,FALSE,FALSE,0,-5.285072139798016
0-4 km,3474,KCXL,KCXL,CXL,Calexico International Airport,small_airport,06025,2013-02-01,0.0033,11,1,FALSE,13.028189364346614,3.8372462740837587,47.25,98.29181818181819,0.20184836699274677,0.20583730179025272,FALSE,FALSE,0,-5.44914025628262
0-4 km,3474,KCXL,KCXL,CXL,Calexico International Airport,small_airport,06025,2013-03-01,0.013742857142857143,14,1,FALSE,16.85142996651788,2.3994735957632907,47.392857142857146,98.23,0.410514490502358,0.29004395677429573,FALSE,FALSE,0,-4.216996574989988
0-4 km,3474,KCXL,KCXL,CXL,Calexico International Airport,small_airport,06025,2013-04-01,0.033758333333333335,12,1,FALSE,19.065001424153667,3.8031695843722146,38.479166666666664,98.095,0.024957935881957976,0.6169058785473606,FALSE,FALSE,0,-3.359335927567238
0-4 km,3474,KCXL,KCXL,CXL,Calexico International Airport,small_airport,06025,2013-05-01,0.02679230769230769,13,1,FALSE,22.24308283879209,2.503917356161554,45.19230769230769,97.65307692307692,0.035534753304323624,-0.6314623734229796,FALSE,FALSE,0,-3.5829959982900794
0-4 km,3474,KCXL,KCXL,CXL,Calexico International Airport,small_airport,06025,2013-06-01,0.018575,12,1,FALSE,24.16748962402346,3.4988876297791895,43.9375,97.63666666666667,-0.31596479502901337,-0.502199178862795,FALSE,FALSE,0,-3.9335020371052702
0-4 km,3474,KCXL,KCXL,CXL,Calexico International Airport,small_airport,06025,2013-07-01,0.009861538461538462,13,1,FALSE,29.21384465144233,2.810547805270978,40.34615384615385,97.73538461538462,0.3463330307673417,-0.5943077343282832,FALSE,FALSE,0,-4.522527311384533
0-4 km,3474,KCXL,KCXL,CXL,Calexico International Airport,small_airport,06025,2013-08-01,0.016483333333333332,12,1,FALSE,28.477504984537784,2.116519654431598,36.166666666666664,97.7275,0.4291781875120648,0.13873873441883466,FALSE,FALSE,0,-4.046507232807941
0-4 km,3474,KCXL,KCXL,CXL,Calexico International Airport,small_airport,06025,2013-09-01,0.016746153846153845,13,1,FALSE,27.342314265324543,3.421060350708336,38.17307692307692,97.53692307692307,-0.12468537600092178,0.06983945239337101,FALSE,FALSE,0,-4.0315864712639655
0-4 km,3474,KCXL,KCXL,CXL,Calexico International Airport,small_airport,06025,2013-10-01,0.017038461538461537,13,1,FALSE,19.92307786207935,2.441886425071949,40.53846153846154,97.97307692307692,0.0509290781235493,0.5694289937993331,FALSE,FALSE,0,-4.015249048557339
0-4 km,3474,KCXL,KCXL,CXL,Calexico International Airport,small_airport,06025,2013-11-01,0.009033333333333332,12,1,FALSE,15.715013122558616,4.162513119467363,52.645833333333336,98.40333333333334,-0.07141977668908166,0.5792554043179569,FALSE,FALSE,0,-4.601842395895416
0-4 km,3474,KCXL,KCXL,CXL,Calexico International Airport,small_airport,06025,2013-12-01,0.026223076923076922,13,1,FALSE,13.166922701322138,3.287832981689807,38.30769230769231,98.50538461538461,-0.0425959647980911,0.4038591962554212,FALSE,FALSE,0,-3.603690249092256
0-4 km,3474,KCXL,KCXL,CXL,Calexico International Airport,small_airport,06025,2014-01-01,0.022791666666666665,12,1,FALSE,16.27833709716799,3.233444820318874,31.458333333333332,98.24083333333334,0.30944727112657794,0.5909518081364468,FALSE,FALSE,0,-3.7384198996740725
0-4 km,3474,KCXL,KCXL,CXL,Calexico International Airport,small_airport,06025,2014-02-01,0.03792307692307692,13,1,FALSE,17.76383479191709,1.652321974282251,49.01923076923077,97.95923076923077,-0.3642724223895606,-0.57977577178254,FALSE,FALSE,0,-3.2461679671562083
0-4 km,3474,KCXL,KCXL,CXL,Calexico International Airport,small_airport,06025,2014-03-01,0.0032,6,1,FALSE,17.320001220703148,2.0579777344212866,55.125,97.985,-0.01522527805920898,0.4137088427258322,FALSE,FALSE,0,-5.472670753692814
0-4 km,3474,KCXL,KCXL,CXL,Calexico International Airport,small_airport,06025,2014-04-01,0.016276923076923078,13,1,FALSE,20.931535926231994,3.6470309179672444,33.53846153846154,97.79769230769232,-0.03509291352709008,-0.0829846443762006,FALSE,FALSE,0,-4.058383594139331
0-4 km,3474,KCXL,KCXL,CXL,Calexico International Airport,small_airport,06025,2014-05-01,0.004775,12,1,FALSE,22.894998168945335,3.412160331270385,36.854166666666664,97.72083333333333,-0.16926103933341916,-0.10912221829195487,FALSE,FALSE,0,-5.15421702257428
0-4 km,3474,KCXL,KCXL,CXL,Calexico International Airport,small_airport,06025,2014-06-01,0.009075,12,1,FALSE,25.633337910970074,2.576646964808002,33.604166666666664,97.59416666666667,0.5379048910558476,-0.5945326447904511,FALSE,FALSE,0,-4.59769817114939
0-4 km,3474,KCXL,KCXL,CXL,Calexico International Airport,small_airport,06025,2014-07-01,0.007791666666666666,12,1,FALSE,28.087508138020855,2.0438294770716077,40.145833333333336,97.94333333333333,-0.16685101466123747,-0.1826523108333501,FALSE,FALSE,0,-4.733950975854016
0-4 km,3474,KCXL,KCXL,CXL,Calexico International Airport,small_airport,06025,2014-08-01,0.012784615384615384,13,1,FALSE,28.012301870492813,2.5068018691035725,42.61538461538461,97.87923076923077,0.31094240117806204,0.05441400034528651,FALSE,FALSE,0,-4.284202135902843
0-4 km,3474,KCXL,KCXL,CXL,Calexico International Airport,small_airport,06025,2014-09-01,0.012750000000000001,12,1,FALSE,29.096678670247417,1.849695972029516,39.770833333333336,97.53083333333333,-0.20209221243286432,-0.05432813662844096,FALSE,FALSE,0,-4.286716454869556
0-4 km,3474,KCXL,KCXL,CXL,Calexico International Airport,small_airport,06025,2014-10-01,0.004592307692307692,13,1,FALSE,23.64499934269834,2.295859274464677,41.59615384615385,97.87596153846154,0.2645414082098265,0.46168095246029806,FALSE,FALSE,0,-5.1863632519042
0-4 km,3474,KCXL,KCXL,CXL,Calexico International Airport,small_airport,06025,2014-11-01,0.013463636363636363,11,1,FALSE,16.909084805575308,2.9599615040598892,33.65909090909091,98.53931818181819,-0.3004739580672805,0.5542384665646548,FALSE,FALSE,0,-4.236117616436767
0-4 km,3474,KCXL,KCXL,CXL,Calexico International Airport,small_airport,06025,2014-12-01,0.007326666666666667,15,1,FALSE,13.649993896484398,4.47799731021136,71.25,98.24933333333333,-0.6403869312063921,0.11254255781666232,FALSE,FALSE,0,-4.788292062952816
0-4 km,3474,KCXL,KCXL,CXL,Calexico International Airport,small_airport,06025,2015-01-01,0.010892307692307692,13,1,FALSE,14.66923734224762,3.908270426291343,50.17307692307692,98.5425,0.6793081551848663,0.46485463950103034,FALSE,FALSE,0,-4.431863500290352
0-4 km,3474,KCXL,KCXL,CXL,Calexico International Airport,small_airport,06025,2015-02-01,0.010011111111111111,9,1,FALSE,17.802762179904537,2.902520089191308,46.05555555555556,98.16111111111111,-0.10835135264974885,0.5495920665632132,FALSE,FALSE,0,-4.5088504149824145
0-4 km,3474,KCXL,KCXL,CXL,Calexico International Airport,small_airport,06025,2015-03-01,0.008625,16,1,FALSE,19.887488937377952,4.115431566133594,44.15625,98.0128125,0.07760640797502193,0.1121612958050304,FALSE,FALSE,0,-4.643391398808289
0-4 km,3474,KCXL,KCXL,CXL,Calexico International Airport,small_airport,06025,2015-04-01,0.038933333333333334,12,1,FALSE,19.80207722981773,3.1373846431469667,44.75,97.81020833333334,0.3281280686318636,-0.3014781272401289,FALSE,FALSE,0,-3.2205438819688976
0-4 km,3474,KCXL,KCXL,CXL,Calexico International Airport,small_airport,06025,2015-05-01,0.014015384615384615,13,1,FALSE,20.455769230769253,2.403994999870501,46.61538461538461,97.79846153846154,0.07688205427627803,-0.32808962292233756,FALSE,FALSE,0,-4.198679962464682
0-4 km,3474,KCXL,KCXL,CXL,Calexico International Airport,small_airport,06025,2015-06-01,0.037425,12,1,FALSE,28.39582722981773,2.7774574870080486,32.645833333333336,97.65875,-0.29323060643477283,-0.36151551595748793,FALSE,FALSE,0,-3.2590469895574774
0-4 km,3474,KCXL,KCXL,CXL,Calexico International Airport,small_airport,06025,2015-07-01,0.017628571428571427,7,1,FALSE,27.242852783203148,4.2870537503626105,42.857142857142854,97.70178571428572,-0.47799038775564867,-0.5514160131269814,FALSE,FALSE,0,-3.9830587785448976
0-4 km,3474,KCXL,KCXL,CXL,Calexico International Airport,small_airport,06025,2015-08-01,0.022775,8,1,FALSE,29.006238555908226,4.2690147299730965,40.875,97.735,-0.4358357728013841,-0.29657246583050617,FALSE,FALSE,0,-3.739120670550683
0-4 km,3474,KCXL,KCXL,CXL,Calexico International Airport,small_airport,06025,2015-09-01,0.021125,8,1,FALSE,28.31874237060549,3.34073738393732,47.59375,97.5625,0.03266074655367307,-0.3611249504963611,FALSE,FALSE,0,-3.8110470880881437
0-4 km,3474,KCXL,KCXL,CXL,Calexico International Airport,small_airport,06025,2015-10-01,0.0096,3,1,FALSE,20.449995930989605,1.675297031611955,63.666666666666664,97.42166666666667,0.997276336250264,0.01528463482760519,FALSE,FALSE,0,-4.546901277864116
0-4 km,3474,KCXL,KCXL,CXL,Calexico International Airport,small_airport,06025,2015-11-01,0.0094333333333333335,3,1,FALSE,16.558323160807316,4.697742800931279,34.666666666666664,98.0175,-0.6287070312960654,0.1266509630382218,FALSE,FALSE,0,-4.562749470104139
0-4 km,3474,KCXL,KCXL,CXL,Calexico International Airport,small_airport,06025,2015-12-01,0.019700000000000002,2,1,FALSE,14.449990844726585,2.187855223131537,42.75,98.365,-0.30563581855224564,0.057220670380733085,FALSE,FALSE,0,-3.8776215787108135
0-4 km,3474,KCXL,KCXL,CXL,Calexico International Airport,small_airport,06025,2016-01-01,0.005366666666666667,3,1,FALSE,10.816634114583357,3.6541888896552113,47.75,98.41,-0.5990495002480142,0.7877903119224174,FALSE,FALSE,0,-5.056679232597663
0-4 km,3474,KCXL,KCXL,CXL,Calexico International Airport,small_airport,06025,2016-02-01,0.0024,2,1,FALSE,15.97498474121096,3.2484544313887844,35,98.58875,0.028762509201468462,0.9962416483626213,FALSE,FALSE,0,-5.683979847360021
0-4 km,3474,KCXL,KCXL,CXL,Calexico International Airport,small_airport,06025,2016-03-01,0.012,3,1,FALSE,16.183333333333355,4.302528304417663,47.833333333333336,98.25666666666666,-0.36169030471696967,0.13014440523374238,FALSE,FALSE,0,-4.3428059215206005
0-4 km,3474,KCXL,KCXL,CXL,Calexico International Airport,small_airport,06025,2016-04-01,0.008433333333333334,3,1,FALSE,20.791670735677105,4.06398577957583,40.583333333333336,98.0225,-0.5169750568525474,0.4072250749980784,FALSE,FALSE,0,-4.663505763001055
0-4 km,3474,KCXL,KCXL,CXL,Calexico International Airport,small_airport,06025,2016-05-01,0.04,1,1,FALSE,23.899987792968773,1.7720038742213777,41,97.9775,-0.28216642597336444,0.9593654715766134,FALSE,FALSE,0,-3.1941832122778293
0-4 km,3474,KCXL,KCXL,CXL,Calexico International Airport,small_airport,06025,2016-06-01,0.0139,2,1,FALSE,34.01250610351565,3.164029609263147,25.875,97.64,-0.06315369884497174,0.10066533147629847,FALSE,FALSE,0,-4.2063940660307235
0-4 km,3474,KCXL,KCXL,CXL,Calexico International Airport,small_airport,06025,2016-07-01,0.026099999999999998,2,1,FALSE,30.950006103515648,3.5933425326303663,31.25,97.5875,-0.7077375734302884,-0.6740793978274018,FALSE,FALSE,0,-3.6082215510964817
0-4 km,3474,KCXL,KCXL,CXL,Calexico International Airport,small_airport,06025,2016-08-01,0.034633333333333335,3,1,FALSE,29.19166463216148,2.5824799760490578,41.75,97.7375,-0.396528741591663,0.04391957108797775,FALSE,FALSE,0,-3.334473749619247
0-4 km,3474,KCXL,KCXL,CXL,Calexico International Airport,small_airport,06025,2016-09-01,0.0087,2,1,FALSE,26.399987792968773,5.338918085803305,44.5,97.90375,-0.8572020950669039,-0.2717826010792397,FALSE,FALSE,0,-4.6356293934728
0-4 km,3474,KCXL,KCXL,CXL,Calexico International Airport,small_airport,06025,2016-10-01,0.015533333333333333,3,1,FALSE,22.449995930989605,1.4405809410465662,45.583333333333336,97.9275,-0.513541353404728,0.1327812044493287,FALSE,FALSE,0,-4.102376733919365
0-4 km,3474,KCXL,KCXL,CXL,Calexico International Airport,small_airport,06025,2016-11-01,0.0296,2,1,FALSE,21.924981689453148,5.2024746343273804,29.75,98.18375,-0.8135075187607808,0.5090772394280787,FALSE,FALSE,0,-3.486755270023802
0-4 km,3474,KCXL,KCXL,CXL,Calexico International Airport,small_airport,06025,2016-12-01,0.014266666666666667,3,1,FALSE,13.541660563151064,3.1396713052694327,51.5,98.30833333333334,-0.6568954056160389,-0.07774923429117153,FALSE,FALSE,0,-4.182083476530107
0-4 km,3474,KCXL,KCXL,CXL,Calexico International Airport,small_airport,06025,2017-01-01,0.008733333333333333,3,1,FALSE,13.449985758463564,2.630045341579679,56.75,98.46916666666667,0.08890337818307081,0.37893835029186423,FALSE,FALSE,0,-4.632198858376011
0-4 km,3474,KCXL,KCXL,CXL,Calexico International Airport,small_airport,06025,2017-02-01,0.0014,1,1,FALSE,14.475000000000023,2.572084359956622,67.5,98.2025,0.4665477020761303,0.8844960382542606,FALSE,FALSE,0,-6.032286541628237
0-4 km,3474,KCXL,KCXL,CXL,Calexico International Airport,small_airport,06025,2017-03-01,0.010033333333333333,3,1,FALSE,17.874993896484398,5.766927607411715,55.833333333333336,98.14833333333334,-0.9916726353109389,0.09863661410414055,FALSE,FALSE,0,-4.50683428526723
0-4 km,3474,KCXL,KCXL,CXL,Calexico International Airport,small_airport,06025,2017-05-01,0.0057,3,1,FALSE,20.17500203450523,4.521024786499247,41.333333333333336,97.6125,-0.09315563571339007,-0.11942161909691329,FALSE,FALSE,0,-5.005647752585217
0-4 km,3474,KCXL,KCXL,CXL,Calexico International Airport,small_airport,06025,2017-06-01,0.029650000000000003,2,1,FALSE,24.600000000000023,1.7713518011828673,43.875,97.69874999999999,-0.2528667098295328,-0.3971413400372464,FALSE,FALSE,0,-3.4851226165999165
0-4 km,3474,KCXL,KCXL,CXL,Calexico International Airport,small_airport,06025,2017-07-01,0.035333333333333335,3,1,FALSE,27.324995930989605,2.841382096557187,50.083333333333336,97.965,0.03712592444982791,-0.6341429751619417,FALSE,FALSE,0,-3.315019685421103
0-4 km,3474,KCXL,KCXL,CXL,Calexico International Airport,small_airport,06025,2017-08-01,0.00885,2,1,FALSE,28.237481689453148,3.851462643806141,40.875,97.79375,-0.8470835949428079,-0.5032139386532231,FALSE,FALSE,0,-4.62028382379814
0-4 km,3474,KCXL,KCXL,CXL,Calexico International Airport,small_airport,06025,2017-09-01,0.00465,2,1,FALSE,24.087503051757835,3.1998507107217673,60.5,97.81125,-0.1760122431041226,-0.6342397800348283,FALSE,FALSE,0,-5.176099733823787
0-4 km,3474,KCXL,KCXL,CXL,Calexico International Airport,small_airport,06025,2017-10-01,0.004366666666666666,3,1,FALSE,21.374983723958355,3.5061963911017378,35.333333333333336,97.95083333333334,0.010275286425773723,0.31737166322398785,FALSE,FALSE,0,-5.22754829565983
0-4 km,3474,KCXL,KCXL,CXL,Calexico International Airport,small_airport,06025,2017-11-01,0.033166666666666664,3,1,FALSE,21.141656494140648,1.7964826651439028,45.083333333333336,98.0925,-0.8167661137327785,0.5193719186488591,FALSE,FALSE,0,-3.3765047690717838
0-4 km,3474,KCXL,KCXL,CXL,Calexico International Airport,small_airport,06025,2017-12-01,0.02085,2,1,FALSE,12.537469482421898,3.449994175920069,35.625,98.55625,-0.4927073574234167,0.8695930467256601,FALSE,FALSE,0,-3.8235543574405377
0-4 km,3474,KCXL,KCXL,CXL,Calexico International Airport,small_airport,06025,2018-01-01,0.004353333333333333,3,1,FALSE,17.98334147135419,3.869556500029037,32,98.51833333333333,-0.28430947186820077,0.8968340502877693,FALSE,FALSE,0,-5.230035859131631
0-4 km,3474,KCXL,KCXL,CXL,Calexico International Airport,small_airport,06025,2018-02-01,0.00716,2,1,FALSE,15.887490844726585,4.389621817023874,46.75,98.13625,-0.0784048750342613,-0.05758431191627189,FALSE,FALSE,0,-4.808511110006122
0-4 km,3474,KCXL,KCXL,CXL,Calexico International Airport,small_airport,06025,2018-03-01,0.004036666666666667,3,1,FALSE,14.225000000000023,2.597857038361001,58.75,98.1575,0.9212762470436991,-0.16240776267162235,FALSE,FALSE,0,-5.291010791365599
0-4 km,3474,KCXL,KCXL,CXL,Calexico International Airport,small_airport,06025,2018-04-01,0.0063750000000000005,2,1,FALSE,22.274987792968773,4.141846629922167,50.75,97.8775,0.9556940061728691,-0.0779142638996176,FALSE,FALSE,0,-4.909659376756253
0-4 km,3474,KCXL,KCXL,CXL,Calexico International Airport,small_airport,06025,2018-05-01,0.010616666666666667,3,1,FALSE,18.891656494140648,2.9299994535516722,54.25,97.77166666666666,-0.847477080335328,-0.2721971815789183,FALSE,FALSE,0,-4.455314430443714
0-4 km,3474,KCXL,KCXL,CXL,Calexico International Airport,small_airport,06025,2018-06-01,0.012140000000000001,2,1,FALSE,23.749993896484398,2.670238743708823,42.875,97.71000000000001,-0.12621216104696759,-0.38650155629967964,FALSE,FALSE,0,-4.332094265925672
0-4 km,3474,KCXL,KCXL,CXL,Calexico International Airport,small_airport,06025,2018-07-01,0.026099999999999998,2,1,FALSE,30.249993896484398,7.422025405785005,44,97.91,-0.10087894281875603,-0.3467280839227287,FALSE,FALSE,0,-3.6082215510964817
0-4 km,3474,KCXL,KCXL,CXL,Calexico International Airport,small_airport,06025,2018-08-01,0.011559999999999999,3,1,FALSE,29.308323160807316,2.269429191190787,41.583333333333336,97.86,-0.15636518645336417,-0.40978843636327067,FALSE,FALSE,0,-4.377238117942085
0-4 km,3474,KCXL,KCXL,CXL,Calexico International Airport,small_airport,06025,2018-11-01,0.0317,1,1,FALSE,17.649987792968773,0.9384167261333195,53.5,98.5,0.7459372457728578,-0.6660162350639833,FALSE,FALSE,0,-3.4203802010789293
0-4 km,3474,KCXL,KCXL,CXL,Calexico International Airport,small_airport,06025,2018-12-01,0.00574,2,1,FALSE,13.937493896484398,3.9564733574828574,29.625,98.42375,-0.9159891586118265,0.35625510155458373,FALSE,FALSE,0,-4.999695354057922
0-4 km,3474,KCXL,KCXL,CXL,Calexico International Airport,small_airport,06025,2019-02-01,0.02410333333333333,3,1,FALSE,14.224989827473982,2.741667705531771,52.666666666666664,98.22166666666666,-0.13144851645682565,-0.15330362651841087,FALSE,FALSE,0,-3.6847546395369863
0-4 km,3474,KCXL,KCXL,CXL,Calexico International Airport,small_airport,06025,2019-03-01,0.00152,1,1,FALSE,11.749963378906273,4.019951562732401,52,97.895,-0.9950372207451758,0.09950341366865999,FALSE,FALSE,0,-5.983496377458805
0-4 km,3474,KCXL,KCXL,CXL,Calexico International Airport,small_airport,06025,2019-05-01,0.01987,2,1,FALSE,20.587487792968773,2.1734161121767266,51.125,97.75625,-0.3806225769051537,-0.8242332184212925,FALSE,FALSE,0,-3.8694425578930276
0-4 km,3474,KCXL,KCXL,CXL,Calexico International Airport,small_airport,06025,2019-06-01,0.0143,3,1,FALSE,22.108321126302105,1.4850285731800519,47.666666666666664,97.59916666666666,0.14780036628964535,-0.6567047939081886,FALSE,FALSE,0,-4.179902450583747
0-4 km,3474,KCXL,KCXL,CXL,Calexico International Airport,small_airport,06025,2019-07-01,0.024800000000000003,2,1,FALSE,25.975000000000023,3.8254653651897184,36.625,97.8,-0.9197764099409453,-0.388677157254467,FALSE,FALSE,0,-3.6573807870545654
0-4 km,3474,KCXL,KCXL,CXL,Calexico International Airport,small_airport,06025,2019-08-01,0.031166666666666665,3,1,FALSE,28.524987792968773,3.0230687276209043,45.25,97.93,-0.9793949544017387,0.011814316915635031,FALSE,FALSE,0,-3.4368245593053066
0-4 km,3474,KCXL,KCXL,CXL,Calexico International Airport,small_airport,06025,2019-09-01,0.009486666666666668,3,1,FALSE,25.758335367838566,3.902711308696334,44.75,97.77833333333334,-0.9995291590476088,0.02312850388152339,FALSE,FALSE,0,-4.557650670020115
0-4 km,3474,KCXL,KCXL,CXL,Calexico International Airport,small_airport,06025,2019-10-01,0.004235,2,1,FALSE,23.075006103515648,4.601504963260599,26.375,97.80250000000001,-0.6584449920755795,0.6785894452525899,FALSE,FALSE,0,-5.252388434659637
0-4 km,3474,KCXL,KCXL,CXL,Calexico International Airport,small_airport,06025,2019-11-01,0.00699,3,1,FALSE,16.924971516927105,4.769324597250293,52.666666666666664,97.765,-0.4842470973339094,0.17978789919998947,FALSE,FALSE,0,-4.829564519203954
0-4 km,3474,KCXL,KCXL,CXL,Calexico International Airport,small_airport,06025,2019-12-01,0.00506,2,1,FALSE,16.174981689453148,5.035511745113751,51.375,98.245,-0.32690382474580104,-0.2564175596572709,FALSE,FALSE,0,-5.1060454789009135
0-4 km,3474,KCXL,KCXL,CXL,Calexico International Airport,small_airport,06025,2020-01-01,0.014253333333333333,3,1,FALSE,14.558312988281273,4.060848900230354,44.166666666666664,98.64333333333333,0.8347427613076065,0.49855442313080367,FALSE,FALSE,0,-4.182957220578705
0-4 km,3474,KCXL,KCXL,CXL,Calexico International Airport,small_airport,06025,2020-02-01,0.004945000000000001,2,1,FALSE,17.92499694824221,2.42575519495912,41.875,98.04875000000001,-0.2782243336492106,0.1452287332274958,FALSE,FALSE,0,-5.1252047488393915
0-4 km,3474,KCXL,KCXL,CXL,Calexico International Airport,small_airport,06025,2020-03-01,0.00998,2,1,FALSE,16.34998474121096,1.562690476271979,53.375,98.21000000000001,0.95899868063979965,-0.2829603034044992,FALSE,FALSE,0,-4.511679842900753
0-4 km,3474,KCXL,KCXL,CXL,Calexico International Airport,small_airport,06025,2021-04-01,0.0018166666666666667,3,1,FALSE,18.59998982747398,2.375462192314802,44.25,97.99833333333333,0.38860822120344257,0.6269701020391608,FALSE,FALSE,0,-5.872201126281164
0-4 km,3474,KCXL,KCXL,CXL,Calexico International Airport,small_airport,06025,2021-05-01,0.0019950000000000002,2,1,FALSE,17.699990844726585,2.957261155394802,49.5,97.8575,0.8531065392176838,-0.4523027616275378,FALSE,FALSE,0,-5.810811047414724
0-4 km,3474,KCXL,KCXL,CXL,Calexico International Airport,small_airport,06025,2021-06-01,0.013266666666666666,3,1,FALSE,28.733331298828148,3.0157503945620467,33.333333333333336,97.47166666666666,-0.6651650861933694,-0.19170936887594994,FALSE,FALSE,0,-4.249829465062495
0-4 km,3474,KCXL,KCXL,CXL,Calexico International Airport,small_airport,06025,2021-07-01,0.0177,2,1,FALSE,30.812493896484398,1.2405305612890534,40.75,97.62125,-0.03402235821184607,0.7750745578165184,FALSE,FALSE,0,-3.979231755121596
0-4 km,3474,KCXL,KCXL,CXL,Calexico International Airport,small_airport,06025,2021-08-01,0.0021433333333333335,3,1,FALSE,30.241662597656273,1.469694420764179,41.083333333333336,97.95916666666666,0.08203460300365832,0.8806970651966572,FALSE,FALSE,0,-5.762471471004881
0-4 km,3474,KCXL,KCXL,CXL,Calexico International Airport,small_airport,06025,2021-09-01,0.016055,2,1,FALSE,27.962503051757835,2.661923828692713,42.875,97.83375000000001,-0.6330420561961699,0.6744510724199102,FALSE,FALSE,0,-4.071311863111528
0-4 km,3474,KCXL,KCXL,CXL,Calexico International Airport,small_airport,06025,2021-10-01,0.004183333333333333,3,1,FALSE,19.949985758463566,6.978203171925057,41.666666666666664,97.82583333333334,-0.6710377211569779,0.42066585753529445,FALSE,FALSE,0,-5.262306929025003
0-4 km,3474,KCXL,KCXL,CXL,Calexico International Airport,small_airport,06025,2021-11-01,0.225545,2,1,FALSE,20.624993896484398,3.328754463412606,39.25,98.23125,-0.8623333771932646,0.42658464023154163,FALSE,FALSE,0,-1.4848116782957224
0-4 km,3474,KCXL,KCXL,CXL,Calexico International Airport,small_airport,06025,2021-12-01,0.011176666666666666,3,1,FALSE,14.033319091796898,4.234264227537613,58.916666666666664,98.14666666666666,-0.2015624199854442,0.04908610269249131,FALSE,FALSE,0,-4.408233726843056
0-4 km,3474,KCXL,KCXL,CXL,Calexico International Airport,small_airport,06025,2022-01-01,0.016443333333333334,3,1,FALSE,16.124983723958355,1.566252289672727,35.833333333333336,98.44416666666667,-0.7852803578047418,0.4236859863190448,TRUE,FALSE,0,-4.04879774726613
0-4 km,3474,KCXL,KCXL,CXL,Calexico International Airport,small_airport,06025,2022-02-01,0.00352,2,1,FALSE,15.21247253417971,3.699052278683445,45.75,98.12125,0.12126760677131156,-0.014928756730223147,TRUE,FALSE,0,-5.399243285137997
0-4 km,3474,KCXL,KCXL,CXL,Calexico International Airport,small_airport,06025,2022-03-01,0.008,3,1,FALSE,15.791660563151064,2.4201221038913387,51.583333333333336,98.27166666666668,-0.9300043410910633,-0.18069022993826056,TRUE,FALSE,0,-4.710530701645918
0-4 km,3474,KCXL,KCXL,CXL,Calexico International Airport,small_airport,06025,2022-04-01,0.0076100000000000004,2,1,FALSE,16.387506103515648,3.553604838964307,58.375,97.87875,0.2250025226673758,-0.16837583513391707,TRUE,FALSE,0,-4.754830960542498
0-4 km,3474,KCXL,KCXL,CXL,Calexico International Airport,small_airport,06025,2022-05-01,0.0038766666666666667,3,1,FALSE,21.075006103515648,3.5443233496629407,48.416666666666664,97.6825,-0.3901059479305302,-0.3985727651951067,TRUE,FALSE,0,-5.323293352618214
0-4 km,3474,KCXL,KCXL,CXL,Calexico International Airport,small_airport,06025,2022-06-01,0.010920000000000001,2,1,FALSE,29.100000000000023,0.8134963069606258,33.5,97.71625,-0.8023887850053617,0.04001897472046295,TRUE,FALSE,0,-4.429537617344933
0-4 km,3474,KCXL,KCXL,CXL,Calexico International Airport,small_airport,06025,2022-07-01,0.017153333333333333,3,1,FALSE,27.17499186197919,4.699094723817221,42.5,97.77833333333334,-0.9104469708262871,0.14457336322886205,TRUE,FALSE,0,-4.008901080404633
0-4 km,3474,KCXL,KCXL,CXL,Calexico International Airport,small_airport,06025,2022-08-01,0.005435000000000001,2,1,FALSE,27.837487792968773,0.9963018620398287,50.25,97.9225,-0.32729929397320423,-0.636003874286138,TRUE,FALSE,0,-5.046003437934047
0-4 km,3474,KCXL,KCXL,CXL,Calexico International Airport,small_airport,06025,2022-09-01,0.005706666666666666,3,1,FALSE,29.216658528645855,6.576789745548617,42.5,97.64416666666666,-0.6337601502359439,-0.07690088216293826,TRUE,FALSE,0,-5.004653222418709
0-4 km,3474,KCXL,KCXL,CXL,Calexico International Airport,small_airport,06025,2022-10-01,0.006295,2,1,FALSE,25.337487792968773,2.0224500374410583,43.875,98.13624999999999,-0.5686473521334396,0.8220015735069994,TRUE,FALSE,0,-4.920566097007388
0-4 km,3474,KCXL,KCXL,CXL,Calexico International Airport,small_airport,06025,2022-11-01,0.008663333333333334,3,1,FALSE,17.433323160807316,3.549944933474494,39.333333333333336,98.23916666666666,-0.4188049265928717,0.07253409413443065,TRUE,FALSE,0,-4.639416624716683
0-4 km,3474,KCXL,KCXL,CXL,Calexico International Airport,small_airport,06025,2022-12-01,0.007015,2,1,FALSE,10.987512207031273,3.5312960808879272,60.875,98.22125,0.07655697983732768,0.2009136944413903,TRUE,FALSE,0,-4.826440492920621
0-4 km,3474,KCXL,KCXL,CXL,Calexico International Airport,small_airport,06025,2023-01-01,0.00546,3,1,FALSE,12.608310953776064,4.005326108234845,55.75,98.6775,-0.3273402490186824,0.7086010357415926,TRUE,FALSE,0,-5.042125961187627
0-4 km,3474,KCXL,KCXL,CXL,Calexico International Airport,small_airport,06025,2023-02-01,0.019465,2,1,FALSE,14.024987792968773,3.242161055041696,33.375,98.51875000000001,0.6657275274433374,0.6266492064082219,TRUE,FALSE,0,-3.889039169037771
0-4 km,3474,KCXL,KCXL,CXL,Calexico International Airport,small_airport,06025,2023-03-01,0.0032533333333333333,3,1,FALSE,13.633335367838564,2.641636180239187,66,98.21666666666667,-0.4405013159832676,-0.21327514370975778,TRUE,FALSE,0,-5.4600522897336035
0-4 km,3474,KCXL,KCXL,CXL,Calexico International Airport,small_airport,06025,2023-04-01,0.004823333333333333,3,1,FALSE,18.65832926432294,3.483334425343912,39.5,97.945,0.20081082462484168,0.08200864850864753,TRUE,FALSE,0,-5.145882443504282
0-4 km,3474,KCXL,KCXL,CXL,Calexico International Airport,small_airport,06025,2023-05-01,0.00447,2,1,FALSE,20.699975585937523,1.9980124339151597,48.375,97.805,0.7247493182351519,-0.6844311854155534,TRUE,FALSE,0,-5.2084766625482475
0-4 km,3474,KCXL,KCXL,CXL,Calexico International Airport,small_airport,06025,2023-06-01,0.0066033333333333335,3,1,FALSE,23.058323160807316,2.2919469985997223,45.166666666666664,97.68833333333333,-0.24215689636215568,-0.10257918812560973,TRUE,FALSE,0,-4.87916853135395
0-4 km,3474,KCXL,KCXL,CXL,Calexico International Airport,small_airport,06025,2023-07-01,0.00938,2,1,FALSE,29.98749694824221,1.9101090605195492,36.375,97.7825,0.9671740234901265,0.011309648677514841,TRUE,FALSE,0,-4.567874401244395
0-4 km,3474,KCXL,KCXL,CXL,Calexico International Airport,small_airport,06025,2023-08-01,0.0037333333333333333,3,1,FALSE,31.783319091796898,3.733808021950402,32.083333333333336,97.7225,-0.27855752433624664,0.1434830183508991,TRUE,FALSE,0,-5.353125603043032
0-4 km,3474,KCXL,KCXL,CXL,Calexico International Airport,small_airport,06025,2023-09-01,0.005595,2,1,FALSE,26.624963378906273,2.7148833415069022,46.125,97.83875,-0.07937962709128893,0.18601806275063404,TRUE,FALSE,0,-5.0214434928128595
0-4 km,3474,KCXL,KCXL,CXL,Calexico International Airport,small_airport,06025,2023-10-01,0.004633333333333333,3,1,FALSE,20.53332926432294,2.687995022754145,54.083333333333336,98.03333333333333,-0.5214994637746289,0.29830582048518467,TRUE,FALSE,0,-5.179053945721219
0-4 km,3474,KCXL,KCXL,CXL,Calexico International Airport,small_airport,06025,2023-11-01,0.00255,2,1,FALSE,16.074990844726585,3.045115602700199,60,98.1825,-0.5020867104268523,0.7693695278616436,TRUE,FALSE,0,-5.640807675494813
0-4 km,3474,KCXL,KCXL,CXL,Calexico International Airport,small_airport,06025,2023-12-01,0.008643333333333333,3,1,FALSE,11.366652425130232,2.7716785861895654,63.5,98.5175,0.6851412041506169,0.3241882767450426,TRUE,FALSE,0,-4.641488448662203
0-4 km,3474,KCXL,KCXL,CXL,Calexico International Airport,small_airport,06025,2024-01-01,0.010353333333333334,3,1,FALSE,15.824995930989607,2.3686641472184573,59,98.185,-0.6125828884233774,-0.6357530483046427,TRUE,FALSE,0,-4.478243892415705
0-4 km,3474,KCXL,KCXL,CXL,Calexico International Airport,small_airport,06025,2024-02-01,0.00234,2,1,FALSE,14.949990844726585,6.133439283601996,49.75,98.40875,-0.8384355900099094,0.5010604166960031,TRUE,FALSE,0,-5.701784471993528
0-4 km,3474,KCXL,KCXL,CXL,Calexico International Airport,small_airport,06025,2024-03-01,0.003456666666666667,3,1,FALSE,14.791650390625023,2.9288801225438896,64.25,97.74583333333334,-0.07827506419117004,0.1422781208479635,TRUE,FALSE,0,-5.413354176536395
0-4 km,3474,KCXL,KCXL,CXL,Calexico International Airport,small_airport,06025,2024-04-01,0.00822,2,1,FALSE,21.725000000000023,2.98957283293235,38.75,97.78125,0.07480064462025676,-0.2814295323309036,TRUE,FALSE,0,-4.686380241413635
0-4 km,3474,KCXL,KCXL,CXL,Calexico International Airport,small_airport,06025,2024-05-01,0.00545,3,1,FALSE,19.65833943684898,3.2603969532152273,50.416666666666664,97.86416666666666,0.3223839977504297,0.07384030421873328,TRUE,FALSE,0,-5.043675148174456
0-4 km,3474,KCXL,KCXL,CXL,Calexico International Airport,small_airport,06025,2024-06-01,0.007005,2,1,FALSE,26.799981689453148,1.350774636998218,45.375,97.67125,0.3964373781315616,0.3916388563885419,TRUE,FALSE,0,-4.827688932533459
0-4 km,3474,KCXL,KCXL,CXL,Calexico International Airport,small_airport,06025,2024-07-01,0.021173333333333332,3,1,FALSE,27.933312988281273,2.4720983203337754,41.75,97.77666666666667,0.3251806155231473,-0.013114715746882777,TRUE,FALSE,0,-3.80886491332552
0-4 km,3474,KCXL,KCXL,CXL,Calexico International Airport,small_airport,06025,2024-08-01,0.012450000000000001,2,1,FALSE,29.824975585937523,2.4253879542554175,45.5,97.78999999999999,0.3067678245990809,-0.2305335018660727,TRUE,FALSE,0,-4.308776172934289
0-4 km,3474,KCXL,KCXL,CXL,Calexico International Airport,small_airport,06025,2024-09-01,0.008576666666666666,3,1,FALSE,25.491672770182316,2.523790131268684,50.25,97.64833333333334,-0.07680521723317792,0.32020086856389496,TRUE,FALSE,0,-4.648425694659048
0-4 km,3474,KCXL,KCXL,CXL,Calexico International Airport,small_airport,06025,2024-10-01,0.01193,2,1,FALSE,23.575006103515648,3.592852348343966,31.5,98.07249999999999,-0.26489751772096104,0.7288099704125839,TRUE,FALSE,0,-4.348205086198371
0-4 km,3474,KCXL,KCXL,CXL,Calexico International Airport,small_airport,06025,2024-11-01,0.020776666666666666,3,1,FALSE,17.84998982747398,1.9772048991996105,40.25,98.15416666666667,0.5526485820665131,0.27023708143489894,TRUE,FALSE,0,-3.826916218797588
0-4 km,3474,KCXL,KCXL,CXL,Calexico International Airport,small_airport,06025,2024-12-01,0.0173,2,1,FALSE,17.78748474121096,1.6105262424395388,33.875,98.4625,-0.7068286868888332,0.5694006985572215,TRUE,FALSE,0,-4.000854219134761
0-4 km,3474,KCXL,KCXL,CXL,Calexico International Airport,small_airport,06025,2025-01-01,0.0081,1,1,FALSE,12.624993896484398,3.6865462120316423,53.75,98.375,-0.2441313560485445,0.9697421724323939,TRUE,FALSE,0,-4.699480865459333
0-4 km,3644,KLGB,KLGB,LGB,Long Beach International Airport,large_airport,06037,2000-01-01,0.050555555555555555,9,1,FALSE,9.189999728732662,4.004121131670435,66.41666666666667,92.07333333333334,0.08538051592362146,-0.1511175538015891,FALSE,FALSE,0,-2.965095304092101
0-4 km,3644,KLGB,KLGB,LGB,Long Beach International Airport,large_airport,06037,2000-02-01,0.036833333333333336,6,1,FALSE,6.830000813802106,4.851000899014915,82.375,91.89333333333335,-0.3588503399998051,0.02946770499452041,FALSE,FALSE,0,-3.2745647307287893
0-4 km,3644,KLGB,KLGB,LGB,Long Beach International Airport,large_airport,06037,2000-03-01,0.0282,10,1,FALSE,12.34100036621096,3.166462585212106,54.6,91.693,0.1673370211688796,0.15428905465453346,FALSE,FALSE,0,-3.533586569707901
0-4 km,3644,KLGB,KLGB,LGB,Long Beach International Airport,large_airport,06037,2000-04-01,0.013625,8,1,FALSE,14.857499694824241,3.2203758835580025,49.46875,91.7025,-0.17626637468262785,-0.3117154207107099,FALSE,FALSE,0,-4.225022885864217
0-4 km,3644,KLGB,KLGB,LGB,Long Beach International Airport,large_airport,06037,2000-05-01,0.014714285714285714,7,1,FALSE,17.962867082868325,3.289304135441263,41.892857142857146,91.52714285714286,0.25653306857647684,-0.13774216950568435,FALSE,FALSE,0,-4.153185062245034
0-4 km,3644,KLGB,KLGB,LGB,Long Beach International Airport,large_airport,06037,2000-06-01,0.014624999999999999,8,1,FALSE,22.346246337890648,3.5131612814250293,39.84375,91.505,-0.6655396794721089,-0.6307780661183838,FALSE,FALSE,0,-4.1588830833596715
0-4 km,3644,KLGB,KLGB,LGB,Long Beach International Airport,large_airport,06037,2000-07-01,0.01657142857142857,7,1,FALSE,22.844297572544665,6.282238290019061,38,91.67142857142858,-0.15134830904150545,-0.30402426179753395,FALSE,FALSE,0,-4.041481072665033
0-4 km,3644,KLGB,KLGB,LGB,Long Beach International Airport,large_airport,06037,2000-08-01,0.021125,8,1,FALSE,24.681253051757835,3.44141442375338,38.65625,91.65375,-0.5073605885013169,-0.6032129792398582,FALSE,FALSE,0,-3.8110470880881437
0-4 km,3644,KLGB,KLGB,LGB,Long Beach International Airport,large_airport,06037,2000-09-01,0.023714285714285716,7,1,FALSE,21.188579450334846,3.8480335218485497,47.607142857142854,91.32142857142857,0.838615224938098,-0.45205037780917673,FALSE,FALSE,0,-3.7003738335396714
0-4 km,3644,KLGB,KLGB,LGB,Long Beach International Airport,large_airport,06037,2000-10-01,0.00875,4,1,FALSE,16.710000610351585,3.6709500510379596,57,91.47,-0.8334913688580963,-0.1518560879201633,FALSE,FALSE,0,-4.630487993972381
0-4 km,3644,KLGB,KLGB,LGB,Long Beach International Airport,large_airport,06037,2000-11-01,0.04,2,1,FALSE,14.570001220703148,1.6985003906186473,31.625,92.07499999999999,0.7837259094463449,-0.6204279653801745,FALSE,FALSE,0,-3.1941832122778293
0-4 km,3644,KLGB,KLGB,LGB,Long Beach International Airport,large_airport,06037,2000-12-01,0.0195,8,1,FALSE,9.96875915527346,2.8762790225213184,49.28125,92.025,-0.27881182041801517,0.14180346285003306,FALSE,FALSE,0,-3.8873303928377747
0-4 km,3644,KLGB,KLGB,LGB,Long Beach International Airport,large_airport,06037,2001-01-01,0.04,9,1,FALSE,5.986671278211828,4.51353826629932,53.4433339436849,92.10555555555555,0.6655650528991074,0.36509280876246547,FALSE,FALSE,0,-3.1941832122778293
0-4 km,3644,KLGB,KLGB,LGB,Long Beach International Airport,large_airport,06037,2001-02-01,0.020166666666666666,6,1,FALSE,7.596658325195335,4.3243028384146225,69.29166666666667,91.42833333333334,0.3659651217982013,-0.35574601556002267,FALSE,FALSE,0,-3.8553276617516006
0-4 km,3644,KLGB,KLGB,LGB,Long Beach International Airport,large_airport,06037,2001-03-01,0.031125,8,1,FALSE,13.21875915527346,1.876783208808181,62.1875,91.76875,0.32434821205347164,-0.23058426516907227,FALSE,FALSE,0,-3.4381207357667534
0-4 km,3644,KLGB,KLGB,LGB,Long Beach International Airport,large_airport,06037,2001-04-01,0.0233,10,1,FALSE,14.341998291015647,3.3721186823393117,49.7990005493164,91.621,0.08182701108373527,-0.3701066620284983,FALSE,FALSE,0,-3.717278928635634
0-4 km,3644,KLGB,KLGB,LGB,Long Beach International Airport,large_airport,06037,2001-05-01,0.0148,10,1,FALSE,21.011999511718773,4.836052927117581,35.975,91.68,0.26588971176554,-0.20332443397847028,FALSE,FALSE,0,-4.147745338949216
0-4 km,3644,KLGB,KLGB,LGB,Long Beach International Airport,large_airport,06037,2001-06-01,0.020142857142857143,7,1,FALSE,21.639999825613863,4.198971747637624,39.857142857142854,91.54571428571428,0.02713291859630091,-0.6150300055076272,FALSE,FALSE,0,-3.856453154273335
0-4 km,3644,KLGB,KLGB,LGB,Long Beach International Airport,large_airport,06037,2001-07-01,0.0255,8,1,FALSE,21.693738555908226,3.8313239572924047,40,91.63875,-0.17649025063065799,-0.6495940698810173,FALSE,FALSE,0,-3.6306105459899607
0-4 km,3644,KLGB,KLGB,LGB,Long Beach International Airport,large_airport,06037,2001-08-01,0.014,7,1,FALSE,22.707147216796898,4.225030503654587,38.642857142857146,91.64142857142856,0.08162291304757607,-0.4972634083511488,FALSE,FALSE,0,-4.199705077879927
0-4 km,3644,KLGB,KLGB,LGB,Long Beach International Airport,large_airport,06037,2001-09-01,0.03685714285714286,7,1,FALSE,21.917156110491096,4.801834056987957,43.357142857142854,91.51714285714286,0.25789576886482174,-0.4828345074700094,FALSE,FALSE,0,-3.2739356020512282
0-4 km,3644,KLGB,KLGB,LGB,Long Beach International Airport,large_airport,06037,2001-10-01,0.01625,8,1,FALSE,17.071252441406273,3.1998085910802043,47.03125,91.73125,-0.02496745683230525,0.06844254580133753,FALSE,FALSE,0,-4.059943135504768
0-4 km,3644,KLGB,KLGB,LGB,Long Beach International Airport,large_airport,06037,2001-11-01,0.025,9,1,FALSE,13.054450819227453,3.307588019893506,54.833333333333336,91.87,0.1406053394374475,0.3360701198996611,FALSE,FALSE,0,-3.649658740960655
0-4 km,3644,KLGB,KLGB,LGB,Long Beach International Airport,large_airport,06037,2001-12-01,0.02542857142857143,7,1,FALSE,8.41000627790181,4.007030587055454,58.57142857142857,91.61857142857143,0.07665748273637842,-0.2911017346402585,FALSE,FALSE,0,-3.6333096029591254
0-4 km,3644,KLGB,KLGB,LGB,Long Beach International Airport,large_airport,06037,2002-01-01,0.028,7,1,FALSE,11.241440255301361,2.562891417774868,41.92857142857143,91.89714285714285,-0.03138432556527019,-0.23045920175685153,FALSE,FALSE,0,-3.540459448995663
0-4 km,3644,KLGB,KLGB,LGB,Long Beach International Airport,large_airport,06037,2002-02-01,0.019285714285714285,7,1,FALSE,9.131433105468773,3.175850462640558,49.57142857142857,92.13428571428571,0.5597563438448984,0.5616954217619533,FALSE,FALSE,0,-3.89783837043619
0-4 km,3644,KLGB,KLGB,LGB,Long Beach International Airport,large_airport,06037,2002-03-01,0.01425,8,1,FALSE,9.148755645751976,4.386094700857541,42.5,91.98125,0.38520334370969,0.3537970743248054,FALSE,FALSE,0,-4.183175775928716
0-4 km,3644,KLGB,KLGB,LGB,Long Beach International Airport,large_airport,06037,2002-04-01,0.010375,8,1,FALSE,14.625005340576195,3.2066893229258207,50.28125,91.535,-0.11527156975569355,-0.16325245628649834,FALSE,FALSE,0,-4.476337314145123
0-4 km,3644,KLGB,KLGB,LGB,Long Beach International Airport,large_airport,06037,2002-05-01,0.00875,8,1,FALSE,15.812501525878929,2.6690708037896167,46.21875,91.4725,0.9580413864082931,-0.20873166594979917,FALSE,FALSE,0,-4.630487993972381
0-4 km,3644,KLGB,KLGB,LGB,Long Beach International Airport,large_airport,06037,2002-06-01,0.007142857142857143,7,1,FALSE,23.32286551339288,4.059783417942545,35.142857142857146,91.30285714285714,0.49293141749644326,-0.5135711503206813,FALSE,FALSE,0,-4.8106141602029
0-4 km,3644,KLGB,KLGB,LGB,Long Beach International Airport,large_airport,06037,2002-07-01,0.013888888888888888,9,1,FALSE,25.608887396918426,4.488430224789328,33.44444444444444,91.71111111111111,0.06495682282182885,-0.5607125369957447,FALSE,FALSE,0,-4.207140056367445
0-4 km,3644,KLGB,KLGB,LGB,Long Beach International Airport,large_airport,06037,2002-08-01,0.010125,8,1,FALSE,22.236257171630882,4.312427322451213,34.375,91.54625,0.24937179059304782,-0.5041609747848274,FALSE,FALSE,0,-4.498560450929833
0-4 km,3644,KLGB,KLGB,LGB,Long Beach International Airport,large_airport,06037,2002-09-01,0.013,7,1,FALSE,23.16572178431922,5.906359518849334,34.67857142857143,91.47142857142858,-0.13896497629668075,-0.07081391735467378,FALSE,FALSE,0,-4.268697949366879
0-4 km,3644,KLGB,KLGB,LGB,Long Beach International Airport,large_airport,06037,2002-10-01,0.014,5,1,FALSE,14.850012207031273,4.396649523734049,47.7,91.492,-0.8910072529273703,-0.1225199086258032,FALSE,FALSE,0,-4.199705077879927
0-4 km,3644,KLGB,KLGB,LGB,Long Beach International Airport,large_airport,06037,2002-11-01,0.016,7,1,FALSE,14.264293561662969,3.7084533852350448,38.464285714285715,91.97857142857143,-0.3665867111028189,0.5164057684982873,FALSE,FALSE,0,-4.074541934925921
0-4 km,3644,KLGB,KLGB,LGB,Long Beach International Airport,large_airport,06037,2002-12-01,0.022142857142857145,7,1,FALSE,8.827146693638415,3.3178327207032163,64.57142857142857,91.94857142857143,-0.3537460834667459,0.0015260335764134547,FALSE,FALSE,0,-3.766069092805066
0-4 km,3644,KLGB,KLGB,LGB,Long Beach International Airport,large_airport,06037,2003-01-01,0.022222222222222223,9,1,FALSE,11.985552300347244,3.569595104838637,56.19444444444444,92.11888888888889,0.5381342102512966,0.10962312237573443,FALSE,FALSE,0,-3.7626456043535454
0-4 km,3644,KLGB,KLGB,LGB,Long Beach International Airport,large_airport,06037,2003-02-01,0.010857142857142857,7,1,FALSE,9.491435895647344,1.9060468245602311,61.67857142857143,91.43285714285715,0.4542968486600731,0.18233350173573656,FALSE,FALSE,0,-4.434824820240852
0-4 km,3644,KLGB,KLGB,LGB,Long Beach International Airport,large_airport,06037,2003-03-01,0.008,5,1,FALSE,11.554010009765648,3.484309495110895,53.25,91.478,0.41325344232545136,-0.07569297511415915,FALSE,FALSE,0,-4.710530701645918
0-4 km,3644,KLGB,KLGB,LGB,Long Beach International Airport,large_airport,06037,2003-04-01,0.012,5,1,FALSE,11.741998291015648,2.2068458044874517,53.8,91.482,0.07140248362227428,-0.4186963361562376,FALSE,FALSE,0,-4.3428059215206005
0-4 km,3644,KLGB,KLGB,LGB,Long Beach International Airport,large_airport,06037,2003-05-01,0.008,5,1,FALSE,16.832006835937523,3.942781823712285,45.2,91.488,0.10110585853755436,0.0018090462112375194,FALSE,FALSE,0,-4.710530701645918
0-4 km,3644,KLGB,KLGB,LGB,Long Beach International Airport,large_airport,06037,2003-06-01,0.01,5,1,FALSE,21.72400512695315,4.539668842732924,37.4,91.386,0.5790324300760002,-0.16028866641615325,FALSE,FALSE,0,-4.509860006183766
0-4 km,3644,KLGB,KLGB,LGB,Long Beach International Airport,large_airport,06037,2003-07-01,0.006,5,1,FALSE,25.883996582031273,2.598087245802609,30.05,91.63,-0.25686165755295903,-0.38537489108910344,FALSE,FALSE,0,-4.961845129926823
0-4 km,3644,KLGB,KLGB,LGB,Long Beach International Airport,large_airport,06037,2003-08-01,0.015000000000000001,12,2,FALSE,24.97749989827476,4.188294069848114,34.729166666666664,91.68416666666667,-0.5586647885753204,-0.3820660614780865,FALSE,FALSE,0,-4.135166556742356
0-4 km,3644,KLGB,KLGB,LGB,Long Beach International Airport,large_airport,06037,2003-09-01,0.026,10,2,FALSE,23.787994384765646,3.732591805350713,30.8,91.614,-0.47935397202479557,-0.053843418484122364,FALSE,FALSE,0,-3.611918412977808
0-4 km,3644,KLGB,KLGB,LGB,Long Beach International Airport,large_airport,06037,2003-10-01,0.047,10,2,FALSE,19.918005371093773,4.334883236463958,37.7,91.54,-0.5306096332720355,-0.1311713903091244,FALSE,FALSE,0,-3.036554268074246
0-4 km,3644,KLGB,KLGB,LGB,Long Beach International Airport,large_airport,06037,2003-11-01,0.045,8,2,FALSE,9.312497711181663,4.270724463286071,40.40625,91.99375,-0.35193925871509146,0.23938064189398617,FALSE,FALSE,0,-3.079113882493042
0-4 km,3644,KLGB,KLGB,LGB,Long Beach International Airport,large_airport,06037,2003-12-01,0.099,10,2,FALSE,9.258001708984398,1.6061066037558864,40.95,92.062,-0.2713446297405997,0.051798074284946746,FALSE,FALSE,0,-2.3025850929940455
0-4 km,3644,KLGB,KLGB,LGB,Long Beach International Airport,large_airport,06037,2004-01-01,0.014,10,2,FALSE,7.397998046875022,5.310843065326175,48.7,92.05799999999999,0.32148260875212975,0.1457635799853557,FALSE,FALSE,0,-4.199705077879927
0-4 km,3644,KLGB,KLGB,LGB,Long Beach International Airport,large_airport,06037,2004-02-01,0.01,10,2,FALSE,6.267993164062522,4.190077498721498,71.5,91.638,0.9227866802995011,-0.05500751898658636,FALSE,FALSE,0,-4.509860006183766
0-4 km,3644,KLGB,KLGB,LGB,Long Beach International Airport,large_airport,06037,2004-03-01,0.012727272727272728,11,2,FALSE,16.63636030717332,3.60812685046928,41.25,91.68454545454546,0.5703335247056093,0.48646522532693526,FALSE,FALSE,0,-4.288370714965583
0-4 km,3644,KLGB,KLGB,LGB,Long Beach International Airport,large_airport,06037,2004-04-01,0.012,10,2,FALSE,15.862005615234398,1.1034324158681192,50,91.638,-0.1405182147160256,-0.20682391906744774,FALSE,FALSE,0,-4.3428059215206005
0-4 km,3644,KLGB,KLGB,LGB,Long Beach International Airport,large_airport,06037,2004-05-01,0.011,10,2,FALSE,19.281994628906272,2.6724306093990857,38.95,91.57,-0.03214803814270126,-0.6668393825499035,FALSE,FALSE,0,-4.422848629194137
0-4 km,3644,KLGB,KLGB,LGB,Long Beach International Airport,large_airport,06037,2004-06-01,0.009000000000000001,10,2,FALSE,21.461999511718773,3.964117588055085,35.85,91.404,0.40414774259508085,-0.602744387877716,FALSE,FALSE,0,-4.605170185988091
0-4 km,3644,KLGB,KLGB,LGB,Long Beach International Airport,large_airport,06037,2004-07-01,0.011,10,2,FALSE,23.56799926757815,2.4931946619546874,36.2,91.686,0.18355737458013768,-0.728318147084757,FALSE,FALSE,0,-4.422848629194137
0-4 km,3644,KLGB,KLGB,LGB,Long Beach International Airport,large_airport,06037,2004-08-01,0.009166666666666667,12,2,FALSE,24.275003051757835,3.274315044861209,33.875,91.68333333333334,-0.09121274001625876,-0.5323026369505679,FALSE,FALSE,0,-4.588640884036881
0-4 km,3644,KLGB,KLGB,LGB,Long Beach International Airport,large_airport,06037,2004-09-01,0.01,10,2,FALSE,21.67000122070315,3.3388477790405413,39.6,91.53399999999999,0.44319634580748796,-0.41830982445268133,FALSE,FALSE,0,-4.509860006183766
0-4 km,3644,KLGB,KLGB,LGB,Long Beach International Airport,large_airport,06037,2004-10-01,0.014444444444444446,9,2,FALSE,14.571110026041689,2.546055978641768,60.27777777777778,91.63555555555556,0.10940763529906788,0.26521828349295,FALSE,FALSE,0,-4.1705059231876644
0-4 km,3644,KLGB,KLGB,LGB,Long Beach International Airport,large_airport,06037,2004-11-01,0.017,10,2,FALSE,9.294006347656273,2.9053190548597327,54.9,92.092,-0.4286050787818372,0.3901088847728448,FALSE,FALSE,0,-4.017383521085972
0-4 km,3644,KLGB,KLGB,LGB,Long Beach International Airport,large_airport,06037,2004-12-01,0.012222222222222223,9,2,FALSE,9.641103786892383,5.63461599067746,48,91.91111111111111,-0.3264707321241861,0.09437667879472557,FALSE,FALSE,0,-4.325856363206827
0-4 km,3644,KLGB,KLGB,LGB,Long Beach International Airport,large_airport,06037,2005-01-01,0.012222222222222223,9,2,FALSE,9.205550130208357,4.502267271495677,80.80555555555556,91.79666666666667,0.41093488072612305,0.059302353298734026,FALSE,FALSE,0,-4.325856363206827
0-4 km,3644,KLGB,KLGB,LGB,Long Beach International Airport,large_airport,06037,2005-02-01,0.012222222222222223,9,2,FALSE,8.716665310329883,4.846902345789199,72.72222222222223,91.86111111111111,-1.220887622672448e-4,0.25162574752389166,FALSE,FALSE,0,-4.325856363206827
0-4 km,3644,KLGB,KLGB,LGB,Long Beach International Airport,large_airport,06037,2005-03-01,0.008,10,2,FALSE,11.594000244140648,4.369715361275647,62.6,91.54,0.6743788551230494,-0.06444657423742567,FALSE,FALSE,0,-4.710530701645918
0-4 km,3644,KLGB,KLGB,LGB,Long Beach International Airport,large_airport,06037,2005-04-01,0.009000000000000001,10,2,FALSE,13.277001953125023,3.9682816395669254,47.125,91.578,0.01481963973104269,-0.41885323912152544,FALSE,FALSE,0,-4.605170185988091
0-4 km,3644,KLGB,KLGB,LGB,Long Beach International Airport,large_airport,06037,2005-05-01,0.012,10,2,FALSE,18.86199951171877,4.935774817881685,44.35,91.424,0.5629665071978207,-0.4605179921871401,FALSE,FALSE,0,-4.3428059215206005
0-4 km,3644,KLGB,KLGB,LGB,Long Beach International Airport,large_airport,06037,2005-06-01,0.01,10,2,FALSE,19.994006347656274,3.913333570642564,42,91.33,-0.019735080277600448,-0.5219986091439551,FALSE,FALSE,0,-4.509860006183766
0-4 km,3644,KLGB,KLGB,LGB,Long Beach International Airport,large_airport,06037,2005-07-01,0.009000000000000001,10,2,FALSE,25.985998535156273,3.2197023781295924,34.6,91.548,0.17302811843601734,-0.7246797571140197,FALSE,FALSE,0,-4.605170185988091
0-4 km,3644,KLGB,KLGB,LGB,Long Beach International Airport,large_airport,06037,2005-08-01,0.009000000000000001,10,2,FALSE,24.144006347656273,3.037311549012747,37.35,91.67,0.10247150461351388,-0.6148518785602449,FALSE,FALSE,0,-4.605170185988091
0-4 km,3644,KLGB,KLGB,LGB,Long Beach International Airport,large_airport,06037,2005-09-01,0.009000000000000001,10,2,FALSE,19.226007080078148,2.116600387498806,35.3,91.59,-0.08055310112820184,-0.3668923497682193,FALSE,FALSE,0,-4.605170185988091
0-4 km,3644,KLGB,KLGB,LGB,Long Beach International Airport,large_airport,06037,2005-10-01,0.014545454545454545,11,2,FALSE,17.360919744318206,5.711551993577416,41.27272727272727,91.87454545454545,-0.21722420304358367,-0.027164483097234737,FALSE,FALSE,0,-4.163986995277848
0-4 km,3644,KLGB,KLGB,LGB,Long Beach International Airport,large_airport,06037,2005-11-01,0.012,10,2,FALSE,13.893994140625022,5.484086482906079,43.85,91.906,-0.596904085797904,-0.022189606835612597,FALSE,FALSE,0,-4.3428059215206005
0-4 km,3644,KLGB,KLGB,LGB,Long Beach International Airport,large_airport,06037,2005-12-01,0.01,10,2,FALSE,9.742004394531273,4.612142471559612,42.4,92.03999999999999,0.13909943140077125,0.15897419717672498,FALSE,FALSE,0,-4.509860006183766
0-4 km,3644,KLGB,KLGB,LGB,Long Beach International Airport,large_airport,06037,2006-01-01,0.011111111111111112,9,2,FALSE,9.391110568576412,4.746107216274027,33.111111111111114,92.38,0.29842637683968654,0.44480218780560976,FALSE,FALSE,0,-4.4136319740892125
0-4 km,3644,KLGB,KLGB,LGB,Long Beach International Airport,large_airport,06037,2006-02-01,0.0077777777777777776,9,2,FALSE,10.206662326388912,4.672396717183323,46.97222222222222,91.84,0.11014702896324725,0.3172408111710966,FALSE,FALSE,0,-4.735532003851335
0-4 km,3644,KLGB,KLGB,LGB,Long Beach International Airport,large_airport,06037,2006-03-01,0.006,10,2,FALSE,8.098010253906272,2.714753239083788,64.75,91.568,0.18169841086196817,-0.44734173893740703,FALSE,FALSE,0,-4.961845129926823
0-4 km,3644,KLGB,KLGB,LGB,Long Beach International Airport,large_airport,06037,2006-04-01,0,10,2,FALSE,10.574005126953148,4.433243724187639,71.75,91.494,-0.2459848957493796,-0.19999055145322064,FALSE,FALSE,0,-6.907755278982137
0-4 km,3644,KLGB,KLGB,LGB,Long Beach International Airport,large_airport,06037,2006-05-01,0.003,10,2,FALSE,18.885998535156272,2.2854016593587425,39.9,91.674,-0.1745442060206379,0.04282872726965097,FALSE,FALSE,0,-5.521460917862246
0-4 km,3644,KLGB,KLGB,LGB,Long Beach International Airport,large_airport,06037,2006-06-01,0.005,10,2,FALSE,24.551013183593774,4.422558620326627,32.525,91.524,0.6478403458817582,-0.3761279219094149,FALSE,FALSE,0,-5.115995809754082
0-4 km,3644,KLGB,KLGB,LGB,Long Beach International Airport,large_airport,06037,2006-07-01,0.005555555555555556,9,2,FALSE,27.75111965603301,5.7459571799860525,30.47222222222222,91.66666666666667,-0.48852810430360016,-0.3853956789951317,FALSE,FALSE,0,-5.027442412412637
0-4 km,3644,KLGB,KLGB,LGB,Long Beach International Airport,large_airport,06037,2006-08-01,0.0018181818181818182,11,2,FALSE,24.06454967151991,4.1564349102710425,32.18181818181818,91.67818181818181,0.19495088729102908,-0.187679773216254,FALSE,FALSE,0,-5.871663347295361
0-4 km,3644,KLGB,KLGB,LGB,Long Beach International Airport,large_airport,06037,2006-09-01,0,10,2,FALSE,22.562005615234398,2.915797784301606,35.55,91.476,-0.6731164933655817,-0.4141575021253463,FALSE,FALSE,0,-6.907755278982137
0-4 km,3644,KLGB,KLGB,LGB,Long Beach International Airport,large_airport,06037,2006-10-01,0.004,10,2,FALSE,15.228002929687523,4.892339182433139,43.6,91.66600000000001,-0.8668454303818892,0.19959167372872036,FALSE,FALSE,0,-5.298317366548036
0-4 km,3644,KLGB,KLGB,LGB,Long Beach International Airport,large_airport,06037,2006-11-01,0.011,10,2,FALSE,14.961999511718773,3.8390789882153644,38.4,91.85000000000001,-0.13552787155327695,0.008273859282369268,FALSE,FALSE,0,-4.422848629194137
0-4 km,3644,KLGB,KLGB,LGB,Long Beach International Airport,large_airport,06037,2006-12-01,0.011666666666666667,12,2,FALSE,8.756677246093773,4.542634562378107,41.041666666666664,92.41499999999999,-0.2434671029647156,0.3824768063734997,FALSE,FALSE,0,-4.368781407923861
0-4 km,3644,KLGB,KLGB,LGB,Long Beach International Airport,large_airport,06037,2007-01-01,0.011454545454545455,11,2,FALSE,6.470910644531273,5.020872485194196,38.06818181818182,91.98454545454545,0.290945456809313,0.4432320350439218,FALSE,FALSE,0,-4.385669625952382
0-4 km,3644,KLGB,KLGB,LGB,Long Beach International Airport,large_airport,06037,2007-02-01,0.008937500000000001,8,2,FALSE,14.85624465942385,3.669335761846705,43.59375,92.16499999999999,-0.07507739577728127,0.2946634090895545,FALSE,FALSE,0,-4.611439799001687
0-4 km,3644,KLGB,KLGB,LGB,Long Beach International Airport,large_airport,06037,2007-03-01,0.009553333333333334,15,2,FALSE,13.83332926432294,3.4809783748530463,46.15,91.822,0.8920886208024013,-0.09558103279034956,FALSE,FALSE,0,-4.55131351319738
0-4 km,3644,KLGB,KLGB,LGB,Long Beach International Airport,large_airport,06037,2007-04-01,0.009392307692307693,13,2,FALSE,15.323085843599783,3.4352493110648807,43.07692307692308,91.59923076923077,0.7989292866547314,0.12803875448615146,FALSE,FALSE,0,-4.566689391477521
0-4 km,3644,KLGB,KLGB,LGB,Long Beach International Airport,large_airport,06037,2007-05-01,0.007516666666666667,12,2,FALSE,17.536668395996116,3.4505173957138298,30.791666666666668,91.64666666666668,0.1968940386612389,-0.05782630256465407,FALSE,FALSE,0,-4.765730251000533
0-4 km,3644,KLGB,KLGB,LGB,Long Beach International Airport,large_airport,06037,2007-06-01,0.007533333333333333,12,2,FALSE,22.38832753499351,3.5143744400256436,36.9375,91.43666666666667,-0.43676228994997957,-0.6602386198365735,FALSE,FALSE,0,-4.7637752161647295
0-4 km,3644,KLGB,KLGB,LGB,Long Beach International Airport,large_airport,06037,2007-07-01,0.00825,12,2,FALSE,24.45667165120445,3.6155858615665175,36.770833333333336,91.60833333333333,0.5818240923391743,-0.5494203360694963,FALSE,FALSE,0,-4.683131727457803
0-4 km,3644,KLGB,KLGB,LGB,Long Beach International Airport,large_airport,06037,2007-08-01,0.0050363636363636366,11,2,FALSE,25.073641135475874,5.756726560328091,35.22727272727273,91.49090909090908,-0.6260484655868833,-0.16213041541171372,FALSE,FALSE,0,-5.10995349529812
0-4 km,3644,KLGB,KLGB,LGB,Long Beach International Airport,large_airport,06037,2007-09-01,0.006,10,2,FALSE,21.622003173828148,3.0219546312840913,39.1,91.558,-0.10913438230854947,-0.3437843563968654,FALSE,FALSE,0,-4.961845129926823
0-4 km,3644,KLGB,KLGB,LGB,Long Beach International Airport,large_airport,06037,2007-10-01,0.01623076923076923,13,2,FALSE,18.429221285306514,2.4675478686833117,31.01923076923077,91.71153846153847,0.7241562133699831,-0.029577168383856867,FALSE,FALSE,0,-4.061058584588634
0-4 km,3644,KLGB,KLGB,LGB,Long Beach International Airport,large_airport,06037,2007-11-01,0.015555555555555555,9,2,FALSE,14.502228461371551,2.508568050434567,38.30555555555556,91.92777777777778,-0.40812548100007223,0.5317046250245834,FALSE,FALSE,0,-4.101033550372898
0-4 km,3644,KLGB,KLGB,LGB,Long Beach International Airport,large_airport,06037,2007-12-01,0.01,10,2,FALSE,5.86099548339846,3.7832741707126645,68.85,91.952,-0.24149182562015215,0.02659478550571908,FALSE,FALSE,0,-4.509860006183766
0-4 km,3644,KLGB,KLGB,LGB,Long Beach International Airport,large_airport,06037,2008-01-01,0.014545454545454545,11,2,FALSE,6.300012207031273,4.695894827281668,61.25,92.07545454545455,0.250260797771868,0.3822665485709107,FALSE,FALSE,0,-4.163986995277848
0-4 km,3644,KLGB,KLGB,LGB,Long Beach International Airport,large_airport,06037,2008-02-01,0.01,8,2,FALSE,8.889993286132835,3.698566424200717,60.0625,92.0575,0.12707600259050175,0.24324917288111153,FALSE,FALSE,0,-4.509860006183766
0-4 km,3644,KLGB,KLGB,LGB,Long Beach International Airport,large_airport,06037,2008-03-01,0.01,12,2,FALSE,13.545002237955751,4.022056269616015,44.666666666666664,91.92666666666666,0.2508130851295854,-8.460727201611279e-4,FALSE,FALSE,0,-4.509860006183766
0-4 km,3644,KLGB,KLGB,LGB,Long Beach International Airport,large_airport,06037,2008-04-01,0.007,10,2,FALSE,14.832000732421898,2.585868015931332,41.3,91.652,0.12666070782197733,-0.006052044928630406,FALSE,FALSE,0,-4.8283137373023015
0-4 km,3644,KLGB,KLGB,LGB,Long Beach International Airport,large_airport,06037,2008-05-01,0.002,10,2,FALSE,15.978002929687523,3.0890672815314453,55.55,91.456,0.1318580901443802,-0.3719829035048495,FALSE,FALSE,0,-5.809142990314028
0-4 km,3644,KLGB,KLGB,LGB,Long Beach International Airport,large_airport,06037,2008-06-01,0.008,10,2,FALSE,22.538006591796897,3.066332926581669,31,91.484,0.6498079942456914,-0.06371477584498864,FALSE,FALSE,0,-4.710530701645918
0-4 km,3644,KLGB,KLGB,LGB,Long Beach International Airport,large_airport,06037,2008-07-01,0.008,10,2,FALSE,24.052014160156272,4.4268678762698555,38.8,91.626,0.04543463831714415,-0.6097544203401329,FALSE,FALSE,0,-4.710530701645918
0-4 km,3644,KLGB,KLGB,LGB,Long Beach International Airport,large_airport,06037,2008-08-01,0.004,10,2,FALSE,24.31799316406252,3.330487685294061,39.3,91.52199999999999,0.11398248185728188,-0.4861579149239793,FALSE,FALSE,0,-5.298317366548036
0-4 km,3644,KLGB,KLGB,LGB,Long Beach International Airport,large_airport,06037,2008-09-01,0.006,10,2,FALSE,22.8620056152344,2.6475159886154267,44,91.56400000000001,0.11800757169994028,-0.09332239192447557,FALSE,FALSE,0,-4.961845129926823
0-4 km,3644,KLGB,KLGB,LGB,Long Beach International Airport,large_airport,06037,2008-10-01,0.0077777777777777776,9,2,FALSE,19.936669921875023,5.528393416346842,38.861111111111114,91.72444444444444,-0.4511965093746342,-0.17315107995693418,FALSE,FALSE,0,-4.735532003851335
0-4 km,3644,KLGB,KLGB,LGB,Long Beach International Airport,large_airport,06037,2008-11-01,0.009000000000000001,10,2,FALSE,15.629998779296898,3.2174736829705743,53.85,91.87,-0.3795585107192849,5.981692240380366e-4,FALSE,FALSE,0,-4.605170185988091
0-4 km,3644,KLGB,KLGB,LGB,Long Beach International Airport,large_airport,06037,2008-12-01,0.008,10,2,FALSE,7.400006103515648,4.312565404826829,73.35,91.64399999999999,-0.5508626916911171,-0.02488792612439466,FALSE,FALSE,0,-4.710530701645918
0-4 km,3644,KLGB,KLGB,LGB,Long Beach International Airport,large_airport,06037,2009-01-01,0.014575757575757575,33,2,FALSE,10.55212439334756,3.3429237146620427,51.65909090909091,92.18484848484849,0.490422801286196,0.5491856259521651,FALSE,FALSE,0,-4.162039574993452
0-4 km,3644,KLGB,KLGB,LGB,Long Beach International Airport,large_airport,06037,2009-02-01,0.006083333333333334,24,2,FALSE,7.84125671386721,4.057161845064147,83.94791666666667,91.89666666666666,0.8789690724414374,-0.3517293555124199,FALSE,FALSE,0,-4.950010672279821
0-4 km,3644,KLGB,KLGB,LGB,Long Beach International Airport,large_airport,06037,2009-03-01,0.006836363636363636,33,2,FALSE,14.28393776633525,3.8828554715764763,46.13636363636363,91.61666666666667,0.97953465877287,-0.07126816153348194,FALSE,FALSE,0,-4.848980374110861
0-4 km,3644,KLGB,KLGB,LGB,Long Beach International Airport,large_airport,06037,2009-04-01,0.00963,30,2,FALSE,14.74367879231773,4.069895496377126,41.95,91.714,0.11360717197039168,0.026658231345196695,FALSE,FALSE,0,-4.544075086628281
0-4 km,3644,KLGB,KLGB,LGB,Long Beach International Airport,large_airport,06037,2009-05-01,0.006710526315789474,38,2,FALSE,19.252629651521403,2.958506000254565,42.848684210526315,91.59447368421053,0.5137024744675529,-0.48735418196094465,FALSE,FALSE,0,-4.865168829691456
0-4 km,3644,KLGB,KLGB,LGB,Long Beach International Airport,large_airport,06037,2009-06-01,0.007303225806451613,31,2,FALSE,18.91968147523944,3.8928258206693993,52.24193548387097,91.4258064516129,-0.5558814343551753,-0.21033860614945432,FALSE,FALSE,0,-4.791111188305257
0-4 km,3644,KLGB,KLGB,LGB,Long Beach International Airport,large_airport,06037,2009-07-01,0.006335483870967742,31,2,FALSE,25.085814248361917,4.835006287046316,35.92741935483871,91.68870967741935,0.32627339576418474,-0.5557928843044804,FALSE,FALSE,0,-4.915031902150847
0-4 km,3644,KLGB,KLGB,LGB,Long Beach International Airport,large_airport,06037,2009-08-01,0.006996774193548387,31,2,FALSE,24.30420788180446,4.2479466830140264,37.83064516129032,91.7483870967742,-0.5685546785881858,-0.4399553145471169,FALSE,FALSE,0,-4.8287170444261385
0-4 km,3644,KLGB,KLGB,LGB,Long Beach International Airport,large_airport,06037,2009-09-01,0.007163333333333333,30,2,FALSE,23.785335286458356,4.616404890628427,35.925,91.69966666666667,-0.5634993296399964,0.012457211130750368,FALSE,FALSE,0,-4.80810269668617
0-4 km,3644,KLGB,KLGB,LGB,Long Beach International Airport,large_airport,06037,2009-10-01,0.007761290322580645,31,2,FALSE,14.504204337827643,3.5252090355328676,47.33870967741935,91.31838709677419,-0.47803406163187123,-0.009611848004851133,FALSE,FALSE,0,-4.737412087782742
0-4 km,3644,KLGB,KLGB,LGB,Long Beach International Airport,large_airport,06037,2009-11-01,0.010056666666666667,30,2,FALSE,13.877338663737001,4.63302526330337,40.891666666666666,91.838,-0.4410881626910828,-0.09310037770188148,FALSE,FALSE,0,-4.504721714691286
0-4 km,3644,KLGB,KLGB,LGB,Long Beach International Airport,large_airport,06037,2009-12-01,0.010032000000000001,25,2,FALSE,7.894799804687523,4.859098673268619,61.4,92.0164,-0.34079572619068443,0.1069293385299251,FALSE,FALSE,0,-4.506955138491136
0-4 km,3644,KLGB,KLGB,LGB,Long Beach International Airport,large_airport,06037,2010-01-01,0.008571428571428572,14,2,FALSE,9.122144862583728,4.221111394896688,65,91.67928571428571,0.8675021352798177,0.34243393153628643,FALSE,FALSE,0,-4.6489728086464845
0-4 km,3644,KLGB,KLGB,LGB,Long Beach International Airport,large_airport,06037,2010-02-01,0.007142857142857143,14,2,FALSE,8.472146606445335,3.2553775737858786,78.41071428571429,91.58357142857143,0.7802722890081799,-0.26059829485293373,FALSE,FALSE,0,-4.8106141602029
0-4 km,3644,KLGB,KLGB,LGB,Long Beach International Airport,large_airport,06037,2010-03-01,0.0038461538461538464,13,2,FALSE,10.653840050330551,3.8354800131616584,51.92307692307692,91.86461538461539,0.2435487886276665,0.008705388239800816,FALSE,FALSE,0,-5.329569910052141
0-4 km,3644,KLGB,KLGB,LGB,Long Beach International Airport,large_airport,06037,2010-04-01,0.016588235294117647,17,2,FALSE,13.101766429227965,2.3547743841426523,45.338235294117645,91.63176470588236,0.07815930596946931,0.006499107568941251,FALSE,FALSE,0,-4.040525049647667
0-4 km,3644,KLGB,KLGB,LGB,Long Beach International Airport,large_airport,06037,2010-05-01,0.0025125,16,2,FALSE,16.456874465942406,2.5405540104513467,44.4375,91.525,0.4089797572801954,-0.42227174750447943,FALSE,FALSE,0,-5.651427244322273
0-4 km,3644,KLGB,KLGB,LGB,Long Beach International Airport,large_airport,06037,2010-06-01,0.0040750000000000005,16,2,FALSE,19.35125312805178,3.8721041951547495,46.140625,91.67375,0.003080453904570773,-0.7127615538217075,FALSE,FALSE,0,-5.283428754054286
0-4 km,3644,KLGB,KLGB,LGB,Long Beach International Airport,large_airport,06037,2010-07-01,0.0027400000000000002,20,2,FALSE,23.452998352050805,4.683669884840982,37.1,91.496,-0.20476934760085239,-0.4647683402414632,FALSE,FALSE,0,-5.588669667555696
0-4 km,3644,KLGB,KLGB,LGB,Long Beach International Airport,large_airport,06037,2010-08-01,0.0054666666666666665,15,2,FALSE,23.392004394531273,1.4535404959603657,34.1,91.51133333333334,-0.23620762769791653,-0.308520109360363,FALSE,FALSE,0,-5.0410945015809645
0-4 km,3644,KLGB,KLGB,LGB,Long Beach International Airport,large_airport,06037,2010-09-01,0.004522222222222223,18,2,FALSE,22.19722561306426,4.57385151733291,36.208333333333336,91.4361111111111,-0.5064057939189306,-0.18165674031833398,FALSE,FALSE,0,-5.198974923215773
0-4 km,3644,KLGB,KLGB,LGB,Long Beach International Airport,large_airport,06037,2010-10-01,0.0025,16,2,FALSE,16.745616531372093,4.037965338728208,49.703125,91.805,0.7685839983419677,-0.14439991136674582,FALSE,FALSE,0,-5.654992310486769
0-4 km,3644,KLGB,KLGB,LGB,Long Beach International Airport,large_airport,06037,2010-11-01,0.00723125,16,2,FALSE,11.57874450683596,2.1743038632936904,52.75,91.7525,0.8201675073823879,0.0704012078385445,FALSE,FALSE,0,-4.799817392472683
0-4 km,3644,KLGB,KLGB,LGB,Long Beach International Airport,large_airport,06037,2010-12-01,0.00629375,16,2,FALSE,10.158122634887718,6.16648523102851,69.78125,91.62125,-0.5194850520355274,-0.17775278161173688,FALSE,FALSE,0,-4.920737461929408
0-4 km,3644,KLGB,KLGB,LGB,Long Beach International Airport,large_airport,06037,2011-01-01,0.009470588235294118,17,2,FALSE,8.518243408203148,5.007992703758996,54.5735294117647,92.05470588235295,0.7967770991363831,0.41411940758942417,FALSE,FALSE,0,-4.559185072746268
0-4 km,3644,KLGB,KLGB,LGB,Long Beach International Airport,large_airport,06037,2011-02-01,0.005533333333333334,15,2,FALSE,7.094006347656273,3.7152717159122726,56.9,91.572,0.47525633323490346,-0.10539075509466113,FALSE,FALSE,0,-5.030838001413775
0-4 km,3644,KLGB,KLGB,LGB,Long Beach International Airport,large_airport,06037,2011-03-01,0.007818181818181818,11,2,FALSE,12.290906871448886,1.9236787585244686,57.93181818181818,91.90636363636364,0.11846288458989689,0.03221857091073166,FALSE,FALSE,0,-4.730939573277125
0-4 km,3644,KLGB,KLGB,LGB,Long Beach International Airport,large_airport,06037,2011-04-01,0.00575,12,2,FALSE,12.51917673746747,3.282459293345901,49.979166666666664,91.65833333333333,0.29881073569751737,0.2254814929048088,FALSE,FALSE,0,-4.9982127740976985
0-4 km,3644,KLGB,KLGB,LGB,Long Beach International Airport,large_airport,06037,2011-05-01,0.005288235294117647,17,2,FALSE,15.671179558249104,1.3544903155107304,40.838235294117645,91.59235294117647,0.0818332039388742,-0.17644241473360212,FALSE,FALSE,0,-5.069074805007354
0-4 km,3644,KLGB,KLGB,LGB,Long Beach International Airport,large_airport,06037,2011-06-01,0.004470588235294118,17,2,FALSE,18.3676499310662,3.1453975865256494,44.88235294117647,91.48705882352941,0.0060148188553033445,-0.40236865339826516,FALSE,FALSE,0,-5.208369129885098
0-4 km,3644,KLGB,KLGB,LGB,Long Beach International Airport,large_airport,06037,2011-07-01,0.004111764705882353,17,2,FALSE,23.902939022288624,4.609647378583017,38.205882352941174,91.44058823529411,0.3232546365898759,-0.5137676390933659,FALSE,FALSE,0,-5.276210590767007
0-4 km,3644,KLGB,KLGB,LGB,Long Beach International Airport,large_airport,06037,2011-08-01,0.0048380952380952386,21,2,FALSE,23.607622128441243,4.300296969971855,36.095238095238095,91.54333333333334,-0.9211180117878901,-0.2766724984763091,FALSE,FALSE,0,-5.143350693203449
0-4 km,3644,KLGB,KLGB,LGB,Long Beach International Airport,large_airport,06037,2011-09-01,0.005023529411764706,17,2,FALSE,22.208827478745427,3.1642469078588924,40.161764705882355,91.81941176470588,-0.13766731269703986,-0.16057352372002898,FALSE,FALSE,0,-5.112081910432946
0-4 km,3644,KLGB,KLGB,LGB,Long Beach International Airport,large_airport,06037,2011-10-01,0.007075,16,2,FALSE,16.56625137329104,3.467178994309346,42.453125,91.736875,0.03133604980631474,0.4530108261141672,FALSE,FALSE,0,-4.818982409873417
0-4 km,3644,KLGB,KLGB,LGB,Long Beach International Airport,large_airport,06037,2011-11-01,0.006911764705882353,17,2,FALSE,12.633524457146162,5.951622131027235,40.44117647058823,91.85941176470588,-0.036242889561075825,-0.0067424766690673005,FALSE,FALSE,0,-4.839404423996459
0-4 km,3644,KLGB,KLGB,LGB,Long Beach International Airport,large_airport,06037,2011-12-01,0.0074125,16,2,FALSE,8.007508850097679,3.0523331423272753,37.8125,92.205,0.04866416542642648,0.6729454562921829,FALSE,FALSE,0,-4.778036584011291
0-4 km,3644,KLGB,KLGB,LGB,Long Beach International Airport,large_airport,06037,2012-01-01,0.004947058823529412,17,2,FALSE,10.195293830422816,3.8060905836792123,50.294117647058826,92.15588235294118,0.8893289015510446,0.2764852943072991,FALSE,FALSE,0,-5.124858497011927
0-4 km,3644,KLGB,KLGB,LGB,Long Beach International Airport,large_airport,06037,2012-02-01,0.0045000000000000005,14,2,FALSE,8.307866123744443,4.763170348141634,54.839285714285715,91.74571428571429,0.6503581617727704,-0.048819235795252484,FALSE,FALSE,0,-5.2030071867437115
0-4 km,3644,KLGB,KLGB,LGB,Long Beach International Airport,large_airport,06037,2012-03-01,0.0030764705882352942,17,2,FALSE,14.206479420381456,2.5379173867424596,45.26470588235294,91.87117647058824,0.03439947204014915,0.1870817032891746,FALSE,FALSE,0,-5.502523716842496
0-4 km,3644,KLGB,KLGB,LGB,Long Beach International Airport,large_airport,06037,2012-04-01,0.0024555555555555554,18,2,FALSE,14.60278218587242,2.2380504402030943,50.416666666666664,91.7611111111111,-0.13503202602597536,-0.10755135477383287,FALSE,FALSE,0,-5.667772037133168
0-4 km,3644,KLGB,KLGB,LGB,Long Beach International Airport,large_airport,06037,2012-05-01,0.003785714285714286,14,2,FALSE,18.43500889369422,1.630681006661338,41.464285714285715,91.62714285714286,0.16577385899571154,-0.6465578927826182,FALSE,FALSE,0,-5.34211998920643
0-4 km,3644,KLGB,KLGB,LGB,Long Beach International Airport,large_airport,06037,2012-06-01,0.0039722222222222225,18,2,FALSE,20.368897162543426,5.084746851763751,40.06944444444444,91.33833333333334,-0.2580533188208201,-0.5959412284296789,FALSE,FALSE,0,-5.303888411597492
0-4 km,3644,KLGB,KLGB,LGB,Long Beach International Airport,large_airport,06037,2012-07-01,0.00244375,16,2,FALSE,22.9887577056885,3.605650442971672,41.890625,91.69624999999999,0.15501292819659648,-0.6519718193273366,FALSE,FALSE,0,-5.6711942850630495
0-4 km,3644,KLGB,KLGB,LGB,Long Beach International Airport,large_airport,06037,2012-08-01,0.00308,20,2,FALSE,25.204003906250023,3.5622534780902964,41,91.6315,-0.07749060440809233,-0.5943194245069595,FALSE,FALSE,0,-5.501658290566066
0-4 km,3644,KLGB,KLGB,LGB,Long Beach International Airport,large_airport,06037,2012-09-01,0.004452941176470588,17,2,FALSE,22.19176815257355,2.722737940629733,44.48529411764706,91.83588235294117,0.4839325705141973,-0.12943942749363152,FALSE,FALSE,0,-5.211600150466544
0-4 km,3644,KLGB,KLGB,LGB,Long Beach International Airport,large_airport,06037,2012-10-01,0.0037285714285714287,14,2,FALSE,14.79285583496096,3.304192754119845,53.714285714285715,91.75071428571428,-0.9653159526593331,0.13826029471513446,FALSE,FALSE,0,-5.354132145654433
0-4 km,3644,KLGB,KLGB,LGB,Long Beach International Airport,large_airport,06037,2012-11-01,0.003994117647058823,17,2,FALSE,12.769997271369508,3.1620764318233956,57.48529411764706,92.15411764705883,-0.043526773470841454,0.17773818865514412,FALSE,FALSE,0,-5.299494529721051
0-4 km,3644,KLGB,KLGB,LGB,Long Beach International Airport,large_airport,06037,2012-12-01,0.0038666666666666667,15,2,FALSE,9.078009033203148,2.4525191015692793,69.85,92.028,-0.4845094796238948,-0.041673206802854745,FALSE,FALSE,0,-5.325346038935956
0-4 km,3644,KLGB,KLGB,LGB,Long Beach International Airport,large_airport,06037,2013-01-01,0.006361111111111111,18,2,FALSE,6.735557386610266,3.9000425054123022,45.263888888888886,92.09777777777778,0.7020852168443948,0.4074261877571559,FALSE,FALSE,0,-4.911544391452025
0-4 km,3644,KLGB,KLGB,LGB,Long Beach International Airport,large_airport,06037,2013-02-01,0.004770588235294118,17,2,FALSE,8.075871366613073,3.3305721601213847,55.55882352941177,91.83705882352942,0.3764001069771483,0.21226627957115915,FALSE,FALSE,0,-5.154981256467035
0-4 km,3644,KLGB,KLGB,LGB,Long Beach International Airport,large_airport,06037,2013-03-01,0.003785714285714286,14,2,FALSE,13.685721697126139,3.5373904630952384,45.32142857142857,91.88642857142857,0.9378814265177771,-0.17342395317985798,FALSE,FALSE,0,-5.34211998920643
0-4 km,3644,KLGB,KLGB,LGB,Long Beach International Airport,large_airport,06037,2013-04-01,0.004692307692307693,13,2,FALSE,15.610775052584158,1.9445132556713791,42.38461538461539,91.6576923076923,0.08182573104392483,-0.35910599669898224,FALSE,FALSE,0,-5.168639543239504
0-4 km,3644,KLGB,KLGB,LGB,Long Beach International Airport,large_airport,06037,2013-05-01,0.0035444444444444447,18,2,FALSE,18.158330959743946,3.283577785487491,47.52777777777778,91.40666666666667,0.2647892249079673,-0.4252631975865086,FALSE,FALSE,0,-5.393849793269601
0-4 km,3644,KLGB,KLGB,LGB,Long Beach International Airport,large_airport,06037,2013-06-01,0.003875,16,2,FALSE,21.45999679565432,3.2337683138049167,44.578125,91.455625,-0.047416426343800305,-0.7306758708706937,FALSE,FALSE,0,-5.323635174532327
0-4 km,3644,KLGB,KLGB,LGB,Long Beach International Airport,large_airport,06037,2013-07-01,0.004029411764705882,17,2,FALSE,24.62765610638789,3.6949650478725005,41.55882352941177,91.64529411764705,0.1418041055696522,-0.4507395527175801,FALSE,FALSE,0,-5.292452247095639
0-4 km,3644,KLGB,KLGB,LGB,Long Beach International Airport,large_airport,06037,2013-08-01,0.0066941176470588235,17,2,FALSE,23.221179917279436,2.39424591684519,38.5735294117647,91.68352941176471,0.24854118865159405,-0.5576895974594448,FALSE,FALSE,0,-4.867299184015255
0-4 km,3644,KLGB,KLGB,LGB,Long Beach International Airport,large_airport,06037,2013-09-01,0.004276470588235294,17,2,FALSE,22.148242905560686,3.5309826081298077,39.36764705882353,91.44470588235293,-0.04102844737606163,-0.32058710220495473,FALSE,FALSE,0,-5.244497853973603
0-4 km,3644,KLGB,KLGB,LGB,Long Beach International Airport,large_airport,06037,2013-10-01,0.0054285714285714284,7,2,FALSE,16.720003836495557,2.061294062914334,43.785714285714285,91.74714285714286,0.3921792700730462,-0.013055455629950728,FALSE,FALSE,0,-5.047002938267131
0-4 km,3644,KLGB,KLGB,LGB,Long Beach International Airport,large_airport,06037,2013-11-01,0.00825,4,1,FALSE,12.655007934570335,3.8556868657404784,43.25,92.2325,-0.45642906238067193,0.6840150120321415,FALSE,FALSE,0,-4.683131727457803
0-4 km,3644,KLGB,KLGB,LGB,Long Beach International Airport,large_airport,06037,2013-12-01,0.0112,5,1,FALSE,9.758001708984398,3.2071807437577586,34.5,92.19800000000001,-0.735533474115519,0.4739435212762054,FALSE,FALSE,0,-4.406319327242926
0-4 km,3644,KLGB,KLGB,LGB,Long Beach International Airport,large_airport,06037,2014-01-01,0.008199999999999999,5,1,FALSE,13.188006591796897,3.3625228725697824,27.8,91.99,0.17396135069630078,0.5513357020236488,FALSE,FALSE,0,-4.688551794927142
0-4 km,3644,KLGB,KLGB,LGB,Long Beach International Airport,large_airport,06037,2014-02-01,0.0036,5,1,FALSE,12.434002685546897,2.300455221385317,58.25,91.592,0.4699351518373915,-0.11158428350464683,FALSE,FALSE,0,-5.381698975487088
0-4 km,3644,KLGB,KLGB,LGB,Long Beach International Airport,large_airport,06037,2014-03-01,0.007,5,1,FALSE,14.320001220703148,3.7501236950415313,45.1,91.756,0.2604620008279509,0.19373085719646616,FALSE,FALSE,0,-4.8283137373023015
0-4 km,3644,KLGB,KLGB,LGB,Long Beach International Airport,large_airport,06037,2014-04-01,0.0116,5,1,FALSE,16.116009521484397,3.4439138260124906,36.7,91.566,-0.21661331281106017,-0.0774626525461059,FALSE,FALSE,0,-4.374058465024705
0-4 km,3644,KLGB,KLGB,LGB,Long Beach International Airport,large_airport,06037,2014-05-01,0.00825,4,1,FALSE,19.525003051757835,4.921348343633231,30.25,91.455,-0.4793128958067169,-0.08764844313237155,FALSE,FALSE,0,-4.683131727457803
0-4 km,3644,KLGB,KLGB,LGB,Long Beach International Airport,large_airport,06037,2014-06-01,0.0055,4,1,FALSE,21.68251190185549,3.7606937876852404,42.4375,91.31,0.014844897320550582,-0.3233504915948752,FALSE,FALSE,0,-5.035953102080546
0-4 km,3644,KLGB,KLGB,LGB,Long Beach International Airport,large_airport,06037,2014-07-01,0.007,5,1,FALSE,24.008007812500022,3.9592381485686117,45.95,91.862,-0.17880610772691624,-0.2810533974407889,FALSE,FALSE,0,-4.8283137373023015
0-4 km,3644,KLGB,KLGB,LGB,Long Beach International Airport,large_airport,06037,2014-08-01,0.006,5,1,FALSE,22.902001953125023,3.5412605145856944,45.3,91.782,0.17924954052956274,-0.42676596556731144,FALSE,FALSE,0,-4.961845129926823
0-4 km,3644,KLGB,KLGB,LGB,Long Beach International Airport,large_airport,06037,2014-09-01,0.0046,5,1,FALSE,23.67199707031252,3.115794406496228,45.5,91.462,0.0058726558188839425,-0.6059306347576026,FALSE,FALSE,0,-5.184988681241033
0-4 km,3644,KLGB,KLGB,LGB,Long Beach International Airport,large_airport,06037,2014-10-01,0.0038,5,1,FALSE,19.313989257812523,3.186607031079598,38.9,91.699,0.23295031952345646,0.11181175406290539,FALSE,FALSE,0,-5.339139361068292
0-4 km,3644,KLGB,KLGB,LGB,Long Beach International Airport,large_airport,06037,2014-11-01,0.004666666666666667,3,1,FALSE,13.741642252604189,5.566171299397526,55.25,91.75166666666667,-0.9571987575587344,-0.15642327040454715,FALSE,FALSE,0,-5.173154223594031
0-4 km,3644,KLGB,KLGB,LGB,Long Beach International Airport,large_airport,06037,2014-12-01,0.007166666666666667,6,1,FALSE,8.487491861979189,5.8324335380401005,68.5,91.88,-0.5153283943697032,0.14924215739191343,FALSE,FALSE,0,-4.807694450099565
0-4 km,3644,KLGB,KLGB,LGB,Long Beach International Airport,large_airport,06037,2015-01-01,0.006,5,1,FALSE,12.479992675781272,3.823417810810171,48.6,92.22449999999999,0.8340498815084852,0.1300690435012678,FALSE,FALSE,0,-4.961845129926823
0-4 km,3644,KLGB,KLGB,LGB,Long Beach International Airport,large_airport,06037,2015-02-01,0.0055,4,1,FALSE,12.531221008300804,1.902854582612209,55.75,91.81875,0.7279650112353204,0.20645353302298178,FALSE,FALSE,0,-5.035953102080546
0-4 km,3644,KLGB,KLGB,LGB,Long Beach International Airport,large_airport,06037,2015-03-01,0.004666666666666666,6,1,FALSE,15.224989827473982,2.82137121935947,44.083333333333336,91.82333333333334,0.5658504436314987,0.2510024563391859,FALSE,FALSE,0,-5.173154223594031
0-4 km,3644,KLGB,KLGB,LGB,Long Beach International Airport,large_airport,06037,2015-04-01,0.0028,5,1,FALSE,15.175006103515647,3.4246190910395646,49.7,91.469,0.394069080485298,-0.07740360178099041,FALSE,FALSE,0,-5.572754212249797
0-4 km,3644,KLGB,KLGB,LGB,Long Beach International Airport,large_airport,06037,2015-05-01,4e-4,5,1,FALSE,16.48999633789065,2.351604818961997,52.6,91.5185,0.460987293240514,-0.6263942786935388,FALSE,FALSE,0,-6.571283042360924
0-4 km,3644,KLGB,KLGB,LGB,Long Beach International Airport,large_airport,06037,2015-06-01,0.0028,5,1,FALSE,22.200000000000024,1.3150011132752022,44.2,91.5305,0.2291206157383525,-0.33383755914188623,FALSE,FALSE,0,-5.572754212249797
0-4 km,3644,KLGB,KLGB,LGB,Long Beach International Airport,large_airport,06037,2015-07-01,0.0014,5,1,FALSE,21.894989013671896,3.0018865342964745,52.15,91.6105,-0.20922964063804697,-0.5601420080823045,FALSE,FALSE,0,-6.032286541628237
0-4 km,3644,KLGB,KLGB,LGB,Long Beach International Airport,large_airport,06037,2015-08-01,0.0014,5,1,FALSE,24.890002441406274,4.616454176233542,41.95,91.6555,0.23644683237911027,-0.45366807304786194,FALSE,FALSE,0,-6.032286541628237
0-4 km,3644,KLGB,KLGB,LGB,Long Beach International Airport,large_airport,06037,2015-09-01,0.0056,5,1,FALSE,24.2199890136719,3.344215232108699,49.45,91.4595,0.19085402905376625,-0.534794537592622,FALSE,FALSE,0,-5.0206856299497575
0-4 km,3644,KLGB,KLGB,LGB,Long Beach International Airport,large_airport,06037,2015-10-01,0.005,5,1,FALSE,20.39998168945315,3.598673951888797,49.5,91.6105,0.6281393994539463,0.2936737418510784,FALSE,FALSE,0,-5.115995809754082
0-4 km,3644,KLGB,KLGB,LGB,Long Beach International Airport,large_airport,06037,2015-11-01,0.0102,5,1,FALSE,13.579980468750023,2.4310719678514814,41.3,91.6545,-0.8149995696371684,0.07503875998925762,FALSE,FALSE,0,-4.491841500681088
0-4 km,3644,KLGB,KLGB,LGB,Long Beach International Airport,large_airport,06037,2015-12-01,0.0078000000000000005,5,1,FALSE,8.349987792968772,2.81402985311884,48.55,91.878,0.1049034898196802,0.06640904699149129,FALSE,FALSE,0,-4.733003557497976
0-4 km,3644,KLGB,KLGB,LGB,Long Beach International Airport,large_airport,06037,2016-01-01,0.0075,2,1,FALSE,10.012490844726585,3.0252725761944763,60,92.4875,-0.7293622001799183,0.6835890079298333,FALSE,FALSE,0,-4.767689115485866
0-4 km,3644,KLGB,KLGB,LGB,Long Beach International Airport,large_airport,06037,2016-02-01,0.0062,5,1,FALSE,11.379986572265647,1.9092580792698788,48.65,92.20400000000001,0.10400293362451624,0.1380850925916515,FALSE,FALSE,0,-4.933674252960127
0-4 km,3644,KLGB,KLGB,LGB,Long Beach International Airport,large_airport,06037,2016-03-01,0.003,5,1,FALSE,11.774987792968773,3.515726126853531,60.9,91.759,0.1753981814882826,0.10043028588314641,FALSE,FALSE,0,-5.521460917862246
0-4 km,3644,KLGB,KLGB,LGB,Long Beach International Airport,large_airport,06037,2016-04-01,0.0046,5,1,FALSE,16.339990234375023,3.127211202280994,49.5,91.79599999999999,-0.5548055588610096,-0.05097484157062045,FALSE,FALSE,0,-5.184988681241033
0-4 km,3644,KLGB,KLGB,LGB,Long Beach International Airport,large_airport,06037,2016-05-01,0.0032500000000000003,4,1,FALSE,16.012490844726585,3.6157612797913545,56.75,91.54375,-0.16068535917773963,-0.2814501539907584,FALSE,FALSE,0,-5.4608362960458114
0-4 km,3644,KLGB,KLGB,LGB,Long Beach International Airport,large_airport,06037,2016-06-01,0.0034000000000000002,5,1,FALSE,22.904992675781273,2.969626003382502,38.35,91.6925,0.5084951739618467,-0.6648596110803534,FALSE,FALSE,0,-5.426150738057921
0-4 km,3644,KLGB,KLGB,LGB,Long Beach International Airport,large_airport,06037,2016-07-01,0.0028,5,1,FALSE,24.445001220703148,2.6652511281434714,34.3,91.571,0.2349507449538931,-0.4514471177701123,FALSE,FALSE,0,-5.572754212249797
0-4 km,3644,KLGB,KLGB,LGB,Long Beach International Airport,large_airport,06037,2016-08-01,0.0034000000000000002,5,1,FALSE,22.569989013671897,3.838905631022707,43.85,91.6605,0.005847187849700386,-0.5064571896263095,FALSE,FALSE,0,-5.426150738057921
0-4 km,3644,KLGB,KLGB,LGB,Long Beach International Airport,large_airport,06037,2016-09-01,0.0044,5,1,FALSE,21.03499145507815,4.71462625490381,42.9,91.7475,-0.2877904882620106,-0.05680676711334276,FALSE,FALSE,0,-5.221356325411908
0-4 km,3644,KLGB,KLGB,LGB,Long Beach International Airport,large_airport,06037,2016-10-01,0.0064,5,1,FALSE,18.90498657226565,1.7386223839016823,39.75,91.745,-0.61028315905554,0.044429387569550345,FALSE,FALSE,0,-4.9062752787720125
0-4 km,3644,KLGB,KLGB,LGB,Long Beach International Airport,large_airport,06037,2016-11-01,0.0076,5,1,FALSE,15.764990234375023,4.448003315275691,34.3,92,0.16558643646980878,0.020218973786033104,FALSE,FALSE,0,-4.755993075722675
0-4 km,3644,KLGB,KLGB,LGB,Long Beach International Airport,large_airport,06037,2016-12-01,0.0064,5,1,FALSE,9.094989013671897,3.361334660606455,43.95,91.9905,-0.4344730856808934,0.23364387007416196,FALSE,FALSE,0,-4.9062752787720125
0-4 km,3644,KLGB,KLGB,LGB,Long Beach International Airport,large_airport,06037,2017-01-01,0.006666666666666667,3,1,FALSE,6.374993896484398,2.583326855467232,71.5,91.83,0.7825041024389879,0.4534369605404104,FALSE,FALSE,0,-4.870873351721097
0-4 km,3644,KLGB,KLGB,LGB,Long Beach International Airport,large_airport,06037,2017-02-01,0.00275,4,1,FALSE,7.462503051757835,5.24526301982039,81.9375,91.39750000000001,-0.2434912419273965,-0.09264709072956662,FALSE,FALSE,0,-5.585999438999818
0-4 km,3644,KLGB,KLGB,LGB,Long Beach International Airport,large_airport,06037,2017-03-01,0.0074,5,1,FALSE,14.684991455078148,2.9200250828190657,43.35,92.1085,-0.1320756230212024,-0.08869374798009962,FALSE,FALSE,0,-4.779523573132869
0-4 km,3644,KLGB,KLGB,LGB,Long Beach International Airport,large_airport,06037,2017-04-01,0.0052,5,1,FALSE,13.995001220703148,4.103921104151288,60.1,91.606,-0.11594092743844882,-0.24067581386092915,FALSE,FALSE,0,-5.083205986931091
0-4 km,3644,KLGB,KLGB,LGB,Long Beach International Airport,large_airport,06037,2017-05-01,0.0036666666666666666,6,1,FALSE,16.729150390625023,2.527297135401117,43.5,91.32916666666667,-0.2527669290431253,-0.3101273406939371,FALSE,FALSE,0,-5.367310238034988
0-4 km,3644,KLGB,KLGB,LGB,Long Beach International Airport,large_airport,06037,2017-06-01,0.0024000000000000002,5,1,FALSE,23.434991455078148,3.2472732082003755,38.95,91.478,-0.18724397968704282,-0.5387959487693846,FALSE,FALSE,0,-5.683979847360021
0-4 km,3644,KLGB,KLGB,LGB,Long Beach International Airport,large_airport,06037,2017-07-01,0.003,5,1,FALSE,24.9749938964844,4.121057207811971,43.15,91.732,-0.19100607803174416,-0.6488349146432137,FALSE,FALSE,0,-5.521460917862246
0-4 km,3644,KLGB,KLGB,LGB,Long Beach International Airport,large_airport,06037,2017-08-01,0.0025,2,1,FALSE,23.300012207031273,2.239624882656818,44,91.80625,-0.054303335482025095,-0.5180488472217706,FALSE,FALSE,0,-5.654992310486769
0-4 km,3644,KLGB,KLGB,LGB,Long Beach International Airport,large_airport,06037,2017-09-01,0.0042,5,1,FALSE,20.534985351562522,3.033610630173741,44.5,91.7005,0.555340994241008,0.2933445204045326,FALSE,FALSE,0,-5.259096653394756
0-4 km,3644,KLGB,KLGB,LGB,Long Beach International Airport,large_airport,06037,2017-10-01,0.0062,5,1,FALSE,17.509997558593774,3.389023372139322,34.4,91.924,-0.16412779723285584,0.308918231097459,FALSE,FALSE,0,-4.933674252960127
0-4 km,3644,KLGB,KLGB,LGB,Long Beach International Airport,large_airport,06037,2017-11-01,0.0062,5,1,FALSE,15.029992675781273,3.395596858050398,58.3,91.8555,-0.17176743847609313,-0.3534987816229203,FALSE,FALSE,0,-4.933674252960127
0-4 km,3644,KLGB,KLGB,LGB,Long Beach International Airport,large_airport,06037,2017-12-01,0.0096,5,1,FALSE,11.704986572265648,3.058377809101117,37.5,92.129,-0.44166456000651677,0.3152520069127216,FALSE,FALSE,0,-4.546901277864116
0-4 km,3644,KLGB,KLGB,LGB,Long Beach International Airport,large_airport,06037,2018-01-01,0.0054,5,1,FALSE,11.784991455078147,2.036887931000298,52.4,91.959,0.22003867980117015,0.5019649765342311,FALSE,FALSE,0,-5.051457288616511
0-4 km,3644,KLGB,KLGB,LGB,Long Beach International Airport,large_airport,06037,2018-02-01,0.006,2,1,FALSE,11.862481689453148,3.5389605773938366,46.5,91.6875,0.9761987006967681,0.012542170096425165,FALSE,FALSE,0,-4.961845129926823
0-4 km,3644,KLGB,KLGB,LGB,Long Beach International Airport,large_airport,06037,2018-03-01,0.00175,4,1,FALSE,9.637490844726585,2.6542408485693585,62.625,91.659375,0.37538301975694394,-0.1767345611837939,FALSE,FALSE,0,-5.896154367303657
0-4 km,3644,KLGB,KLGB,LGB,Long Beach International Airport,large_airport,06037,2018-04-01,0.004,5,1,FALSE,15.144989013671898,2.869302916329846,44,91.751,0.875895848021364,-0.2495981692792291,FALSE,FALSE,0,-5.298317366548036
0-4 km,3644,KLGB,KLGB,LGB,Long Beach International Airport,large_airport,06037,2018-05-01,0.002,5,1,FALSE,15.359991455078148,1.7185082403332548,59.65,91.543,0.5659769431924095,-0.7355461789358426,FALSE,FALSE,0,-5.809142990314028
0-4 km,3644,KLGB,KLGB,LGB,Long Beach International Airport,large_airport,06037,2018-06-01,0.003,5,1,FALSE,19.654992675781273,2.538750201422731,48.75,91.516,0.072870420609966,-0.6176006814952798,FALSE,FALSE,0,-5.521460917862246
0-4 km,3644,KLGB,KLGB,LGB,Long Beach International Airport,large_airport,06037,2018-07-01,0.0026666666666666666,6,1,FALSE,26.820820109049503,3.3107519780713806,40.291666666666664,91.79791666666667,-0.2237066980633481,-0.7148193714616802,FALSE,FALSE,0,-5.608472294851876
0-4 km,3644,KLGB,KLGB,LGB,Long Beach International Airport,large_airport,06037,2018-08-01,0.003,5,1,FALSE,23.81500244140627,2.563719108753317,41.75,91.7305,0.4815676983039331,-0.5803270514378509,FALSE,FALSE,0,-5.521460917862246
0-4 km,3644,KLGB,KLGB,LGB,Long Beach International Airport,large_airport,06037,2018-09-01,0.004,5,1,FALSE,22.329986572265646,2.866388953347236,43.85,91.55149999999999,-0.12469335923158568,-0.5810999130620689,FALSE,FALSE,0,-5.298317366548036
0-4 km,3644,KLGB,KLGB,LGB,Long Beach International Airport,large_airport,06037,2018-10-01,0.0044,5,1,FALSE,16.704998779296897,3.80549583445057,56.55,91.6755,-0.235593382099629,-0.2084368555186225,FALSE,FALSE,0,-5.221356325411908
0-4 km,3644,KLGB,KLGB,LGB,Long Beach International Airport,large_airport,06037,2018-11-01,0.0064,5,1,FALSE,14.539990234375022,2.320058427407156,41,91.8575,0.029163050759965014,0.04696378371509824,FALSE,FALSE,0,-4.9062752787720125
0-4 km,3644,KLGB,KLGB,LGB,Long Beach International Airport,large_airport,06037,2018-12-01,0.005,4,1,FALSE,9.512483215332054,2.254974616507203,51.25,91.94624999999999,-0.2710103525262054,0.34721381516459493,FALSE,FALSE,0,-5.115995809754082
0-4 km,3644,KLGB,KLGB,LGB,Long Beach International Airport,large_airport,06037,2019-01-01,0.004,5,1,FALSE,8.259997558593772,3.2136329390234812,75.75,92.04,0.28208610120958416,0.31164010425425714,FALSE,FALSE,0,-5.298317366548036
0-4 km,3644,KLGB,KLGB,LGB,Long Beach International Airport,large_airport,06037,2019-02-01,0.0024000000000000002,5,1,FALSE,7.064990234375022,3.5204984570715263,74.95,91.637,0.4506871288170368,-0.2629182767869923,FALSE,FALSE,0,-5.683979847360021
0-4 km,3644,KLGB,KLGB,LGB,Long Beach International Airport,large_airport,06037,2019-03-01,0.0022,5,1,FALSE,9.154992675781273,3.72544504592502,74.25,91.838,0.12250875588568681,0.061047642698885116,FALSE,FALSE,0,-5.744604469176456
0-4 km,3644,KLGB,KLGB,LGB,Long Beach International Airport,large_airport,06037,2019-04-01,0.0032,5,1,FALSE,15.039990234375022,1.8288325489749384,62.1,91.565,0.5331350070390144,-0.5736167922074088,FALSE,FALSE,0,-5.472670753692814
0-4 km,3644,KLGB,KLGB,LGB,Long Beach International Airport,large_airport,06037,2019-05-01,0.0016,5,1,FALSE,14.650000000000023,2.976230356157411,61.3,91.394,-0.3249970324474144,-0.43586417953931655,FALSE,FALSE,0,-5.952243833954701
0-4 km,3644,KLGB,KLGB,LGB,Long Beach International Airport,large_airport,06037,2019-06-01,0.0018,5,1,FALSE,19.209997558593773,5.237757009564519,53.95,91.4565,0.16245728999502893,-0.5085763608914702,FALSE,FALSE,0,-5.8781358618009785
0-4 km,3644,KLGB,KLGB,LGB,Long Beach International Airport,large_airport,06037,2019-07-01,0.0024000000000000002,5,1,FALSE,22.479992675781272,2.904882648670355,45,91.6595,-0.1951654921258944,-0.6872977984013131,FALSE,FALSE,0,-5.683979847360021
0-4 km,3644,KLGB,KLGB,LGB,Long Beach International Airport,large_airport,06037,2019-08-01,0.0026,5,1,FALSE,22.9249938964844,4.315507073394906,45.15,91.75200000000001,-0.13825583371849443,-0.38683591630730724,FALSE,FALSE,0,-5.626821433520073
0-4 km,3644,KLGB,KLGB,LGB,Long Beach International Airport,large_airport,06037,2019-09-01,0.004,5,1,FALSE,19.699993896484397,5.256793107411472,46.2,91.6725,-0.5702552443722613,-0.09132507095197402,FALSE,FALSE,0,-5.298317366548036
0-4 km,3644,KLGB,KLGB,LGB,Long Beach International Airport,large_airport,06037,2019-10-01,0.006,5,1,FALSE,16.079992675781273,3.8147778689217997,31.9,91.747,0.5387376600445887,0.26705484863767404,FALSE,FALSE,0,-4.961845129926823
0-4 km,3644,KLGB,KLGB,LGB,Long Beach International Airport,large_airport,06037,2019-11-01,0.0048000000000000004,5,1,FALSE,11.844989013671897,3.036619065440021,57.15,91.6845,-0.6552490075573201,0.39898290341095843,FALSE,FALSE,0,-5.149897361429764
0-4 km,3644,KLGB,KLGB,LGB,Long Beach International Airport,large_airport,06037,2019-12-01,0.0038,5,1,FALSE,8.174993896484398,4.010343074416532,68.6,92.0435,0.3677340933343396,-0.22796445727941192,FALSE,FALSE,0,-5.339139361068292
0-4 km,3644,KLGB,KLGB,LGB,Long Beach International Airport,large_airport,06037,2020-01-01,0.0056,5,1,FALSE,9.484985351562523,3.6486643755903025,58.3,92.1575,0.6781072659426097,0.08040625380129887,FALSE,FALSE,0,-5.0206856299497575
0-4 km,3644,KLGB,KLGB,LGB,Long Beach International Airport,large_airport,06037,2020-02-01,0.005,5,1,FALSE,12.115002441406272,3.6596116497397038,48.05,91.791,0.937259005292135,0.022133130543889747,FALSE,FALSE,0,-5.115995809754082
0-4 km,3644,KLGB,KLGB,LGB,Long Beach International Airport,large_airport,06037,2020-03-01,0.0015,4,1,FALSE,10.299989318847679,4.0473769290653365,69.625,91.945625,0.3706400748106572,0.1429823342258448,FALSE,FALSE,0,-5.991464547107982
0-4 km,3644,KLGB,KLGB,LGB,Long Beach International Airport,large_airport,06037,2020-07-01,0.0018,5,1,FALSE,21.764996337890647,3.8434551295614643,45.85,91.592,0.5967371416446413,-0.5636911676352545,FALSE,FALSE,0,-5.8781358618009785
0-4 km,3644,KLGB,KLGB,LGB,Long Beach International Airport,large_airport,06037,2020-08-01,0.0025,6,1,FALSE,24.883320109049503,3.563323642298959,41.625,91.54041666666667,0.014664017012549787,-0.4447284875258276,FALSE,FALSE,0,-5.654992310486769
0-4 km,3644,KLGB,KLGB,LGB,Long Beach International Airport,large_airport,06037,2020-09-01,0.007,5,1,FALSE,26.084991455078146,2.2684370376909544,31.85,91.7995,-0.03639899050182738,-0.19432878833302006,FALSE,FALSE,0,-4.8283137373023015
0-4 km,3644,KLGB,KLGB,LGB,Long Beach International Airport,large_airport,06037,2020-10-01,0.0048000000000000004,5,1,FALSE,20.684991455078148,2.7554430695229137,41.7,91.8835,-0.13952454312367418,0.24050533878717478,FALSE,FALSE,0,-5.149897361429764
0-4 km,3644,KLGB,KLGB,LGB,Long Beach International Airport,large_airport,06037,2020-11-01,0.0076,5,1,FALSE,16.259985351562523,1.590870735829444,32.25,91.902,-0.026947031824891193,0.4304486545328303,FALSE,FALSE,0,-4.755993075722675
0-4 km,3644,KLGB,KLGB,LGB,Long Beach International Airport,large_airport,06037,2020-12-01,0.007,5,1,FALSE,8.354986572265648,2.5971977277780076,58.7,91.9425,0.15534011641933482,-0.07927961529735675,FALSE,FALSE,0,-4.8283137373023015
0-4 km,3644,KLGB,KLGB,LGB,Long Beach International Airport,large_airport,06037,2021-01-01,0.0062,5,1,FALSE,9.779992675781273,3.6104177395725148,65.05,91.98299999999999,0.9518850592871126,0.007959958876835314,FALSE,FALSE,0,-4.933674252960127
0-4 km,3644,KLGB,KLGB,LGB,Long Beach International Airport,large_airport,06037,2021-02-01,0.0036,5,1,FALSE,9.814978027343773,3.8691121995533635,59.55,91.80499999999999,0.7874909784903894,-0.0993085248859982,FALSE,FALSE,0,-5.381698975487088
0-4 km,3644,KLGB,KLGB,LGB,Long Beach International Airport,large_airport,06037,2021-03-01,0.003,5,1,FALSE,11.169995117187522,3.2287308411144884,53.55,91.7635,0.5569917219391853,-0.2708595622459253,FALSE,FALSE,0,-5.521460917862246
0-4 km,3644,KLGB,KLGB,LGB,Long Beach International Airport,large_airport,06037,2021-04-01,0.0028,5,1,FALSE,14.589990234375023,3.7497823875060403,46.4,91.63,0.5145660374167124,-0.005245696797300975,FALSE,FALSE,0,-5.572754212249797
0-4 km,3644,KLGB,KLGB,LGB,Long Beach International Airport,large_airport,06037,2021-05-01,0.0018,5,1,FALSE,14.789984130859398,3.86226488957163,56.85,91.5045,0.5362057002472228,-0.3782249060922023,FALSE,FALSE,0,-5.8781358618009785
0-4 km,3644,KLGB,KLGB,LGB,Long Beach International Airport,large_airport,06037,2021-06-01,0.0022,5,1,FALSE,23.55000610351565,2.8000611086501292,39.65,91.538,-0.35194399285521966,-0.6319369980482993,FALSE,FALSE,0,-5.744604469176456
0-4 km,3644,KLGB,KLGB,LGB,Long Beach International Airport,large_airport,06037,2021-07-01,0.002,5,1,FALSE,24.314996337890648,3.136418685259686,46.45,91.72,0.669463775405535,-0.6320640444499954,FALSE,FALSE,0,-5.809142990314028
0-4 km,3644,KLGB,KLGB,LGB,Long Beach International Airport,large_airport,06037,2021-08-01,0.0026,5,1,FALSE,23.3399841308594,3.5321269140276557,44.4,91.75750000000001,0.8579021717969307,-0.3076738645550843,FALSE,FALSE,0,-5.626821433520073
0-4 km,3644,KLGB,KLGB,LGB,Long Beach International Airport,large_airport,06037,2021-09-01,0.0022,5,1,FALSE,21.615002441406272,2.8689646215069677,49.3,91.6495,-0.21752706753631615,-0.5869387537990594,FALSE,FALSE,0,-5.744604469176456
0-4 km,3644,KLGB,KLGB,LGB,Long Beach International Airport,large_airport,06037,2021-10-01,0.003,6,1,FALSE,14.270827229817732,4.243751180377603,58.166666666666664,91.635,-0.6793048422528687,-0.11768793742588284,FALSE,FALSE,0,-5.521460917862246
0-4 km,3644,KLGB,KLGB,LGB,Long Beach International Airport,large_airport,06037,2021-11-01,0.0058,5,1,FALSE,15.589984130859397,3.464098881436831,47.1,91.9855,-0.404773408802304,0.2310214730830727,FALSE,FALSE,0,-4.990832666800076
0-4 km,3644,KLGB,KLGB,LGB,Long Beach International Airport,large_airport,06037,2021-12-01,0.0034000000000000002,5,1,FALSE,8.204986572265648,3.272206156477097,72.25,91.697,0.2007760571982757,-0.007285291416416893,FALSE,FALSE,0,-5.426150738057921
0-4 km,3644,KLGB,KLGB,LGB,Long Beach International Airport,large_airport,06037,2022-01-01,0.0056,5,1,FALSE,9.679968261718773,2.9744782818038833,50.35,92.266,0.1061948420288301,0.5666238306892967,TRUE,FALSE,0,-5.0206856299497575
0-4 km,3644,KLGB,KLGB,LGB,Long Beach International Airport,large_airport,06037,2022-02-01,0.0068,5,1,FALSE,9.999987792968772,3.001204675981917,47.7,91.928,0.7758951617607663,0.3797221143701646,TRUE,FALSE,0,-4.853631545286591
0-4 km,3644,KLGB,KLGB,LGB,Long Beach International Airport,large_airport,06037,2022-03-01,0.0048000000000000004,5,1,FALSE,12.455004882812522,1.800794651045943,53,91.9775,0.6725282912156597,0.006278240753736339,TRUE,FALSE,0,-5.149897361429764
0-4 km,3644,KLGB,KLGB,LGB,Long Beach International Airport,large_airport,06037,2022-04-01,0.0028,5,1,FALSE,13.570001220703148,2.8409882356281564,57.95,91.596,0.8437213181145666,-0.4064842875546411,TRUE,FALSE,0,-5.572754212249797
0-4 km,3867,KSBD,KSBD,SBD,San Bernardino International Airport,large_airport,06071,2000-01-01,0.02,6,1,FALSE,9.746667480468773,4.356106012241541,67.91666666666667,92.095,-0.0018636847302398243,-0.16645126700525756,FALSE,FALSE,0,-3.863232841258714
0-4 km,3867,KSBD,KSBD,SBD,San Bernardino International Airport,large_airport,06071,2000-02-01,0.04,4,1,FALSE,6.55249938964846,5.143393697676886,84.1875,91.78,-0.06027764052009102,-0.09109087059232336,FALSE,FALSE,0,-3.1941832122778293
0-4 km,3867,KSBD,KSBD,SBD,San Bernardino International Airport,large_airport,06071,2000-03-01,0.05,5,1,FALSE,13.130004882812523,4.077592265950806,45.9,91.678,0.028692625721016208,-0.017960831619415085,FALSE,FALSE,0,-2.975929646257811
0-4 km,3867,KSBD,KSBD,SBD,San Bernardino International Airport,large_airport,06071,2000-04-01,0.036000000000000004,5,1,FALSE,15.429998779296898,3.8153696446147567,46.8,91.716,-0.1420202763496544,-0.2697617558128119,FALSE,FALSE,0,-3.2968373663379125
0-4 km,3867,KSBD,KSBD,SBD,San Bernardino International Airport,large_airport,06071,2000-05-01,0.036000000000000004,5,1,FALSE,18.15601196289065,3.131413049682565,43.35,91.486,0.3645079085307384,-0.207979721919934,FALSE,FALSE,0,-3.2968373663379125
0-4 km,3867,KSBD,KSBD,SBD,San Bernardino International Airport,large_airport,06071,2000-06-01,0.036,5,1,FALSE,21.92199707031252,3.229686723867459,40.45,91.444,-0.592772027066231,-0.7296508312180122,FALSE,FALSE,0,-3.2968373663379125
0-4 km,3867,KSBD,KSBD,SBD,San Bernardino International Airport,large_airport,06071,2000-07-01,0.062,5,1,FALSE,22.328015136718772,5.905824797435045,38.4,91.646,-0.1907263702160337,-0.30395823469714855,FALSE,FALSE,0,-2.7646205525906042
0-4 km,3867,KSBD,KSBD,SBD,San Bernardino International Airport,large_airport,06071,2000-08-01,0.042,5,1,FALSE,24.424005126953148,3.6293699002047757,37.8,91.63199999999999,-0.600703269525059,-0.5249853833910201,FALSE,FALSE,0,-3.1465551632885744
0-4 km,3867,KSBD,KSBD,SBD,San Bernardino International Airport,large_airport,06071,2000-09-01,0.042,5,1,FALSE,21.184008789062524,3.883524840152441,48.2,91.424,0.8793049017119525,-0.37952507287674603,FALSE,FALSE,0,-3.1465551632885744
0-4 km,3867,KSBD,KSBD,SBD,San Bernardino International Airport,large_airport,06071,2000-10-01,0.045,4,1,FALSE,15.615007019042991,4.56974177872109,65.3125,91.25999999999999,-0.3730481839364044,-0.6992779904732597,FALSE,FALSE,0,-3.079113882493042
0-4 km,3867,KSBD,KSBD,SBD,San Bernardino International Airport,large_airport,06071,2000-11-01,0.014,5,1,FALSE,11.656005859375023,2.271194197585462,46,91.762,0.19385729440733832,-0.33521440058277185,FALSE,FALSE,0,-4.199705077879927
0-4 km,3867,KSBD,KSBD,SBD,San Bernardino International Airport,large_airport,06071,2000-12-01,0.052000000000000005,5,1,FALSE,10.262011718750022,2.3807302712546186,50.3,91.982,-0.14751217491495802,0.10276936691105017,FALSE,FALSE,0,-2.9374633654300153
0-4 km,3867,KSBD,KSBD,SBD,San Bernardino International Airport,large_airport,06071,2001-01-01,0.0475,4,1,FALSE,7.105004882812523,3.253510104886658,51.6875,92.025,0.8510733099831725,0.40682089445515857,FALSE,FALSE,0,-3.0261914810386994
0-4 km,3867,KSBD,KSBD,SBD,San Bernardino International Airport,large_airport,06071,2001-02-01,0.052500000000000005,4,1,FALSE,8.652497863769554,3.9355068439055816,68.9375,91.5675,0.2771351063573739,-0.4183694838630304,FALSE,FALSE,0,-2.928073625080176
0-4 km,3867,KSBD,KSBD,SBD,San Bernardino International Airport,large_airport,06071,2001-03-01,0.023333333333333334,3,1,FALSE,10.856683349609398,2.0648494256957,71.91666666666667,91.66,0.27660333320497105,-0.18766100391014842,FALSE,FALSE,0,-3.7159081265018554
0-4 km,3867,KSBD,KSBD,SBD,San Bernardino International Airport,large_airport,06071,2001-04-01,0.0425,4,1,FALSE,13.977494812011741,2.328288296387418,44.5,91.645,0.06484386837608874,-0.4465531070828459,FALSE,FALSE,0,-3.1349943408874985
0-4 km,3867,KSBD,KSBD,SBD,San Bernardino International Airport,large_airport,06071,2001-05-01,0.042,5,1,FALSE,20.241998291015648,5.4094888065520506,34.85,91.766,0.17261568957766749,0.018288701568811086,FALSE,FALSE,0,-3.1465551632885744
0-4 km,3867,KSBD,KSBD,SBD,San Bernardino International Airport,large_airport,06071,2001-06-01,0.036,5,1,FALSE,22.141998291015646,3.776894484446114,38.25,91.56,-0.2180470947825926,-0.6093183000842209,FALSE,FALSE,0,-3.2968373663379125
0-4 km,3867,KSBD,KSBD,SBD,San Bernardino International Airport,large_airport,06071,2001-07-01,0.044,5,1,FALSE,21.595989990234397,3.9616116251797138,39.65,91.62,-0.14824775796743533,-0.5920134387641581,FALSE,FALSE,0,-3.101092789211817
0-4 km,3867,KSBD,KSBD,SBD,San Bernardino International Airport,large_airport,06071,2001-08-01,0.054,5,1,FALSE,22.88000488281252,4.198552279879294,37.7,91.622,0.007648373124378683,-0.47018589680399897,FALSE,FALSE,0,-2.900422093749666
0-4 km,3867,KSBD,KSBD,SBD,San Bernardino International Airport,large_airport,06071,2001-09-01,0.028,5,1,FALSE,21.442004394531274,3.336204499113588,42.85,91.518,0.12169091494938125,-0.35752799057079643,FALSE,FALSE,0,-3.540459448995663
0-4 km,3867,KSBD,KSBD,SBD,San Bernardino International Airport,large_airport,06071,2001-10-01,0.032,5,1,FALSE,17.756005859375023,3.2849711217902064,46.2,91.806,-0.22320163336962956,0.12694220451669772,FALSE,FALSE,0,-3.4112477175156566
0-4 km,3867,KSBD,KSBD,SBD,San Bernardino International Airport,large_airport,06071,2001-11-01,0.034,5,1,FALSE,12.968005371093772,3.5976822263636246,49.75,91.912,0.26960161257530574,0.5396099797362974,FALSE,FALSE,0,-3.3524072174927233
0-4 km,3867,KSBD,KSBD,SBD,San Bernardino International Airport,large_airport,06071,2001-12-01,0.03,5,1,FALSE,8.216003417968773,4.20874795900203,58.5,91.586,-0.20058967134398703,-0.16670119222736773,FALSE,FALSE,0,-3.473768074496991
0-4 km,3867,KSBD,KSBD,SBD,San Bernardino International Airport,large_airport,06071,2002-01-01,0.0225,4,1,FALSE,10.785005187988304,2.6791853382329416,44.375,91.9275,0.4736824283195058,-0.12301533868647832,FALSE,FALSE,0,-3.750754857832024
0-4 km,3867,KSBD,KSBD,SBD,San Bernardino International Airport,large_airport,06071,2002-02-01,0.024,5,1,FALSE,9.140008544921898,3.483046823521568,47.75,92.154,0.646799608133479,0.5447281270625906,FALSE,FALSE,0,-3.6888794541139363
0-4 km,3867,KSBD,KSBD,SBD,San Bernardino International Airport,large_airport,06071,2002-03-01,0.016,5,1,FALSE,9.954003906250023,3.871640590527186,40.45,92.002,0.4711471802090874,0.378705552735378,FALSE,FALSE,0,-4.074541934925921
0-4 km,3867,KSBD,KSBD,SBD,San Bernardino International Airport,large_airport,06071,2002-04-01,0.012,5,1,FALSE,15.330004882812522,3.2803523819385676,49,91.472,0.033067452696982635,-0.049793524035061786,FALSE,FALSE,0,-4.3428059215206005
0-4 km,3867,KSBD,KSBD,SBD,San Bernardino International Airport,large_airport,06071,2002-05-01,0.012,5,1,FALSE,15.484002685546898,3.0763006725567283,47.4,91.46600000000001,0.9531540918792363,-0.20667745448570368,FALSE,FALSE,0,-4.3428059215206005
0-4 km,3867,KSBD,KSBD,SBD,San Bernardino International Airport,large_airport,06071,2002-06-01,0.008,5,1,FALSE,22.59600830078127,4.11984857421991,35.65,91.374,0.6290161256810267,-0.4380379888933146,FALSE,FALSE,0,-4.710530701645918
0-4 km,3867,KSBD,KSBD,SBD,San Bernardino International Airport,large_airport,06071,2002-07-01,0.02,6,1,FALSE,25.126667277018253,4.390354246559069,34.541666666666664,91.69833333333334,0.13621199371504605,-0.5361439549928387,FALSE,FALSE,0,-3.863232841258714
0-4 km,3867,KSBD,KSBD,SBD,San Bernardino International Airport,large_airport,06071,2002-08-01,0.03,5,1,FALSE,22.396008300781272,4.3659531055493614,33.7,91.546,0.3891722602655404,-0.4634936877447106,FALSE,FALSE,0,-3.473768074496991
0-4 km,3867,KSBD,KSBD,SBD,San Bernardino International Airport,large_airport,06071,2002-09-01,0.022,5,1,FALSE,22.1880065917969,5.256071171442079,37.85,91.456,0.1984758598996887,-0.06708413608605582,FALSE,FALSE,0,-3.7722610630529876
0-4 km,3867,KSBD,KSBD,SBD,San Bernardino International Airport,large_airport,06071,2002-10-01,0.02,5,1,FALSE,14.850012207031273,4.396649523734049,47.7,91.492,-0.8910072529273703,-0.1225199086258032,FALSE,FALSE,0,-3.863232841258714
0-4 km,3867,KSBD,KSBD,SBD,San Bernardino International Airport,large_airport,06071,2002-11-01,0.014,5,1,FALSE,13.950006103515648,3.6542413135255782,35.2,92.002,-0.26541630725813536,0.5388144784770859,FALSE,FALSE,0,-4.199705077879927
0-4 km,3867,KSBD,KSBD,SBD,San Bernardino International Airport,large_airport,06071,2002-12-01,0.014,5,1,FALSE,8.606005859375022,2.938849889358642,63.5,91.944,-0.14629823436424055,0.05829923655300843,FALSE,FALSE,0,-4.199705077879927
0-4 km,3867,KSBD,KSBD,SBD,San Bernardino International Airport,large_airport,06071,2003-01-01,0.052000000000000005,5,1,FALSE,12.347998046875023,4.240185284070796,50.5,92.134,0.5838974086221566,0.08927530003858672,FALSE,FALSE,0,-2.9374633654300153
0-4 km,3867,KSBD,KSBD,SBD,San Bernardino International Airport,large_airport,06071,2003-02-01,0.0125,4,1,FALSE,9.055009460449241,2.269620305153084,58.6875,91.4175,0.07373149819354713,0.33540294567135864,FALSE,FALSE,0,-4.305065593537753
0-4 km,3867,KSBD,KSBD,SBD,San Bernardino International Airport,large_airport,06071,2003-03-01,0.008,5,1,FALSE,11.554010009765648,3.484309495110895,53.25,91.478,0.41325344232545136,-0.07569297511415915,FALSE,FALSE,0,-4.710530701645918
0-4 km,3867,KSBD,KSBD,SBD,San Bernardino International Airport,large_airport,06071,2003-04-01,0.01,5,1,FALSE,11.741998291015648,2.2068458044874517,53.8,91.482,0.07140248362227428,-0.4186963361562376,FALSE,FALSE,0,-4.509860006183766
0-4 km,3867,KSBD,KSBD,SBD,San Bernardino International Airport,large_airport,06071,2003-05-01,0.008,5,1,FALSE,16.832006835937523,3.942781823712285,45.2,91.488,0.10110585853755436,0.0018090462112375194,FALSE,FALSE,0,-4.710530701645918
0-4 km,3867,KSBD,KSBD,SBD,San Bernardino International Airport,large_airport,06071,2003-06-01,0.014,5,1,FALSE,21.72400512695315,4.539668842732924,37.4,91.386,0.5790324300760002,-0.16028866641615325,FALSE,FALSE,0,-4.199705077879927
0-4 km,3867,KSBD,KSBD,SBD,San Bernardino International Airport,large_airport,06071,2003-07-01,0.014,5,1,FALSE,25.883996582031273,2.598087245802609,30.05,91.63,-0.25686165755295903,-0.38537489108910344,FALSE,FALSE,0,-4.199705077879927
0-4 km,3867,KSBD,KSBD,SBD,San Bernardino International Airport,large_airport,06071,2003-08-01,0.013333333333333334,6,1,FALSE,24.764998372395855,4.10805924750353,36.625,91.70166666666667,-0.5608549540599133,-0.3699849385819917,FALSE,FALSE,0,-4.245167451956684
0-4 km,3867,KSBD,KSBD,SBD,San Bernardino International Airport,large_airport,06071,2003-09-01,0.02,5,1,FALSE,23.787994384765646,3.732591805350713,30.8,91.614,-0.47935397202479557,-0.053843418484122364,FALSE,FALSE,0,-3.863232841258714
0-4 km,3867,KSBD,KSBD,SBD,San Bernardino International Airport,large_airport,06071,2003-10-01,0.022,5,1,FALSE,19.918005371093773,4.334883236463958,37.7,91.54,-0.5306096332720355,-0.1311713903091244,FALSE,FALSE,0,-3.7722610630529876
0-4 km,3867,KSBD,KSBD,SBD,San Bernardino International Airport,large_airport,06071,2003-11-01,0.142,5,1,FALSE,9.515997314453148,4.023030506837974,45.85,91.968,-0.33408741693511435,0.26294760193756395,FALSE,FALSE,0,-1.9449106487222299
0-4 km,3867,KSBD,KSBD,SBD,San Bernardino International Airport,large_airport,06071,2003-12-01,0.068,5,1,FALSE,9.258001708984398,1.6061066037558864,40.95,92.062,-0.2713446297405997,0.051798074284946746,FALSE,FALSE,0,-2.6736487743848776
0-4 km,3867,KSBD,KSBD,SBD,San Bernardino International Airport,large_airport,06071,2004-01-01,0.015,4,1,FALSE,7.027497863769554,6.4385530687182655,42.9375,92.065,0.40185326094016216,0.4322044749816946,FALSE,FALSE,0,-4.135166556742356
0-4 km,3867,KSBD,KSBD,SBD,San Bernardino International Airport,large_airport,06071,2004-02-01,0.0075,4,1,FALSE,6.29749450683596,3.980596206747441,67.9375,91.745,0.9247647542573163,0.03217525235469229,FALSE,FALSE,0,-4.767689115485866
0-4 km,3867,KSBD,KSBD,SBD,San Bernardino International Airport,large_airport,06071,2004-03-01,0.012,5,1,FALSE,16.54199829101565,3.7447767683848348,41.8,91.672,0.6987438557882304,0.4650737087364958,FALSE,FALSE,0,-4.3428059215206005
0-4 km,3867,KSBD,KSBD,SBD,San Bernardino International Airport,large_airport,06071,2004-04-01,0.014,5,1,FALSE,15.862005615234398,1.1034324158681192,50,91.638,-0.1405182147160256,-0.20682391906744774,FALSE,FALSE,0,-4.199705077879927
0-4 km,3867,KSBD,KSBD,SBD,San Bernardino International Airport,large_airport,06071,2004-05-01,0.0125,4,1,FALSE,19.764993286132835,2.5361563748118625,36.75,91.57,-0.2499732241721548,-0.6975752564008079,FALSE,FALSE,0,-4.305065593537753
0-4 km,3867,KSBD,KSBD,SBD,San Bernardino International Airport,large_airport,06071,2004-06-01,0.016,5,1,FALSE,21.461999511718773,3.964117588055085,35.85,91.404,0.40414774259508085,-0.602744387877716,FALSE,FALSE,0,-4.074541934925921
0-4 km,3867,KSBD,KSBD,SBD,San Bernardino International Airport,large_airport,06071,2004-07-01,0.016,5,1,FALSE,23.7580017089844,2.2156379461646347,35.25,91.688,0.46545017236886466,-0.8086208492680359,FALSE,FALSE,0,-4.074541934925921
0-4 km,3867,KSBD,KSBD,SBD,San Bernardino International Airport,large_airport,06071,2004-08-01,0.015,6,1,FALSE,24.275003051757835,3.274315044861209,33.875,91.68333333333334,-0.09121274001625876,-0.5323026369505679,FALSE,FALSE,0,-4.135166556742356
0-4 km,3867,KSBD,KSBD,SBD,San Bernardino International Airport,large_airport,06071,2004-09-01,0.012,5,1,FALSE,21.67000122070315,3.3388477790405413,39.6,91.53399999999999,0.44319634580748796,-0.41830982445268133,FALSE,FALSE,0,-4.3428059215206005
0-4 km,3867,KSBD,KSBD,SBD,San Bernardino International Airport,large_airport,06071,2004-10-01,0.012,5,1,FALSE,14.305999755859398,2.7278327012995236,63.9,91.604,0.07784254505040261,0.14084638029750118,FALSE,FALSE,0,-4.3428059215206005
0-4 km,3867,KSBD,KSBD,SBD,San Bernardino International Airport,large_airport,06071,2004-11-01,0.012,5,1,FALSE,9.294006347656273,2.9053190548597327,54.9,92.092,-0.4286050787818372,0.3901088847728448,FALSE,FALSE,0,-4.3428059215206005
0-4 km,3867,KSBD,KSBD,SBD,San Bernardino International Airport,large_airport,06071,2004-12-01,0.008,5,1,FALSE,9.473992919921898,5.681686795269426,52.85,91.81,-0.3347715264617003,-0.00629295795045306,FALSE,FALSE,0,-4.710530701645918
0-4 km,3867,KSBD,KSBD,SBD,San Bernardino International Airport,large_airport,06071,2005-01-01,0.006,5,1,FALSE,9.031994628906272,5.283827519277861,81.8,91.812,0.46888446744262474,0.03957105509971979,FALSE,FALSE,0,-4.961845129926823
0-4 km,3867,KSBD,KSBD,SBD,San Bernardino International Airport,large_airport,06071,2005-02-01,0.01,5,1,FALSE,8.767999267578148,4.610262900303781,70.65,91.868,-0.040424204369928926,0.3179768615913056,FALSE,FALSE,0,-4.509860006183766
0-4 km,3867,KSBD,KSBD,SBD,San Bernardino International Airport,large_airport,06071,2005-03-01,0.01,5,1,FALSE,11.594000244140648,4.369715361275647,62.6,91.54,0.6743788551230494,-0.06444657423742567,FALSE,FALSE,0,-4.509860006183766
0-4 km,3867,KSBD,KSBD,SBD,San Bernardino International Airport,large_airport,06071,2005-04-01,0.01,5,1,FALSE,13.694000244140648,4.418857730811537,43.6,91.586,0.12703283109800906,-0.3417338772293911,FALSE,FALSE,0,-4.509860006183766
0-4 km,3867,KSBD,KSBD,SBD,San Bernardino International Airport,large_airport,06071,2005-05-01,0.01,5,1,FALSE,18.86199951171877,4.935774817881685,44.35,91.424,0.5629665071978207,-0.4605179921871401,FALSE,FALSE,0,-4.509860006183766
0-4 km,3867,KSBD,KSBD,SBD,San Bernardino International Airport,large_airport,06071,2005-06-01,0.014,5,1,FALSE,19.994006347656274,3.913333570642564,42,91.33,-0.019735080277600448,-0.5219986091439551,FALSE,FALSE,0,-4.199705077879927
0-4 km,3867,KSBD,KSBD,SBD,San Bernardino International Airport,large_airport,06071,2005-07-01,0.01,5,1,FALSE,25.985998535156273,3.2197023781295924,34.6,91.548,0.17302811843601734,-0.7246797571140197,FALSE,FALSE,0,-4.509860006183766
0-4 km,3867,KSBD,KSBD,SBD,San Bernardino International Airport,large_airport,06071,2005-08-01,0.016,5,1,FALSE,24.144006347656273,3.037311549012747,37.35,91.67,0.10247150461351388,-0.6148518785602449,FALSE,FALSE,0,-4.074541934925921
0-4 km,3867,KSBD,KSBD,SBD,San Bernardino International Airport,large_airport,06071,2005-09-01,0.014,5,1,FALSE,19.226007080078148,2.116600387498806,35.3,91.59,-0.08055310112820184,-0.3668923497682193,FALSE,FALSE,0,-4.199705077879927
0-4 km,3867,KSBD,KSBD,SBD,San Bernardino International Airport,large_airport,06071,2005-10-01,0.005,6,1,FALSE,17.835010782877628,5.344242993441028,39.666666666666664,91.83666666666667,-0.243861494952215,-0.09520610093491878,FALSE,FALSE,0,-5.115995809754082
0-4 km,3867,KSBD,KSBD,SBD,San Bernardino International Airport,large_airport,06071,2005-11-01,0.015,4,1,FALSE,13.347497558593773,5.887427853008197,47.25,91.975,-0.9657270437283683,0.0917501685422528,FALSE,FALSE,0,-4.135166556742356
0-4 km,3867,KSBD,KSBD,SBD,San Bernardino International Airport,large_airport,06071,2005-12-01,0.012,5,1,FALSE,9.742004394531273,4.612142471559612,42.4,92.03999999999999,0.13909943140077125,0.15897419717672498,FALSE,FALSE,0,-4.3428059215206005
0-4 km,3867,KSBD,KSBD,SBD,San Bernardino International Airport,large_airport,06071,2006-01-01,0.01,5,1,FALSE,9.311999511718772,4.389686865944456,36.45,92.358,0.20089607196480372,0.47393161316392535,FALSE,FALSE,0,-4.509860006183766
0-4 km,3867,KSBD,KSBD,SBD,San Bernardino International Airport,large_airport,06071,2006-02-01,0.025,2,1,FALSE,13.754998779296898,3.8768217542773997,35.375,91.965,0.4380076271425275,0.3660930665130472,FALSE,FALSE,0,-3.649658740960655
0-4 km,3867,KSBD,KSBD,SBD,San Bernardino International Airport,large_airport,06071,2006-03-01,0.005,4,1,FALSE,6.43500671386721,2.3412748358170963,72.1875,91.4475,-0.022361983441017533,-0.5752157603517054,FALSE,FALSE,0,-5.115995809754082
0-4 km,3867,KSBD,KSBD,SBD,San Bernardino International Airport,large_airport,06071,2006-04-01,0.002,5,1,FALSE,10.574005126953148,4.433243724187639,71.75,91.494,-0.2459848957493796,-0.19999055145322064,FALSE,FALSE,0,-5.809142990314028
0-4 km,3867,KSBD,KSBD,SBD,San Bernardino International Airport,large_airport,06071,2006-05-01,0.014,5,1,FALSE,18.885998535156272,2.2854016593587425,39.9,91.674,-0.1745442060206379,0.04282872726965097,FALSE,FALSE,0,-4.199705077879927
0-4 km,3867,KSBD,KSBD,SBD,San Bernardino International Airport,large_airport,06071,2006-06-01,0.01,5,1,FALSE,24.238012695312523,4.052253065870383,32.4,91.518,0.6349081177172144,-0.426152818869915,FALSE,FALSE,0,-4.509860006183766
0-4 km,3867,KSBD,KSBD,SBD,San Bernardino International Airport,large_airport,06071,2006-07-01,0.016666666666666666,3,1,FALSE,29.283349609375023,6.439594453252698,27.833333333333332,91.78,-0.2733492279590748,-0.33029296637979133,FALSE,FALSE,0,-4.036075654098125
0-4 km,3867,KSBD,KSBD,SBD,San Bernardino International Airport,large_airport,06071,2006-08-01,0.01,4,1,FALSE,25.06750640869143,3.04520793505236,28.4375,91.685,0.32718168093461636,-0.055884932177700575,FALSE,FALSE,0,-4.509860006183766
0-4 km,3867,KSBD,KSBD,SBD,San Bernardino International Airport,large_airport,06071,2006-09-01,0.006,5,1,FALSE,22.562005615234398,2.915797784301606,35.55,91.476,-0.6731164933655817,-0.4141575021253463,FALSE,FALSE,0,-4.961845129926823
0-4 km,3867,KSBD,KSBD,SBD,San Bernardino International Airport,large_airport,06071,2006-10-01,0.006,5,1,FALSE,15.228002929687523,4.892339182433139,43.6,91.66600000000001,-0.8668454303818892,0.19959167372872036,FALSE,FALSE,0,-4.961845129926823
0-4 km,3867,KSBD,KSBD,SBD,San Bernardino International Airport,large_airport,06071,2006-11-01,0.012,5,1,FALSE,14.961999511718773,3.8390789882153644,38.4,91.85000000000001,-0.13552787155327695,0.008273859282369268,FALSE,FALSE,0,-4.3428059215206005
0-4 km,3867,KSBD,KSBD,SBD,San Bernardino International Airport,large_airport,06071,2006-12-01,0.008333333333333333,6,1,FALSE,8.756677246093773,4.542634562378107,41.041666666666664,92.41499999999999,-0.2434671029647156,0.3824768063734997,FALSE,FALSE,0,-4.674163057475043
0-4 km,3867,KSBD,KSBD,SBD,San Bernardino International Airport,large_airport,06071,2007-01-01,0.012,5,1,FALSE,6.150000000000023,5.302960038889396,38.65,91.944,0.3200400024902443,0.387555238548314,FALSE,FALSE,0,-4.3428059215206005
0-4 km,3867,KSBD,KSBD,SBD,San Bernardino International Airport,large_airport,06071,2007-02-01,0.0075,4,1,FALSE,11.979997253417991,3.3968689802207788,55.875,91.935,0.13816269748366788,0.17098146845904336,FALSE,FALSE,0,-4.767689115485866
0-4 km,3867,KSBD,KSBD,SBD,San Bernardino International Airport,large_airport,06071,2007-03-01,0.011666666666666667,6,1,FALSE,13.878330485026064,3.658274895791589,46.333333333333336,91.825,0.939197993377381,-0.1487825388124074,FALSE,FALSE,0,-4.368781407923861
0-4 km,3867,KSBD,KSBD,SBD,San Bernardino International Airport,large_airport,06071,2007-04-01,0.012,5,1,FALSE,14.904010009765647,3.286451892781177,44.3,91.592,0.7739694298987644,0.20225437602609164,FALSE,FALSE,0,-4.3428059215206005
0-4 km,3867,KSBD,KSBD,SBD,San Bernardino International Airport,large_airport,06071,2007-05-01,0.02,5,1,FALSE,17.5080017089844,3.245485440527752,31.3,91.642,0.03844495775880688,-0.09258768330376886,FALSE,FALSE,0,-3.863232841258714
0-4 km,3867,KSBD,KSBD,SBD,San Bernardino International Airport,large_airport,06071,2007-06-01,0.0175,4,1,FALSE,22.79249725341799,3.7828178282911336,35.1875,91.415,-0.40499388047764684,-0.7254918929320654,FALSE,FALSE,0,-3.989984546897858
0-4 km,3867,KSBD,KSBD,SBD,San Bernardino International Airport,large_airport,06071,2007-07-01,0.026,5,1,FALSE,24.592004394531273,3.2573022719026916,35.8,91.57600000000001,0.49751057687587785,-0.6175149095299257,FALSE,FALSE,0,-3.611918412977808
0-4 km,3867,KSBD,KSBD,SBD,San Bernardino International Airport,large_airport,06071,2007-08-01,0.012,5,1,FALSE,25.13000488281252,5.716991968822245,35.45,91.48,-0.592781689267051,-0.1499070027674787,FALSE,FALSE,0,-4.3428059215206005
0-4 km,3867,KSBD,KSBD,SBD,San Bernardino International Airport,large_airport,06071,2007-09-01,0.016,5,1,FALSE,21.622003173828148,3.0219546312840913,39.1,91.558,-0.10913438230854947,-0.3437843563968654,FALSE,FALSE,0,-4.074541934925921
0-4 km,3867,KSBD,KSBD,SBD,San Bernardino International Airport,large_airport,06071,2007-10-01,0.036000000000000004,5,1,FALSE,18.13399047851565,2.4306107484985455,29.8,91.70400000000001,0.683655530995721,0.05664218003326385,FALSE,FALSE,0,-3.2968373663379125
0-4 km,3867,KSBD,KSBD,SBD,San Bernardino International Airport,large_airport,06071,2007-11-01,0.02,5,1,FALSE,14.482006835937522,2.4295507683639967,39.9,91.902,-0.2974805144039121,0.40695600016112166,FALSE,FALSE,0,-3.863232841258714
0-4 km,3867,KSBD,KSBD,SBD,San Bernardino International Airport,large_airport,06071,2007-12-01,0.004,5,1,FALSE,5.637994384765648,3.4352598905188416,68.8,91.946,-0.2290098640408812,-0.06521290401918628,FALSE,FALSE,0,-5.298317366548036
0-4 km,3867,KSBD,KSBD,SBD,San Bernardino International Airport,large_airport,06071,2008-01-01,0.01,6,1,FALSE,6.191679890950543,5.086351045912954,63.875,92.04,0.1618959881475927,0.3015553069229087,FALSE,FALSE,0,-4.509860006183766
0-4 km,3867,KSBD,KSBD,SBD,San Bernardino International Airport,large_airport,06071,2008-02-01,0.0075,4,1,FALSE,8.889993286132835,3.698566424200717,60.0625,92.0575,0.12707600259050175,0.24324917288111153,FALSE,FALSE,0,-4.767689115485866
0-4 km,3867,KSBD,KSBD,SBD,San Bernardino International Airport,large_airport,06071,2008-03-01,0.013333333333333334,6,1,FALSE,13.545002237955751,4.022056269616015,44.666666666666664,91.92666666666666,0.2508130851295854,-8.460727201611279e-4,FALSE,FALSE,0,-4.245167451956684
0-4 km,3867,KSBD,KSBD,SBD,San Bernardino International Airport,large_airport,06071,2008-04-01,0.01,5,1,FALSE,14.832000732421898,2.585868015931332,41.3,91.652,0.12666070782197733,-0.006052044928630406,FALSE,FALSE,0,-4.509860006183766
0-4 km,3867,KSBD,KSBD,SBD,San Bernardino International Airport,large_airport,06071,2008-05-01,0.008,5,1,FALSE,15.978002929687523,3.0890672815314453,55.55,91.456,0.1318580901443802,-0.3719829035048495,FALSE,FALSE,0,-4.710530701645918
0-4 km,3867,KSBD,KSBD,SBD,San Bernardino International Airport,large_airport,06071,2008-06-01,0.01,5,1,FALSE,22.538006591796897,3.066332926581669,31,91.484,0.6498079942456914,-0.06371477584498864,FALSE,FALSE,0,-4.509860006183766
0-4 km,3867,KSBD,KSBD,SBD,San Bernardino International Airport,large_airport,06071,2008-07-01,0.022,5,1,FALSE,24.052014160156272,4.4268678762698555,38.8,91.626,0.04543463831714415,-0.6097544203401329,FALSE,FALSE,0,-3.7722610630529876
0-4 km,3867,KSBD,KSBD,SBD,San Bernardino International Airport,large_airport,06071,2008-08-01,0.014,5,1,FALSE,24.31799316406252,3.330487685294061,39.3,91.52199999999999,0.11398248185728188,-0.4861579149239793,FALSE,FALSE,0,-4.199705077879927
0-4 km,3867,KSBD,KSBD,SBD,San Bernardino International Airport,large_airport,06071,2008-09-01,0.014,5,1,FALSE,22.8620056152344,2.6475159886154267,44,91.56400000000001,0.11800757169994028,-0.09332239192447557,FALSE,FALSE,0,-4.199705077879927
0-4 km,3867,KSBD,KSBD,SBD,San Bernardino International Airport,large_airport,06071,2008-10-01,0.014,5,1,FALSE,19.76800537109377,5.543819372446046,37.65,91.752,-0.49934320908172025,-0.1197612184978012,FALSE,FALSE,0,-4.199705077879927
0-4 km,3867,KSBD,KSBD,SBD,San Bernardino International Airport,large_airport,06071,2008-11-01,0.014,5,1,FALSE,15.629998779296898,3.2174736829705743,53.85,91.87,-0.3795585107192849,5.981692240380366e-4,FALSE,FALSE,0,-4.199705077879927
0-4 km,3867,KSBD,KSBD,SBD,San Bernardino International Airport,large_airport,06071,2008-12-01,0.01,3,1,FALSE,9.670007324218773,5.400115033658397,71.33333333333333,91.64666666666666,-0.45098832474087475,-0.45747984342482717,FALSE,FALSE,0,-4.509860006183766
0-4 km,3867,KSBD,KSBD,SBD,San Bernardino International Airport,large_airport,06071,2009-01-01,0.011666666666666667,12,1,FALSE,11.213337198893251,3.431156503101466,49.958333333333336,92.215,0.4836940465935575,0.5168070916821826,FALSE,FALSE,0,-4.368781407923861
0-4 km,3867,KSBD,KSBD,SBD,San Bernardino International Airport,large_airport,06071,2009-02-01,0.0075,8,1,FALSE,7.692506408691429,3.9342043500586508,83.0625,91.8925,0.8827831267674604,-0.3484271634836933,FALSE,FALSE,0,-4.767689115485866
0-4 km,3867,KSBD,KSBD,SBD,San Bernardino International Airport,large_airport,06071,2009-03-01,0.01,10,1,FALSE,14.247998046875022,3.954070630583332,46.1,91.614,0.9776740218926409,-0.08364521016443774,FALSE,FALSE,0,-4.509860006183766
0-4 km,3867,KSBD,KSBD,SBD,San Bernardino International Airport,large_airport,06071,2009-04-01,0.01,10,1,FALSE,14.762011718750022,3.958505339367428,42.05,91.724,0.17645034920919814,0.04262888221774655,FALSE,FALSE,0,-4.509860006183766
0-4 km,3867,KSBD,KSBD,SBD,San Bernardino International Airport,large_airport,06071,2009-05-01,0.011666666666666667,12,1,FALSE,19.336663818359398,3.0361286195684754,42.916666666666664,91.60333333333334,0.5566845265064935,-0.46292393229565193,FALSE,FALSE,0,-4.368781407923861
0-4 km,3867,KSBD,KSBD,SBD,San Bernardino International Airport,large_airport,06071,2009-06-01,0.01,10,1,FALSE,18.736004638671897,3.914393174453628,52.65,91.43,-0.5161285524716348,-0.2591674030102154,FALSE,FALSE,0,-4.509860006183766
0-4 km,3867,KSBD,KSBD,SBD,San Bernardino International Airport,large_airport,06071,2009-07-01,0.014,10,1,FALSE,25.07000732421877,4.829107007939811,36,91.68599999999999,0.3078860247638901,-0.5583575121001383,FALSE,FALSE,0,-4.199705077879927
0-4 km,3867,KSBD,KSBD,SBD,San Bernardino International Airport,large_airport,06071,2009-08-01,0.012,10,1,FALSE,24.352014160156273,4.0510946505696515,37.85,91.756,-0.5392847644756762,-0.46676560093644587,FALSE,FALSE,0,-4.3428059215206005
0-4 km,3867,KSBD,KSBD,SBD,San Bernardino International Airport,large_airport,06071,2009-09-01,0.012,10,1,FALSE,23.676000976562523,4.5343275817401665,36.75,91.694,-0.4486581680298932,-0.02300116853497102,FALSE,FALSE,0,-4.3428059215206005
0-4 km,3867,KSBD,KSBD,SBD,San Bernardino International Airport,large_airport,06071,2009-10-01,0.008,10,1,FALSE,14.704010009765648,3.5031776664974514,46,91.348,-0.5144502176295639,-0.003471016210082012,FALSE,FALSE,0,-4.710530701645918
0-4 km,3867,KSBD,KSBD,SBD,San Bernardino International Airport,large_airport,06071,2009-11-01,0.01,10,1,FALSE,14.344006347656272,4.333701456339926,39.4,91.86,-0.31682759332145427,-0.05066808277294107,FALSE,FALSE,0,-4.509860006183766
0-4 km,3867,KSBD,KSBD,SBD,San Bernardino International Airport,large_airport,06071,2009-12-01,0.011,10,1,FALSE,6.961999511718773,5.037854158088994,61.05,91.918,-0.19572735739742822,0.10658264441104905,FALSE,FALSE,0,-4.422848629194137
0-4 km,3867,KSBD,KSBD,SBD,San Bernardino International Airport,large_airport,06071,2010-01-01,0.007,5,1,FALSE,8.952001953125023,4.198698028166016,66.4,91.676,0.8662980674385445,0.35478389717388875,FALSE,FALSE,0,-4.8283137373023015
0-4 km,3867,KSBD,KSBD,SBD,San Bernardino International Airport,large_airport,06071,2010-02-01,0.01,5,1,FALSE,8.454003906250023,3.0961990076641004,79.05,91.61200000000001,0.7589862880487478,-0.30238569807947313,FALSE,FALSE,0,-4.509860006183766
0-4 km,3867,KSBD,KSBD,SBD,San Bernardino International Airport,large_airport,06071,2010-03-01,0.003,5,1,FALSE,11.119995117187523,3.8078317565688735,49.15,91.916,0.23128554021122666,0.03463754373176641,FALSE,FALSE,0,-5.521460917862246
0-4 km,3867,KSBD,KSBD,SBD,San Bernardino International Airport,large_airport,06071,2010-04-01,0.004,5,1,FALSE,13.514001464843773,2.404308067232906,44.4,91.636,0.08902673755492899,0.004979153975757244,FALSE,FALSE,0,-5.298317366548036
0-4 km,3867,KSBD,KSBD,SBD,San Bernardino International Airport,large_airport,06071,2010-05-01,0.008,5,1,FALSE,16.323999023437523,2.6326256967270925,44.05,91.52,0.4189957681973499,-0.38602672321987636,FALSE,FALSE,0,-4.710530701645918
0-4 km,3867,KSBD,KSBD,SBD,San Bernardino International Airport,large_airport,06071,2010-06-01,0.01,5,1,FALSE,19.14400024414065,3.8760240382540916,46.75,91.668,0.029228443069055976,-0.7144373374938662,FALSE,FALSE,0,-4.509860006183766
0-4 km,3867,KSBD,KSBD,SBD,San Bernardino International Airport,large_airport,06071,2010-07-01,0.01,6,1,FALSE,23.644998168945335,4.725280042864235,36.875,91.495,-0.25755371548976225,-0.4580650383914836,FALSE,FALSE,0,-4.509860006183766
0-4 km,3867,KSBD,KSBD,SBD,San Bernardino International Airport,large_airport,06071,2010-08-01,0.01,5,1,FALSE,22.278002929687524,1.6053749230303218,38.3,91.47800000000001,-0.1667616780467584,-0.4724401988246407,FALSE,FALSE,0,-4.509860006183766
0-4 km,3867,KSBD,KSBD,SBD,San Bernardino International Airport,large_airport,06071,2010-09-01,0.012,5,1,FALSE,21.62000122070315,4.44089328313215,37.05,91.458,-0.556984498809552,-0.19045750138832385,FALSE,FALSE,0,-4.3428059215206005
0-4 km,3867,KSBD,KSBD,SBD,San Bernardino International Airport,large_airport,06071,2010-10-01,0.004,5,1,FALSE,15.711993408203147,3.6618788324802836,55.85,91.76400000000001,0.6882004694891231,-0.3024801058567845,FALSE,FALSE,0,-5.298317366548036
0-4 km,3867,KSBD,KSBD,SBD,San Bernardino International Airport,large_airport,06071,2010-11-01,0.007,5,1,FALSE,12.283996582031273,1.5892861918354029,50.1,91.748,0.7965361176319575,-0.03414945627882419,FALSE,FALSE,0,-4.8283137373023015
0-4 km,3867,KSBD,KSBD,SBD,San Bernardino International Airport,large_airport,06071,2010-12-01,0.0125,4,1,FALSE,10.539994812011741,5.38559497191683,62.4375,91.7825,-0.464035228133721,-0.04679453991434114,FALSE,FALSE,0,-4.305065593537753
0-4 km,3867,KSBD,KSBD,SBD,San Bernardino International Airport,large_airport,06071,2011-01-01,0.0054,5,1,FALSE,8.868011474609398,4.601045777085515,43.5,92.198,0.8241896519626314,0.4504391318077454,FALSE,FALSE,0,-5.051457288616511
0-4 km,3867,KSBD,KSBD,SBD,San Bernardino International Airport,large_airport,06071,2011-02-01,0.005,5,1,FALSE,7.094006347656273,3.7152717159122726,56.9,91.572,0.47525633323490346,-0.10539075509466113,FALSE,FALSE,0,-5.115995809754082
0-4 km,3867,KSBD,KSBD,SBD,San Bernardino International Airport,large_airport,06071,2011-03-01,0.0066,5,1,FALSE,12.076000976562522,2.0500607770068466,59.6,91.828,0.06747958556230903,0.01576607200809905,FALSE,FALSE,0,-4.879607031689852
0-4 km,3867,KSBD,KSBD,SBD,San Bernardino International Airport,large_airport,06071,2011-04-01,0.0062,5,1,FALSE,11.926007080078147,3.2109499345094306,53.6,91.586,0.23246746930682022,0.04675900616914915,FALSE,FALSE,0,-4.933674252960127
0-4 km,3867,KSBD,KSBD,SBD,San Bernardino International Airport,large_airport,06071,2011-05-01,0.0052,5,1,FALSE,15.324005126953148,1.4768489779562626,42.8,91.554,0.12256035720028231,-0.2070071671842435,FALSE,FALSE,0,-5.083205986931091
0-4 km,3867,KSBD,KSBD,SBD,San Bernardino International Airport,large_airport,06071,2011-06-01,0.0066,5,1,FALSE,18.061999511718774,2.739160511977906,46.4,91.496,-0.055271450051927774,-0.46699108273495815,FALSE,FALSE,0,-4.879607031689852
0-4 km,3867,KSBD,KSBD,SBD,San Bernardino International Airport,large_airport,06071,2011-07-01,0.0062,5,1,FALSE,24.161999511718772,5.0877028780483275,37.8,91.452,0.13541008348763972,-0.4749082510187088,FALSE,FALSE,0,-4.933674252960127
0-4 km,3867,KSBD,KSBD,SBD,San Bernardino International Airport,large_airport,06071,2011-08-01,0.0075,6,1,FALSE,23.795002237955753,4.235246297576966,36.166666666666664,91.55666666666667,-0.9300601418684888,-0.2531726222401427,FALSE,FALSE,0,-4.767689115485866
0-4 km,3867,KSBD,KSBD,SBD,San Bernardino International Airport,large_airport,06071,2011-09-01,0.007,5,1,FALSE,22.210003662109397,3.277834228387777,40,91.812,-0.17531742260114802,-0.12434099235416182,FALSE,FALSE,0,-4.8283137373023015
0-4 km,3867,KSBD,KSBD,SBD,San Bernardino International Airport,large_airport,06071,2011-10-01,0.007,5,1,FALSE,17.305999755859396,3.7171205985503217,41.1,91.748,-0.07544587138734202,0.42060789426485296,FALSE,FALSE,0,-4.8283137373023015
0-4 km,3867,KSBD,KSBD,SBD,San Bernardino International Airport,large_airport,06071,2011-11-01,0.0072,5,1,FALSE,12.661993408203148,5.899167781087436,40.05,91.868,-0.19482230318667854,0.04409530531444485,FALSE,FALSE,0,-4.803621124711929
0-4 km,3867,KSBD,KSBD,SBD,San Bernardino International Airport,large_airport,06071,2011-12-01,0.0074,5,1,FALSE,7.678009033203148,3.217679187137261,38.15,92.182,-0.1011808371688844,0.6212462462459898,FALSE,FALSE,0,-4.779523573132869
0-4 km,3867,KSBD,KSBD,SBD,San Bernardino International Airport,large_airport,06071,2012-01-01,0.00675,4,1,FALSE,8.669999694824241,4.050508136566592,53.4375,92.075,0.8796106595381863,0.23771093072016944,FALSE,FALSE,0,-4.860062435616881
0-4 km,3867,KSBD,KSBD,SBD,San Bernardino International Airport,large_airport,06071,2012-02-01,0.0036,5,1,FALSE,8.534008789062522,4.6692755005494035,54.45,91.782,0.6586688383758477,-0.0034353682745604797,FALSE,FALSE,0,-5.381698975487088
0-4 km,3867,KSBD,KSBD,SBD,San Bernardino International Airport,large_airport,06071,2012-03-01,0.004,5,1,FALSE,13.952008056640647,2.5227645668110674,46.45,91.88799999999999,0.038928266334623755,0.21480146444584852,FALSE,FALSE,0,-5.298317366548036
0-4 km,3867,KSBD,KSBD,SBD,San Bernardino International Airport,large_airport,06071,2012-04-01,0.0046,5,1,FALSE,14.698004150390648,2.164487203235295,50.2,91.762,-0.09365668412165777,-0.06490121444053243,FALSE,FALSE,0,-5.184988681241033
0-4 km,3867,KSBD,KSBD,SBD,San Bernardino International Airport,large_airport,06071,2012-05-01,0.006,5,1,FALSE,18.01000976562502,1.7576943779085623,41.8,91.614,0.19713327582150866,-0.6167620286171284,FALSE,FALSE,0,-4.961845129926823
0-4 km,3867,KSBD,KSBD,SBD,San Bernardino International Airport,large_airport,06071,2012-06-01,0.0076,5,1,FALSE,20.434008789062524,4.779956605606513,39.6,91.334,-0.23680219592104831,-0.6361392654168032,FALSE,FALSE,0,-4.755993075722675
0-4 km,3867,KSBD,KSBD,SBD,San Bernardino International Airport,large_airport,06071,2012-07-01,0.0064,5,1,FALSE,22.838006591796898,3.709785708103023,42.2,91.68599999999999,0.1881823030124375,-0.632802758470885,FALSE,FALSE,0,-4.9062752787720125
0-4 km,3867,KSBD,KSBD,SBD,San Bernardino International Airport,large_airport,06071,2012-08-01,0.0058000000000000005,5,1,FALSE,24.79400634765627,3.514376678453971,42.75,91.6,-0.22834360737030662,-0.631054435535312,FALSE,FALSE,0,-4.990832666800076
0-4 km,3867,KSBD,KSBD,SBD,San Bernardino International Airport,large_airport,06071,2012-09-01,0.006,5,1,FALSE,22.05200195312502,2.799979101192585,45.35,91.832,0.5384555392518857,-0.1764202470045932,FALSE,FALSE,0,-4.961845129926823
0-4 km,3867,KSBD,KSBD,SBD,San Bernardino International Airport,large_airport,06071,2012-10-01,0.0048000000000000004,5,1,FALSE,16.34199829101565,2.854179473865446,48.55,91.758,-0.5686167888808558,0.11636664453944932,FALSE,FALSE,0,-5.149897361429764
0-4 km,3867,KSBD,KSBD,SBD,San Bernardino International Airport,large_airport,06071,2012-11-01,0.0045,4,1,FALSE,14.592500305175804,3.355945963281714,57.5625,92.1725,-0.04480141721604755,0.004558329851622744,FALSE,FALSE,0,-5.2030071867437115
0-4 km,3867,KSBD,KSBD,SBD,San Bernardino International Airport,large_airport,06071,2012-12-01,0.005,2,1,FALSE,10.360009765625023,1.278254148949297,59.25,92.1,0.0317730654367695,-0.22146438240447744,FALSE,FALSE,0,-5.115995809754082
0-4 km,3867,KSBD,KSBD,SBD,San Bernardino International Airport,large_airport,06071,2013-01-01,0.0034000000000000002,5,1,FALSE,7.158001708984398,4.123163877151606,44.95,92.07,0.7209028578119488,0.36993919875745906,FALSE,FALSE,0,-5.426150738057921
0-4 km,3867,KSBD,KSBD,SBD,San Bernardino International Airport,large_airport,06071,2013-02-01,0.0016,5,1,FALSE,8.607989501953147,3.2220451908514085,53.6,91.904,0.42840323048946655,0.2615526403773825,FALSE,FALSE,0,-5.952243833954701
0-4 km,3867,KSBD,KSBD,SBD,San Bernardino International Airport,large_airport,06071,2013-03-01,0.0042,5,1,FALSE,13.590008544921897,3.4924689972582525,44.4,91.864,0.940542799695173,-0.17583108351785737,FALSE,FALSE,0,-5.259096653394756
0-4 km,3867,KSBD,KSBD,SBD,San Bernardino International Airport,large_airport,06071,2013-04-01,0.0064,5,1,FALSE,15.684008789062522,1.915038094992491,42.15,91.66199999999999,0.21792333160846042,-0.416187168112209,FALSE,FALSE,0,-4.9062752787720125
0-4 km,3867,KSBD,KSBD,SBD,San Bernardino International Airport,large_airport,06071,2013-05-01,0.005,4,1,FALSE,17.98999938964846,3.333164833727296,51.25,91.485,0.1777063960281058,-0.3696760518294377,FALSE,FALSE,0,-5.115995809754082
0-4 km,3867,KSBD,KSBD,SBD,San Bernardino International Airport,large_airport,06071,2013-06-01,0.0085,4,1,FALSE,20.56250152587893,3.3558623190262655,43.75,91.3675,-0.1904510546913492,-0.7792436773656197,FALSE,FALSE,0,-4.656463480375642
0-4 km,3867,KSBD,KSBD,SBD,San Bernardino International Airport,large_airport,06071,2013-07-01,0.009600000000000001,5,1,FALSE,24.672009277343772,3.4996122940189807,40.55,91.652,0.11155833684498674,-0.5079779232381444,FALSE,FALSE,0,-4.546901277864116
0-4 km,3867,KSBD,KSBD,SBD,San Bernardino International Airport,large_airport,06071,2013-08-01,0.01,4,1,FALSE,23.585000610351585,2.407127242246965,38.5,91.7075,0.2864907429119418,-0.434813156806933,FALSE,FALSE,0,-4.509860006183766
0-4 km,3867,KSBD,KSBD,SBD,San Bernardino International Airport,large_airport,06071,2013-09-01,0.0073999999999999995,5,1,FALSE,22.402008056640646,3.8422288249600927,38.75,91.452,-0.17639037783224112,-0.26843402073546113,FALSE,FALSE,0,-4.779523573132869
0-4 km,3867,KSBD,KSBD,SBD,San Bernardino International Airport,large_airport,06071,2013-10-01,0.006833333333333334,6,1,FALSE,16.515003458658878,2.1875359364557996,42.541666666666664,91.78833333333333,0.4447609251786247,0.1509444744654368,FALSE,FALSE,0,-4.849367146500133
0-4 km,3867,KSBD,KSBD,SBD,San Bernardino International Airport,large_airport,06071,2013-11-01,0.0084,5,1,FALSE,11.654003906250022,4.251028182993779,49.5,92.176,-0.17311262334248512,0.6031068972469041,FALSE,FALSE,0,-4.667045589706179
0-4 km,3867,KSBD,KSBD,SBD,San Bernardino International Airport,large_airport,06071,2013-12-01,0.0062,5,1,FALSE,9.758001708984398,3.2071807437577586,34.5,92.19800000000001,-0.735533474115519,0.4739435212762054,FALSE,FALSE,0,-4.933674252960127
0-4 km,3867,KSBD,KSBD,SBD,San Bernardino International Airport,large_airport,06071,2014-01-01,0.008199999999999999,5,1,FALSE,13.188006591796897,3.3625228725697824,27.8,91.99,0.17396135069630078,0.5513357020236488,FALSE,FALSE,0,-4.688551794927142
0-4 km,3867,KSBD,KSBD,SBD,San Bernardino International Airport,large_airport,06071,2014-02-01,0.0058,5,1,FALSE,12.434002685546897,2.300455221385317,58.25,91.592,0.4699351518373915,-0.11158428350464683,FALSE,FALSE,0,-4.990832666800076
0-4 km,3867,KSBD,KSBD,SBD,San Bernardino International Airport,large_airport,06071,2014-03-01,0.0068000000000000005,5,1,FALSE,14.320001220703148,3.7501236950415313,45.1,91.756,0.2604620008279509,0.19373085719646616,FALSE,FALSE,0,-4.853631545286591
0-4 km,3867,KSBD,KSBD,SBD,San Bernardino International Airport,large_airport,06071,2014-04-01,0.012199999999999999,5,1,FALSE,16.116009521484397,3.4439138260124906,36.7,91.566,-0.21661331281106017,-0.0774626525461059,FALSE,FALSE,0,-4.327538449389812
0-4 km,3867,KSBD,KSBD,SBD,San Bernardino International Airport,large_airport,06071,2014-05-01,0.010199999999999999,5,1,FALSE,18.514001464843773,4.46648934740687,35.6,91.5,-0.19456103806751063,-0.13585185452662127,FALSE,FALSE,0,-4.491841500681089
0-4 km,3867,KSBD,KSBD,SBD,San Bernardino International Airport,large_airport,06071,2014-06-01,0.012,5,1,FALSE,21.360009765625023,3.0680190752231966,40.45,91.322,0.14640894398335397,-0.40666980127909214,FALSE,FALSE,0,-4.3428059215206005
0-4 km,3867,KSBD,KSBD,SBD,San Bernardino International Airport,large_airport,06071,2014-07-01,0.011,5,1,FALSE,24.008007812500022,3.9592381485686117,45.95,91.862,-0.17880610772691624,-0.2810533974407889,FALSE,FALSE,0,-4.422848629194137
0-4 km,3867,KSBD,KSBD,SBD,San Bernardino International Airport,large_airport,06071,2014-08-01,0.0066,5,1,FALSE,22.902001953125023,3.5412605145856944,45.3,91.782,0.17924954052956274,-0.42676596556731144,FALSE,FALSE,0,-4.879607031689852
0-4 km,3867,KSBD,KSBD,SBD,San Bernardino International Airport,large_airport,06071,2014-09-01,0.008,5,1,FALSE,23.67199707031252,3.115794406496228,45.5,91.462,0.0058726558188839425,-0.6059306347576026,FALSE,FALSE,0,-4.710530701645918
0-4 km,3867,KSBD,KSBD,SBD,San Bernardino International Airport,large_airport,06071,2014-10-01,0.00625,4,1,FALSE,18.679986572265648,3.358258788849498,40.75,91.74375,0.14118789940432047,0.3397646925786317,FALSE,FALSE,0,-4.926753810115554
0-4 km,3867,KSBD,KSBD,SBD,San Bernardino International Airport,large_airport,06071,2014-11-01,0.0062,5,1,FALSE,14.804974365234397,5.060131381854782,40.2,92.077,-0.5696879263301204,-0.08202309339909242,FALSE,FALSE,0,-4.933674252960127
0-4 km,3867,KSBD,KSBD,SBD,San Bernardino International Airport,large_airport,06071,2014-12-01,0.005666666666666667,3,1,FALSE,10.533319091796898,5.727705354854531,81.5,92.07666666666667,-0.25999456902247714,-0.14682770381663926,FALSE,FALSE,0,-5.0106352940962555
0-4 km,3867,KSBD,KSBD,SBD,San Bernardino International Airport,large_airport,06071,2015-01-01,0.0023333333333333335,3,1,FALSE,10.816654459635439,4.179887710629741,63.416666666666664,92.02583333333334,0.9022166150216049,0.12760303654892277,FALSE,FALSE,0,-5.703782474656201
0-4 km,3867,KSBD,KSBD,SBD,San Bernardino International Airport,large_airport,06071,2015-02-01,0.0055,4,1,FALSE,12.531221008300804,1.902854582612209,55.75,91.81875,0.7279650112353204,0.20645353302298178,FALSE,FALSE,0,-5.035953102080546
0-4 km,3867,KSBD,KSBD,SBD,San Bernardino International Airport,large_airport,06071,2015-03-01,0.005,6,1,FALSE,15.224989827473982,2.82137121935947,44.083333333333336,91.82333333333334,0.5658504436314987,0.2510024563391859,FALSE,FALSE,0,-5.115995809754082
0-4 km,3867,KSBD,KSBD,SBD,San Bernardino International Airport,large_airport,06071,2015-04-01,0.002,5,1,FALSE,15.175006103515647,3.4246190910395646,49.7,91.469,0.394069080485298,-0.07740360178099041,FALSE,FALSE,0,-5.809142990314028
0-4 km,3867,KSBD,KSBD,SBD,San Bernardino International Airport,large_airport,06071,2015-05-01,0.001,5,1,FALSE,16.48999633789065,2.351604818961997,52.6,91.5185,0.460987293240514,-0.6263942786935388,FALSE,FALSE,0,-6.214608098422191
0-4 km,3867,KSBD,KSBD,SBD,San Bernardino International Airport,large_airport,06071,2015-06-01,0.007,5,1,FALSE,21.93499755859377,1.7630020399973891,44.55,91.49849999999999,0.5206696572788676,-0.5116539745954474,FALSE,FALSE,0,-4.8283137373023015
0-4 km,3867,KSBD,KSBD,SBD,San Bernardino International Airport,large_airport,06071,2015-07-01,0.0048,5,1,FALSE,21.894989013671896,3.0018865342964745,52.15,91.6105,-0.20922964063804697,-0.5601420080823045,FALSE,FALSE,0,-5.149897361429764
0-4 km,3867,KSBD,KSBD,SBD,San Bernardino International Airport,large_airport,06071,2015-08-01,0.0074,5,1,FALSE,24.890002441406274,4.616454176233542,41.95,91.6555,0.23644683237911027,-0.45366807304786194,FALSE,FALSE,0,-4.779523573132869
0-4 km,3867,KSBD,KSBD,SBD,San Bernardino International Airport,large_airport,06071,2015-09-01,0.0076,5,1,FALSE,24.2199890136719,3.344215232108699,49.45,91.4595,0.19085402905376625,-0.534794537592622,FALSE,FALSE,0,-4.755993075722675
0-4 km,3867,KSBD,KSBD,SBD,San Bernardino International Airport,large_airport,06071,2015-10-01,0.006,4,1,FALSE,21.387483215332054,3.688153301179796,48.25,91.626875,0.9394593210852898,0.17037889197300685,FALSE,FALSE,0,-4.961845129926823
0-4 km,3867,KSBD,KSBD,SBD,San Bernardino International Airport,large_airport,06071,2015-11-01,0.0072,5,1,FALSE,13.579980468750023,2.4310719678514814,41.3,91.6545,-0.8149995696371684,0.07503875998925762,FALSE,FALSE,0,-4.803621124711929
0-4 km,3867,KSBD,KSBD,SBD,San Bernardino International Airport,large_airport,06071,2015-12-01,0.012,5,1,FALSE,8.349987792968772,2.81402985311884,48.55,91.878,0.1049034898196802,0.06640904699149129,FALSE,FALSE,0,-4.3428059215206005
0-4 km,3867,KSBD,KSBD,SBD,San Bernardino International Airport,large_airport,06071,2016-01-01,0.008333333333333333,3,1,FALSE,5.808312988281273,3.523137532452786,58.583333333333336,91.8175,0.6860266931721216,0.35110237066803507,FALSE,FALSE,0,-4.674163057475043
0-4 km,3867,KSBD,KSBD,SBD,San Bernardino International Airport,large_airport,06071,2016-02-01,0.00825,4,1,FALSE,13.674989318847679,2.136572831545397,46,92.138125,-0.01999647840478342,-0.027393525183781443,FALSE,FALSE,0,-4.683131727457803
0-4 km,3867,KSBD,KSBD,SBD,San Bernardino International Airport,large_airport,06071,2016-03-01,0.005,6,1,FALSE,12.258320109049501,2.9864443083438377,58.5,91.73708333333333,0.2441934626573419,0.21848147400382725,FALSE,FALSE,0,-5.115995809754082
0-4 km,3867,KSBD,KSBD,SBD,San Bernardino International Airport,large_airport,06071,2016-04-01,0.0056,5,1,FALSE,16.339990234375023,3.127211202280994,49.5,91.79599999999999,-0.5548055588610096,-0.05097484157062045,FALSE,FALSE,0,-5.0206856299497575
0-4 km,3867,KSBD,KSBD,SBD,San Bernardino International Airport,large_airport,06071,2016-05-01,0.0052,5,1,FALSE,16.314996337890648,3.87444375993422,54.75,91.57,0.07107792202635607,-0.21293815391001028,FALSE,FALSE,0,-5.083205986931091
0-4 km,3867,KSBD,KSBD,SBD,San Bernardino International Airport,large_airport,06071,2016-06-01,0.0082,5,1,FALSE,22.904992675781273,2.969626003382502,38.35,91.6925,0.5084951739618467,-0.6648596110803534,FALSE,FALSE,0,-4.688551794927142
0-4 km,3867,KSBD,KSBD,SBD,San Bernardino International Airport,large_airport,06071,2016-07-01,0.009600000000000001,5,1,FALSE,24.445001220703148,2.6652511281434714,34.3,91.571,0.2349507449538931,-0.4514471177701123,FALSE,FALSE,0,-4.546901277864116
0-4 km,3867,KSBD,KSBD,SBD,San Bernardino International Airport,large_airport,06071,2016-08-01,0.0072,5,1,FALSE,22.569989013671897,3.838905631022707,43.85,91.6605,0.005847187849700386,-0.5064571896263095,FALSE,FALSE,0,-4.803621124711929
0-4 km,3867,KSBD,KSBD,SBD,San Bernardino International Airport,large_airport,06071,2016-09-01,0.01,4,1,FALSE,20.762498474121116,3.437353924131227,39.375,91.75125,-0.5023699854159883,-0.3991112169638394,FALSE,FALSE,0,-4.509860006183766
0-4 km,3867,KSBD,KSBD,SBD,San Bernardino International Airport,large_airport,06071,2016-10-01,0.007,3,1,FALSE,17.558323160807316,1.9527918593093465,46,91.685,-0.3627479549713877,-0.006396409465295187,FALSE,FALSE,0,-4.8283137373023015
0-4 km,3867,KSBD,KSBD,SBD,San Bernardino International Airport,large_airport,06071,2016-11-01,0.0068,5,1,FALSE,15.764990234375023,4.448003315275691,34.3,92,0.16558643646980878,0.020218973786033104,FALSE,FALSE,0,-4.853631545286591
0-4 km,3867,KSBD,KSBD,SBD,San Bernardino International Airport,large_airport,06071,2016-12-01,0.0052,5,1,FALSE,8.539990234375022,3.613111569100554,43.05,92.0795,-0.3789382586912813,0.30086183331695676,FALSE,FALSE,0,-5.083205986931091
0-4 km,3867,KSBD,KSBD,SBD,San Bernardino International Airport,large_airport,06071,2017-01-01,0.004666666666666666,6,1,FALSE,6.34582926432294,3.0092527981288346,78.91666666666667,91.79416666666667,0.009255746085530953,0.3122643060567834,FALSE,FALSE,0,-5.173154223594031
0-4 km,3867,KSBD,KSBD,SBD,San Bernardino International Airport,large_airport,06071,2017-02-01,0.0032500000000000003,4,1,FALSE,8.768739318847679,4.266697671169096,80.375,91.508125,-0.2522101342546715,-0.01427363518082281,FALSE,FALSE,0,-5.4608362960458114
0-4 km,3867,KSBD,KSBD,SBD,San Bernardino International Airport,large_airport,06071,2017-03-01,0.006,5,1,FALSE,14.684991455078148,2.9200250828190657,43.35,92.1085,-0.1320756230212024,-0.08869374798009962,FALSE,FALSE,0,-4.961845129926823
0-4 km,3867,KSBD,KSBD,SBD,San Bernardino International Airport,large_airport,06071,2017-04-01,0.008,3,1,FALSE,14.066664632161482,5.381834463248741,49.833333333333336,91.46166666666667,-0.32744968646823086,0.00799543750685783,FALSE,FALSE,0,-4.710530701645918
0-4 km,3867,KSBD,KSBD,SBD,San Bernardino International Airport,large_airport,06071,2017-05-01,0.006166666666666667,6,1,FALSE,16.729150390625023,2.527297135401117,43.5,91.32916666666667,-0.2527669290431253,-0.3101273406939371,FALSE,FALSE,0,-4.938314632516629
0-4 km,3867,KSBD,KSBD,SBD,San Bernardino International Airport,large_airport,06071,2017-06-01,0.007,5,1,FALSE,22.154992675781273,2.3924777432958924,42.6,91.5085,-0.0933446441460343,-0.3207382603838316,FALSE,FALSE,0,-4.8283137373023015
0-4 km,3867,KSBD,KSBD,SBD,San Bernardino International Airport,large_airport,06071,2017-07-01,0.007,5,1,FALSE,24.9749938964844,4.121057207811971,43.15,91.732,-0.19100607803174416,-0.6488349146432137,FALSE,FALSE,0,-4.8283137373023015
0-4 km,3867,KSBD,KSBD,SBD,San Bernardino International Airport,large_airport,06071,2017-08-01,0.009600000000000001,5,1,FALSE,24.9900085449219,2.891467538410677,41.95,91.6985,-0.05937245457969482,-0.5948362240276361,FALSE,FALSE,0,-4.546901277864116
0-4 km,3867,KSBD,KSBD,SBD,San Bernardino International Airport,large_airport,06071,2017-09-01,0.0052,5,1,FALSE,20.10998535156252,2.9612256657114675,48.9,91.625,0.17776729005461137,0.16248728244460872,FALSE,FALSE,0,-5.083205986931091
0-4 km,3867,KSBD,KSBD,SBD,San Bernardino International Airport,large_airport,06071,2017-10-01,0.0078000000000000005,5,1,FALSE,17.509997558593774,3.389023372139322,34.4,91.924,-0.16412779723285584,0.308918231097459,FALSE,FALSE,0,-4.733003557497976
0-4 km,3867,KSBD,KSBD,SBD,San Bernardino International Airport,large_airport,06071,2017-11-01,0.0076,5,1,FALSE,15.029992675781273,3.395596858050398,58.3,91.8555,-0.17176743847609313,-0.3534987816229203,FALSE,FALSE,0,-4.755993075722675
0-4 km,3867,KSBD,KSBD,SBD,San Bernardino International Airport,large_airport,06071,2017-12-01,0.0104,5,1,FALSE,11.704986572265648,3.058377809101117,37.5,92.129,-0.44166456000651677,0.3152520069127216,FALSE,FALSE,0,-4.474141923581687
0-4 km,3867,KSBD,KSBD,SBD,San Bernardino International Airport,large_airport,06071,2018-01-01,0.0056,5,1,FALSE,11.784991455078147,2.036887931000298,52.4,91.959,0.22003867980117015,0.5019649765342311,FALSE,FALSE,0,-5.0206856299497575
0-4 km,3867,KSBD,KSBD,SBD,San Bernardino International Airport,large_airport,06071,2018-02-01,0.007,3,1,FALSE,11.941654459635439,3.708976244950426,36.166666666666664,92.09166666666667,0.7188775080724261,0.37439371485037753,FALSE,FALSE,0,-4.8283137373023015
0-4 km,3867,KSBD,KSBD,SBD,San Bernardino International Airport,large_airport,06071,2018-03-01,0.0042,5,1,FALSE,10.304992675781273,3.524900802212768,61.65,91.6725,0.10052163016388066,-0.15066339291235514,FALSE,FALSE,0,-5.259096653394756
0-4 km,3867,KSBD,KSBD,SBD,San Bernardino International Airport,large_airport,06071,2018-04-01,0.00575,4,1,FALSE,14.981240844726585,3.4652760621049703,41.25,91.804375,0.8888601163000857,-0.17036436068667368,FALSE,FALSE,0,-4.9982127740976985
0-4 km,3867,KSBD,KSBD,SBD,San Bernardino International Airport,large_airport,06071,2018-05-01,0.0038,5,1,FALSE,15.359991455078148,1.7185082403332548,59.65,91.543,0.5659769431924095,-0.7355461789358426,FALSE,FALSE,0,-5.339139361068292
0-4 km,3867,KSBD,KSBD,SBD,San Bernardino International Airport,large_airport,06071,2018-06-01,0.0054,5,1,FALSE,19.654992675781273,2.538750201422731,48.75,91.516,0.072870420609966,-0.6176006814952798,FALSE,FALSE,0,-5.051457288616511
0-4 km,3867,KSBD,KSBD,SBD,San Bernardino International Airport,large_airport,06071,2018-07-01,0.007833333333333333,6,1,FALSE,26.820820109049503,3.3107519780713806,40.291666666666664,91.79791666666667,-0.2237066980633481,-0.7148193714616802,FALSE,FALSE,0,-4.729222834658071
0-4 km,3867,KSBD,KSBD,SBD,San Bernardino International Airport,large_airport,06071,2018-08-01,0.008,3,1,FALSE,23.041670735677105,2.31187621420782,45.25,91.7825,0.2596646541345139,-0.5805212870756851,FALSE,FALSE,0,-4.710530701645918
0-4 km,3867,KSBD,KSBD,SBD,San Bernardino International Airport,large_airport,06071,2018-09-01,0.0066,5,1,FALSE,22.329986572265646,2.866388953347236,43.85,91.55149999999999,-0.12469335923158568,-0.5810999130620689,FALSE,FALSE,0,-4.879607031689852
0-4 km,3867,KSBD,KSBD,SBD,San Bernardino International Airport,large_airport,06071,2018-10-01,0.0058,5,1,FALSE,16.704998779296897,3.80549583445057,56.55,91.6755,-0.235593382099629,-0.2084368555186225,FALSE,FALSE,0,-4.990832666800076
0-4 km,3867,KSBD,KSBD,SBD,San Bernardino International Airport,large_airport,06071,2018-11-01,0.0072,5,1,FALSE,14.539990234375022,2.320058427407156,41,91.8575,0.029163050759965014,0.04696378371509824,FALSE,FALSE,0,-4.803621124711929
0-4 km,3867,KSBD,KSBD,SBD,San Bernardino International Airport,large_airport,06071,2018-12-01,0.0062,5,1,FALSE,10.114984130859398,2.1393899644679926,48.95,91.9905,-0.395693865229361,0.36721348121425285,FALSE,FALSE,0,-4.933674252960127
0-4 km,3867,KSBD,KSBD,SBD,San Bernardino International Airport,large_airport,06071,2019-01-01,0.0036,5,1,FALSE,8.259997558593772,3.2136329390234812,75.75,92.04,0.28208610120958416,0.31164010425425714,FALSE,FALSE,0,-5.381698975487088
0-4 km,3867,KSBD,KSBD,SBD,San Bernardino International Airport,large_airport,06071,2019-02-01,0.0036,5,1,FALSE,7.064990234375022,3.5204984570715263,74.95,91.637,0.4506871288170368,-0.2629182767869923,FALSE,FALSE,0,-5.381698975487088
0-4 km,3867,KSBD,KSBD,SBD,San Bernardino International Airport,large_airport,06071,2019-03-01,0.003,5,1,FALSE,9.154992675781273,3.72544504592502,74.25,91.838,0.12250875588568681,0.061047642698885116,FALSE,FALSE,0,-5.521460917862246
0-4 km,3867,KSBD,KSBD,SBD,San Bernardino International Airport,large_airport,06071,2019-04-01,0.008199999999999999,5,1,FALSE,15.039990234375022,1.8288325489749384,62.1,91.565,0.5331350070390144,-0.5736167922074088,FALSE,FALSE,0,-4.688551794927142
0-4 km,3867,KSBD,KSBD,SBD,San Bernardino International Airport,large_airport,06071,2019-05-01,0.0032,5,1,FALSE,14.650000000000023,2.976230356157411,61.3,91.394,-0.3249970324474144,-0.43586417953931655,FALSE,FALSE,0,-5.472670753692814
0-4 km,3867,KSBD,KSBD,SBD,San Bernardino International Airport,large_airport,06071,2019-06-01,0.0052,5,1,FALSE,19.209997558593773,5.237757009564519,53.95,91.4565,0.16245728999502893,-0.5085763608914702,FALSE,FALSE,0,-5.083205986931091
0-4 km,3867,KSBD,KSBD,SBD,San Bernardino International Airport,large_airport,06071,2019-07-01,0.0052,5,1,FALSE,22.479992675781272,2.904882648670355,45,91.6595,-0.1951654921258944,-0.6872977984013131,FALSE,FALSE,0,-5.083205986931091
0-4 km,3867,KSBD,KSBD,SBD,San Bernardino International Airport,large_airport,06071,2019-08-01,0.006333333333333333,6,1,FALSE,23.166660563151066,4.3297786272931464,43.666666666666664,91.74333333333334,0.04004973185918267,-0.3829537033777548,FALSE,FALSE,0,-4.915325114291931
0-4 km,3867,KSBD,KSBD,SBD,San Bernardino International Airport,large_airport,06071,2019-09-01,0.0094,5,1,FALSE,19.699993896484397,5.256793107411472,46.2,91.6725,-0.5702552443722613,-0.09132507095197402,FALSE,FALSE,0,-4.56594947283481
0-4 km,3867,KSBD,KSBD,SBD,San Bernardino International Airport,large_airport,06071,2019-10-01,0.012750000000000001,4,1,FALSE,17.89374694824221,3.779470399790729,30.9375,91.69437500000001,0.43960048737413104,0.2453455980680553,FALSE,FALSE,0,-4.286716454869556
0-4 km,3867,KSBD,KSBD,SBD,San Bernardino International Airport,large_airport,06071,2019-11-01,0.0094,5,1,FALSE,11.844989013671897,3.036619065440021,57.15,91.6845,-0.6552490075573201,0.39898290341095843,FALSE,FALSE,0,-4.56594947283481
0-4 km,3867,KSBD,KSBD,SBD,San Bernardino International Airport,large_airport,06071,2019-12-01,0.0045000000000000005,4,1,FALSE,9.606248474121116,4.045571586787994,63.0625,92.019375,0.23353626253220872,-0.17835064358583996,FALSE,FALSE,0,-5.2030071867437115
0-4 km,3867,KSBD,KSBD,SBD,San Bernardino International Airport,large_airport,06071,2020-01-01,0.0078,5,1,FALSE,9.484985351562523,3.6486643755903025,58.3,92.1575,0.6781072659426097,0.08040625380129887,FALSE,FALSE,0,-4.733003557497977
0-4 km,3867,KSBD,KSBD,SBD,San Bernardino International Airport,large_airport,06071,2020-02-01,0.006,5,1,FALSE,12.115002441406272,3.6596116497397038,48.05,91.791,0.937259005292135,0.022133130543889747,FALSE,FALSE,0,-4.961845129926823
0-4 km,3867,KSBD,KSBD,SBD,San Bernardino International Airport,large_airport,06071,2020-03-01,0.002,4,1,FALSE,9.387490844726585,3.4432471110747196,69.9375,91.8225,0.3928265420876601,0.3392669945338391,FALSE,FALSE,0,-5.809142990314028
0-4 km,3867,KSBD,KSBD,SBD,San Bernardino International Airport,large_airport,06071,2020-07-01,0.005,5,1,FALSE,21.764996337890647,3.8434551295614643,45.85,91.592,0.5967371416446413,-0.5636911676352545,FALSE,FALSE,0,-5.115995809754082
0-4 km,3867,KSBD,KSBD,SBD,San Bernardino International Airport,large_airport,06071,2020-08-01,0.0095,6,1,FALSE,24.883320109049503,3.563323642298959,41.625,91.54041666666667,0.014664017012549787,-0.4447284875258276,FALSE,FALSE,0,-4.55638002181866
0-4 km,3867,KSBD,KSBD,SBD,San Bernardino International Airport,large_airport,06071,2020-09-01,0.0094,5,1,FALSE,26.084991455078146,2.2684370376909544,31.85,91.7995,-0.03639899050182738,-0.19432878833302006,FALSE,FALSE,0,-4.56594947283481
0-4 km,3867,KSBD,KSBD,SBD,San Bernardino International Airport,large_airport,06071,2020-10-01,0.0088,5,1,FALSE,20.684991455078148,2.7554430695229137,41.7,91.8835,-0.13952454312367418,0.24050533878717478,FALSE,FALSE,0,-4.62537289330561
0-4 km,3867,KSBD,KSBD,SBD,San Bernardino International Airport,large_airport,06071,2020-11-01,0.0094,5,1,FALSE,16.259985351562523,1.590870735829444,32.25,91.902,-0.026947031824891193,0.4304486545328303,FALSE,FALSE,0,-4.56594947283481
0-4 km,3867,KSBD,KSBD,SBD,San Bernardino International Airport,large_airport,06071,2020-12-01,0.0066,5,1,FALSE,8.354986572265648,2.5971977277780076,58.7,91.9425,0.15534011641933482,-0.07927961529735675,FALSE,FALSE,0,-4.879607031689852
0-4 km,3867,KSBD,KSBD,SBD,San Bernardino International Airport,large_airport,06071,2021-01-01,0.005,5,1,FALSE,8.694995117187522,3.975183135075924,65.45,91.9105,0.924897731374654,0.08828661639471079,FALSE,FALSE,0,-5.115995809754082
0-4 km,3867,KSBD,KSBD,SBD,San Bernardino International Airport,large_airport,06071,2021-02-01,0.0046,5,1,FALSE,9.814978027343773,3.8691121995533635,59.55,91.80499999999999,0.7874909784903894,-0.0993085248859982,FALSE,FALSE,0,-5.184988681241033
0-4 km,3867,KSBD,KSBD,SBD,San Bernardino International Airport,large_airport,06071,2021-03-01,0.004,5,1,FALSE,11.169995117187522,3.2287308411144884,53.55,91.7635,0.5569917219391853,-0.2708595622459253,FALSE,FALSE,0,-5.298317366548036
0-4 km,3867,KSBD,KSBD,SBD,San Bernardino International Airport,large_airport,06071,2021-04-01,0.0058,5,1,FALSE,14.589990234375023,3.7497823875060403,46.4,91.63,0.5145660374167124,-0.005245696797300975,FALSE,FALSE,0,-4.990832666800076
0-4 km,3867,KSBD,KSBD,SBD,San Bernardino International Airport,large_airport,06071,2021-05-01,0.0046,5,1,FALSE,14.789984130859398,3.86226488957163,56.85,91.5045,0.5362057002472228,-0.3782249060922023,FALSE,FALSE,0,-5.184988681241033
0-4 km,3867,KSBD,KSBD,SBD,San Bernardino International Airport,large_airport,06071,2021-06-01,0.006,5,1,FALSE,23.55000610351565,2.8000611086501292,39.65,91.538,-0.35194399285521966,-0.6319369980482993,FALSE,FALSE,0,-4.961845129926823
0-4 km,3867,KSBD,KSBD,SBD,San Bernardino International Airport,large_airport,06071,2021-07-01,0.0056,5,1,FALSE,24.314996337890648,3.136418685259686,46.45,91.72,0.669463775405535,-0.6320640444499954,FALSE,FALSE,0,-5.0206856299497575
0-4 km,3867,KSBD,KSBD,SBD,San Bernardino International Airport,large_airport,06071,2021-08-01,0.007,5,1,FALSE,23.3399841308594,3.5321269140276557,44.4,91.75750000000001,0.8579021717969307,-0.3076738645550843,FALSE,FALSE,0,-4.8283137373023015
0-4 km,3867,KSBD,KSBD,SBD,San Bernardino International Airport,large_airport,06071,2021-09-01,0.0052,5,1,FALSE,21.615002441406272,2.8689646215069677,49.3,91.6495,-0.21752706753631615,-0.5869387537990594,FALSE,FALSE,0,-5.083205986931091
0-4 km,3867,KSBD,KSBD,SBD,San Bernardino International Airport,large_airport,06071,2021-10-01,0.004833333333333334,6,1,FALSE,14.270827229817732,4.243751180377603,58.166666666666664,91.635,-0.6793048422528687,-0.11768793742588284,FALSE,FALSE,0,-5.144166686720778
0-4 km,3867,KSBD,KSBD,SBD,San Bernardino International Airport,large_airport,06071,2021-11-01,0.0126,5,1,FALSE,15.589984130859397,3.464098881436831,47.1,91.9855,-0.404773408802304,0.2310214730830727,FALSE,FALSE,0,-4.29768548624013
0-4 km,3867,KSBD,KSBD,SBD,San Bernardino International Airport,large_airport,06071,2021-12-01,0.0058000000000000005,5,1,FALSE,8.204986572265648,3.272206156477097,72.25,91.697,0.2007760571982757,-0.007285291416416893,FALSE,FALSE,0,-4.990832666800076
0-4 km,3867,KSBD,KSBD,SBD,San Bernardino International Airport,large_airport,06071,2022-01-01,0.005,5,1,FALSE,9.679968261718773,2.9744782818038833,50.35,92.266,0.1061948420288301,0.5666238306892967,TRUE,FALSE,0,-5.115995809754082
0-4 km,3867,KSBD,KSBD,SBD,San Bernardino International Airport,large_airport,06071,2022-02-01,0.0044,5,1,FALSE,9.999987792968772,3.001204675981917,47.7,91.928,0.7758951617607663,0.3797221143701646,TRUE,FALSE,0,-5.221356325411908
0-4 km,3867,KSBD,KSBD,SBD,San Bernardino International Airport,large_airport,06071,2022-03-01,0.0058,5,1,FALSE,12.455004882812522,1.800794651045943,53,91.9775,0.6725282912156597,0.006278240753736339,TRUE,FALSE,0,-4.990832666800076
0-4 km,3867,KSBD,KSBD,SBD,San Bernardino International Airport,large_airport,06071,2022-04-01,0.0052,5,1,FALSE,13.570001220703148,2.8409882356281564,57.95,91.596,0.8437213181145666,-0.4064842875546411,TRUE,FALSE,0,-5.083205986931091
0-4 km,3867,KSBD,KSBD,SBD,San Bernardino International Airport,large_airport,06071,2022-05-01,0.0046,5,1,FALSE,16.559991455078148,2.504014290321493,48.3,91.51050000000001,0.4819774004385864,-0.5208469366636477,TRUE,FALSE,0,-5.184988681241033
0-4 km,3867,KSBD,KSBD,SBD,San Bernardino International Airport,large_airport,06071,2022-06-01,0.0074,5,1,FALSE,23.594995117187523,3.6374925931840947,41.85,91.5945,0.03671104986383742,-0.6779354536415153,TRUE,FALSE,0,-4.779523573132869
0-4 km,3867,KSBD,KSBD,SBD,San Bernardino International Airport,large_airport,06071,2022-07-01,0.0062,5,1,FALSE,23.42498779296877,5.936166944923697,44.35,91.7105,-0.22854285414799952,-0.6013239423764596,TRUE,FALSE,0,-4.933674252960127
0-4 km,3867,KSBD,KSBD,SBD,San Bernardino International Airport,large_airport,06071,2022-08-01,0.006,5,1,FALSE,24.624987792968774,3.7149665867418924,44.9,91.664,-0.0569982887682729,-0.4960485828430991,TRUE,FALSE,0,-4.961845129926823
0-4 km,3867,KSBD,KSBD,SBD,San Bernardino International Airport,large_airport,06071,2022-09-01,0.00625,4,1,FALSE,22.918733215332054,5.137156692663854,52.3125,91.518125,-0.5409640699115158,-0.32565145406169266,TRUE,FALSE,0,-4.926753810115554
0-4 km,3867,KSBD,KSBD,SBD,San Bernardino International Airport,large_airport,06071,2022-10-01,0.0074,5,1,FALSE,19.424981689453148,3.180595793919084,47.85,91.782,0.13543636342623286,-0.23311973846852324,TRUE,FALSE,0,-4.779523573132869
0-4 km,3867,KSBD,KSBD,SBD,San Bernardino International Airport,large_airport,06071,2022-11-01,0.0086,5,1,FALSE,11.329992675781273,5.298831681180661,57.2,91.8055,-0.20647469542355187,-0.0880960642193095,TRUE,FALSE,0,-4.645992180508347
0-4 km,3867,KSBD,KSBD,SBD,San Bernardino International Airport,large_airport,06071,2022-12-01,0.004833333333333334,6,1,FALSE,8.11249694824221,4.631061205370133,72.08333333333333,91.85916666666667,-0.026908677553414584,-0.1575108973399977,TRUE,FALSE,0,-5.144166686720778
0-4 km,3867,KSBD,KSBD,SBD,San Bernardino International Airport,large_airport,06071,2023-01-01,0.0034000000000000002,5,1,FALSE,5.620001220703148,3.867756023610833,81.45,91.9465,0.2404642847270612,0.20924897487099367,TRUE,FALSE,0,-5.426150738057921
0-4 km,3867,KSBD,KSBD,SBD,San Bernardino International Airport,large_airport,06071,2023-02-01,0.00375,4,1,FALSE,7.6187301635742415,3.5765717541668143,57.625,91.736875,0.05915277200552971,-0.2120387861539166,TRUE,FALSE,0,-5.349610660935587
0-4 km,3867,KSBD,KSBD,SBD,San Bernardino International Airport,large_airport,06071,2023-03-01,0.0028333333333333335,6,1,FALSE,7.17499186197919,3.4158960072541062,80.70833333333333,91.73375,0.3928369064459544,-0.0016474889766348727,TRUE,FALSE,0,-5.5640205322810425
0-4 km,3867,KSBD,KSBD,SBD,San Bernardino International Airport,large_airport,06071,2023-04-01,0.0048000000000000004,5,1,FALSE,14.369989013671898,2.4946522921355725,55.15,91.5265,0.5367143424751303,-0.36213718070781403,TRUE,FALSE,0,-5.149897361429764
0-4 km,3867,KSBD,KSBD,SBD,San Bernardino International Airport,large_airport,06071,2023-05-01,0.004,5,1,FALSE,16.665002441406273,3.535219394284458,56.7,91.568,0.45876376617176445,-0.46604699959989776,TRUE,FALSE,0,-5.298317366548036
0-4 km,3867,KSBD,KSBD,SBD,San Bernardino International Airport,large_airport,06071,2023-06-01,0.00375,4,1,FALSE,18.887498474121116,3.9257503227567323,55.375,91.53562500000001,0.36793468650796207,-0.5520884294778576,TRUE,FALSE,0,-5.349610660935587
0-4 km,3867,KSBD,KSBD,SBD,San Bernardino International Airport,large_airport,06071,2023-07-01,0.0066,5,1,FALSE,24.899993896484396,4.876340503514351,42.1,91.706,-0.658381317709064,-0.6122609353189037,TRUE,FALSE,0,-4.879607031689852
0-4 km,3867,KSBD,KSBD,SBD,San Bernardino International Airport,large_airport,06071,2023-08-01,0.0048000000000000004,5,1,FALSE,23.584997558593773,4.718988646801487,53.1,91.768,-0.18984956986820264,-0.4246217098026252,TRUE,FALSE,0,-5.149897361429764
0-4 km,3867,KSBD,KSBD,SBD,San Bernardino International Airport,large_airport,06071,2023-09-01,0.0058,5,1,FALSE,21.249987792968774,2.7373606566824273,60.3,91.749,0.17716525182657267,-0.5188084854748483,TRUE,FALSE,0,-4.990832666800076
0-4 km,3867,KSBD,KSBD,SBD,San Bernardino International Airport,large_airport,06071,2023-10-01,0.0066,5,1,FALSE,18.8549987792969,3.7161675285542515,54.35,91.705,0.18970305520192215,-0.06574758073602449,TRUE,FALSE,0,-4.879607031689852
0-4 km,3867,KSBD,KSBD,SBD,San Bernardino International Airport,large_airport,06071,2023-11-01,0.0096,5,1,FALSE,13.024987792968773,3.581003032232595,40.45,91.938,0.11223733193745863,0.5230773930279704,TRUE,FALSE,0,-4.546901277864116
0-4 km,3867,KSBD,KSBD,SBD,San Bernardino International Airport,large_airport,06071,2023-12-01,0.0064,5,1,FALSE,9.639978027343773,3.4536359086398596,69.2,91.885,0.47511192165719074,0.12263715095240028,TRUE,FALSE,0,-4.9062752787720125
0-4 km,3867,KSBD,KSBD,SBD,San Bernardino International Airport,large_airport,06071,2024-01-01,0.01,6,1,FALSE,9.283319091796898,2.8605171912271476,71.875,91.86541666666666,-0.19293958925281354,-0.05833888258053652,TRUE,FALSE,0,-4.509860006183766
0-4 km,3867,KSBD,KSBD,SBD,San Bernardino International Airport,large_airport,06071,2024-02-01,0.003,4,1,FALSE,8.043748474121116,3.9362500166031316,84.875,91.70125,-0.48583723578785143,0.10772764889497986,TRUE,FALSE,0,-5.521460917862246
0-4 km,3867,KSBD,KSBD,SBD,San Bernardino International Airport,large_airport,06071,2024-03-01,0.003,6,1,FALSE,8.89167175292971,1.8183576639035057,80.625,91.45875,-0.17112785999148133,0.04061896065905423,TRUE,FALSE,0,-5.521460917862246
0-4 km,3867,KSBD,KSBD,SBD,San Bernardino International Airport,large_airport,06071,2024-04-01,0.0044,5,1,FALSE,14.639984130859398,2.133517418953251,56.4,91.537,0.26460750938855826,-0.6409698357534102,TRUE,FALSE,0,-5.221356325411908
0-4 km,3867,KSBD,KSBD,SBD,San Bernardino International Airport,large_airport,06071,2024-05-01,0.0046,5,1,FALSE,16.324993896484397,5.757351790094579,52.85,91.5175,0.09599240233728853,-0.34315387859971197,TRUE,FALSE,0,-5.184988681241033
0-4 km,3867,KSBD,KSBD,SBD,San Bernardino International Airport,large_airport,06071,2024-06-01,0.0052,5,1,FALSE,21.6749938964844,3.6385515782046616,44.5,91.4745,0.13118405459340227,-0.646374951328309,TRUE,FALSE,0,-5.083205986931091
0-4 km,3867,KSBD,KSBD,SBD,San Bernardino International Airport,large_airport,06071,2024-07-01,0.00725,4,1,FALSE,24.793748474121116,3.838415462175104,39.9375,91.655,0.4401985406537877,-0.32564196766177805,TRUE,FALSE,0,-4.797542078635548
0-4 km,3867,KSBD,KSBD,SBD,San Bernardino International Airport,large_airport,06071,2024-08-01,0.0098,5,1,FALSE,24.24499511718752,4.451199091411781,43.65,91.6765,-0.12341867296943061,-0.6886795928210958,TRUE,FALSE,0,-4.528209144851963
0-4 km,3867,KSBD,KSBD,SBD,San Bernardino International Airport,large_airport,06071,2024-09-01,0.0104,5,1,FALSE,22.264984130859396,4.933165682038899,48.15,91.535,-0.18617124512702027,-0.3201465302911936,TRUE,FALSE,0,-4.474141923581687
0-4 km,3867,KSBD,KSBD,SBD,San Bernardino International Airport,large_airport,06071,2024-10-01,0.0082,5,1,FALSE,20.9299987792969,2.875589279036411,43.8,91.796,-0.3131544126157879,-0.4990494797633652,TRUE,FALSE,0,-4.688551794927142
0-4 km,3867,KSBD,KSBD,SBD,San Bernardino International Airport,large_airport,06071,2024-11-01,0.0074,5,1,FALSE,11.999993896484398,3.5998469218079676,50.8,91.943,0.24637056237485705,-0.20032815200802725,TRUE,FALSE,0,-4.779523573132869
0-4 km,3867,KSBD,KSBD,SBD,San Bernardino International Airport,large_airport,06071,2024-12-01,0.0114,5,1,FALSE,12.359997558593772,4.08692271438809,46.4,92.113,-0.16814588511576967,0.18178231761842964,TRUE,FALSE,0,-4.390058806371146
0-4 km,3867,KSBD,KSBD,SBD,San Bernardino International Airport,large_airport,06071,2025-01-01,0.011142857142857144,7,1,FALSE,8.835695975167434,3.1125286739722142,48.857142857142854,92.02464285714285,0.5956766781869388,0.14136120278514533,TRUE,FALSE,0,-4.411014171547134
0-4 km,3867,KSBD,KSBD,SBD,San Bernardino International Airport,large_airport,06071,2025-02-01,0.0035,4,1,FALSE,10.862481689453148,2.8124520220232094,70.875,91.664375,0.615999321582755,-0.49212370568903957,TRUE,FALSE,0,-5.403677882205863
0-4 km,3867,KSBD,KSBD,SBD,San Bernardino International Airport,large_airport,06071,2025-03-01,0.0044,5,1,FALSE,9.959985351562523,2.704214893464747,66.2,91.8,0.567854850397509,0.07169502476554866,TRUE,FALSE,0,-5.221356325411908
0-4 km,3867,KSBD,KSBD,SBD,San Bernardino International Airport,large_airport,06071,2025-04-01,0.0094,5,1,FALSE,13.169989013671898,4.300249748799091,56.7,91.62950000000001,0.1348144383631369,-0.28798506347863273,TRUE,FALSE,0,-4.56594947283481
0-4 km,3867,KSBD,KSBD,SBD,San Bernardino International Airport,large_airport,06071,2025-05-01,0.004666666666666667,6,1,FALSE,16.554167683919292,2.5296908875298993,57.458333333333336,91.62583333333333,-0.22383253364697275,-0.4993990476678492,TRUE,FALSE,0,-5.173154223594031
0-4 km,3867,KSBD,KSBD,SBD,San Bernardino International Airport,large_airport,06071,2025-06-01,0.0058000000000000005,5,1,FALSE,21.48499145507815,6.206225486607312,48.35,91.4975,-0.23924257656212827,-0.35016997106494413,TRUE,FALSE,0,-4.990832666800076
0-4 km,3906,KSTP,KSTP,STP,Saint Paul Downtown Holman Field,medium_airport,27123,2009-01-01,0,6,1,FALSE,-13.731659952799456,5.765784390643475,80.33333333333333,97.15833333333333,-0.35733423568614736,0.09103384831479064,FALSE,FALSE,0,-6.907755278982137
0-4 km,3906,KSTP,KSTP,STP,Saint Paul Downtown Holman Field,medium_airport,27123,2009-02-01,0.0025,4,1,FALSE,-4.204992675781227,4.310928270760186,91.9375,97.0175,-0.16069134136272542,-0.3931299842571967,FALSE,FALSE,0,-5.654992310486769
0-4 km,3906,KSTP,KSTP,STP,Saint Paul Downtown Holman Field,medium_airport,27123,2009-03-01,0,5,1,FALSE,-5.463995361328102,5.070820017731897,80.55,97.916,-0.6177897068484124,-0.29023176367264264,FALSE,FALSE,0,-6.907755278982137
0-4 km,3906,KSTP,KSTP,STP,Saint Paul Downtown Holman Field,medium_airport,27123,2009-04-01,0,4,1,FALSE,6.040002441406273,6.9616523296431385,78.0625,97.4025,-0.7055452154672012,0.597051714205377,FALSE,FALSE,0,-6.907755278982137
0-4 km,3906,KSTP,KSTP,STP,Saint Paul Downtown Holman Field,medium_airport,27123,2009-05-01,0.0033333333333333335,6,1,FALSE,13.608331298828148,6.552076735214938,72.08333333333333,97.04666666666667,-0.83226591465206,-0.28635636109181556,FALSE,FALSE,0,-5.44141821018871
0-4 km,3906,KSTP,KSTP,STP,Saint Paul Downtown Holman Field,medium_airport,27123,2009-06-01,0,4,1,FALSE,17.62751159667971,4.444313892538877,75.3125,97.125,-0.8671317101334906,0.19794702845337966,FALSE,FALSE,0,-6.907755278982137
0-4 km,3906,KSTP,KSTP,STP,Saint Paul Downtown Holman Field,medium_airport,27123,2009-07-01,0.004,5,1,FALSE,18.09399414062502,4.3534214295748574,69.75,97.334,-0.020262168699142546,0.3046535860414253,FALSE,FALSE,0,-5.298317366548036
0-4 km,3906,KSTP,KSTP,STP,Saint Paul Downtown Holman Field,medium_airport,27123,2009-08-01,0,5,1,FALSE,17.84600830078127,4.528518579280118,70.95,97.608,0.1924415803105615,0.16571732684048976,FALSE,FALSE,0,-6.907755278982137
0-4 km,3906,KSTP,KSTP,STP,Saint Paul Downtown Holman Field,medium_airport,27123,2009-09-01,0.006,5,1,FALSE,17.618011474609396,4.362192339781529,78.1,97.544,-0.11667312612108538,-0.18024477425431726,FALSE,FALSE,0,-4.961845129926823
0-4 km,3906,KSTP,KSTP,STP,Saint Paul Downtown Holman Field,medium_airport,27123,2009-10-01,0,5,1,FALSE,3.9039978027343976,4.891884068264499,87.3,97.516,-0.8163556889919666,0.06115449334413185,FALSE,FALSE,0,-6.907755278982137
0-4 km,3906,KSTP,KSTP,STP,Saint Paul Downtown Holman Field,medium_airport,27123,2009-11-01,0.0025,4,1,FALSE,4.5800033569336165,5.473429485462553,82.125,97.9075,0.061066671738117445,0.2886180915117175,FALSE,FALSE,0,-5.654992310486769
0-4 km,3906,KSTP,KSTP,STP,Saint Paul Downtown Holman Field,medium_airport,27123,2009-12-01,0,5,1,FALSE,-9.782000732421853,6.786530854985581,90.95,97.162,0.2136080587821432,0.5053850629539675,FALSE,FALSE,0,-6.907755278982137
0-4 km,3906,KSTP,KSTP,STP,Saint Paul Downtown Holman Field,medium_airport,27123,2010-01-01,0.002,5,1,FALSE,-11.926007080078103,5.317988414241386,86.75,97.652,-0.5980107677734284,0.3888635631666446,FALSE,FALSE,0,-5.809142990314028
0-4 km,3906,KSTP,KSTP,STP,Saint Paul Downtown Holman Field,medium_airport,27123,2010-02-01,0.0025,4,1,FALSE,-10.739996337890602,5.190012137820569,79.875,98.045,-0.9239584704320073,0.15716477383513436,FALSE,FALSE,0,-5.654992310486769
0-4 km,3906,KSTP,KSTP,STP,Saint Paul Downtown Holman Field,medium_airport,27123,2010-03-01,0.002,5,1,FALSE,0.7140014648437727,5.221082419810616,83.45,97.598,-0.19398208035731776,-0.05492278960883766,FALSE,FALSE,0,-5.809142990314028
0-4 km,3906,KSTP,KSTP,STP,Saint Paul Downtown Holman Field,medium_airport,27123,2010-04-01,0.004,5,1,FALSE,11.550006103515647,8.664537694224336,71.75,96.958,-0.4625897281997331,-0.013465263174082925,FALSE,FALSE,0,-5.298317366548036
0-4 km,3906,KSTP,KSTP,STP,Saint Paul Downtown Holman Field,medium_airport,27123,2010-05-01,0.002,5,1,FALSE,12.484008789062523,5.1737589241775375,76.7,97.148,0.04089002594093558,-0.06785393174108632,FALSE,FALSE,0,-5.809142990314028
0-4 km,3906,KSTP,KSTP,STP,Saint Paul Downtown Holman Field,medium_airport,27123,2010-06-01,0,5,1,FALSE,17.357995605468773,4.6476660402721945,86.4,97.312,-0.09863472858044986,-0.3069182512423897,FALSE,FALSE,0,-6.907755278982137
0-4 km,3906,KSTP,KSTP,STP,Saint Paul Downtown Holman Field,medium_airport,27123,2010-07-01,0,6,1,FALSE,20.28333435058596,4.705464166975505,83.79166666666667,97.45166666666667,-0.7006818125312597,0.09133368860310634,FALSE,FALSE,0,-6.907755278982137
0-4 km,3906,KSTP,KSTP,STP,Saint Paul Downtown Holman Field,medium_airport,27123,2010-08-01,0.002,5,1,FALSE,22.480010986328146,4.337904437596843,74.45,97.286,-0.3602280033225653,-0.6270165721705079,FALSE,FALSE,0,-5.809142990314028
0-4 km,3906,KSTP,KSTP,STP,Saint Paul Downtown Holman Field,medium_airport,27123,2010-09-01,0.004,5,1,FALSE,15.772009277343773,3.2990094954413403,82.7,96.958,-0.08254804364786285,-0.7065850016751063,FALSE,FALSE,0,-5.298317366548036
0-4 km,3906,KSTP,KSTP,STP,Saint Paul Downtown Holman Field,medium_airport,27123,2010-10-01,0.006,5,1,FALSE,10.676007080078147,3.1705733152144293,69,97.67,-0.10948584009057082,0.01651375778243317,FALSE,FALSE,0,-4.961845129926823
0-4 km,3906,KSTP,KSTP,STP,Saint Paul Downtown Holman Field,medium_airport,27123,2010-11-01,0,5,1,FALSE,2.9619995117187727,5.9688238370925815,82.95,96.938,-0.43766033151437156,0.03634813309570464,FALSE,FALSE,0,-6.907755278982137
0-4 km,3906,KSTP,KSTP,STP,Saint Paul Downtown Holman Field,medium_airport,27123,2010-12-01,0,4,1,FALSE,-5.182501220703102,4.311233516983892,89.8125,97.4775,0.15854608286266464,-0.11840109396306789,FALSE,FALSE,0,-6.907755278982137
0-4 km,3906,KSTP,KSTP,STP,Saint Paul Downtown Holman Field,medium_airport,27123,2011-01-01,0,5,1,FALSE,-14.107995605468727,4.555079947537603,81.6,97.478,-0.8636754167280049,0.08837719720250392,FALSE,FALSE,0,-6.907755278982137
0-4 km,3906,KSTP,KSTP,STP,Saint Paul Downtown Holman Field,medium_airport,27123,2011-02-01,0,5,1,FALSE,-11.657995605468727,4.5777501579016215,78.45,97.782,-0.21344324526156846,0.8161338742931752,FALSE,FALSE,0,-6.907755278982137
0-4 km,3906,KSTP,KSTP,STP,Saint Paul Downtown Holman Field,medium_airport,27123,2011-03-01,0.002,5,1,FALSE,-1.3079895019531023,4.858692743970779,85.65,97.658,-0.6044294264659318,0.2714224288524478,FALSE,FALSE,0,-5.809142990314028
0-4 km,3906,KSTP,KSTP,STP,Saint Paul Downtown Holman Field,medium_airport,27123,2011-04-01,0.0025,4,1,FALSE,3.622499084472679,4.020768075255393,83.4375,96.97,0.07742164915891106,0.07054283614634133,FALSE,FALSE,0,-5.654992310486769
0-4 km,3906,KSTP,KSTP,STP,Saint Paul Downtown Holman Field,medium_airport,27123,2011-05-01,0.002,5,1,FALSE,10.079992675781273,5.630864870989618,75.75,97.452,0.12151939026426273,-0.03697807829963662,FALSE,FALSE,0,-5.809142990314028
0-4 km,3906,KSTP,KSTP,STP,Saint Paul Downtown Holman Field,medium_airport,27123,2011-06-01,0,5,1,FALSE,17.954010009765646,6.459772010087711,79,97.116,-0.7871045885571869,-0.18575406166550426,FALSE,FALSE,0,-6.907755278982137
0-4 km,3906,KSTP,KSTP,STP,Saint Paul Downtown Holman Field,medium_airport,27123,2011-07-01,0,1,1,FALSE,22.070001220703148,10.324723165652372,75,97.11,0.9879196550445907,0.1549669486586637,FALSE,FALSE,0,-6.907755278982137
0-4 km,3906,KSTP,KSTP,STP,Saint Paul Downtown Holman Field,medium_airport,27123,2011-08-01,0.01,6,1,FALSE,21.205000813802105,3.337507254575307,86.79166666666667,97.12166666666667,-0.1789414608907136,-0.0751753056853004,FALSE,FALSE,0,-4.509860006183766
0-4 km,3906,KSTP,KSTP,STP,Saint Paul Downtown Holman Field,medium_airport,27123,2011-09-01,0.006,5,1,FALSE,14.309991455078148,4.540021791992043,69.95,97.664,0.06511603795370174,-0.10111442049797932,FALSE,FALSE,0,-4.961845129926823
0-4 km,3906,KSTP,KSTP,STP,Saint Paul Downtown Holman Field,medium_airport,27123,2011-10-01,0.006,5,1,FALSE,11.587994384765647,6.0774444501976825,66.95,97.174,-0.5170225715102809,-0.2045253490513434,FALSE,FALSE,0,-4.961845129926823
0-4 km,3906,KSTP,KSTP,STP,Saint Paul Downtown Holman Field,medium_airport,27123,2011-11-01,0.0075,4,1,FALSE,1.3799987792968977,8.830973534873586,77.375,97.5675,0.4398725897223183,-0.16475479166218698,FALSE,FALSE,0,-4.767689115485866
0-4 km,3906,KSTP,KSTP,STP,Saint Paul Downtown Holman Field,medium_airport,27123,2011-12-01,0.006,5,1,FALSE,-5.128002929687478,4.573686066749266,82.3,97.662,0.13215317041191266,-0.42763417249244967,FALSE,FALSE,0,-4.961845129926823
0-4 km,3906,KSTP,KSTP,STP,Saint Paul Downtown Holman Field,medium_airport,27123,2012-01-01,0.006,5,1,FALSE,-2.405993652343727,7.908478335550827,80.3,96.886,-0.9258530764410787,-0.161796861168104,FALSE,FALSE,0,-4.961845129926823
0-4 km,3906,KSTP,KSTP,STP,Saint Paul Downtown Holman Field,medium_airport,27123,2012-02-01,0.002,5,1,FALSE,-2.8479980468749773,5.324097474792604,87,97.424,-0.8041963265964502,-0.3050361775050688,FALSE,FALSE,0,-5.809142990314028
0-4 km,3906,KSTP,KSTP,STP,Saint Paul Downtown Holman Field,medium_airport,27123,2012-03-01,0.004,5,1,FALSE,5.650006103515648,4.3468219178091045,80.7,97.262,-0.4460359378608674,0.03754678637662129,FALSE,FALSE,0,-5.298317366548036
0-4 km,3906,KSTP,KSTP,STP,Saint Paul Downtown Holman Field,medium_airport,27123,2012-04-01,0,5,1,FALSE,9.206011962890647,6.414493122331041,76.25,97.214,-0.23840724515166295,0.2167941446576857,FALSE,FALSE,0,-6.907755278982137
0-4 km,3906,KSTP,KSTP,STP,Saint Paul Downtown Holman Field,medium_airport,27123,2012-05-01,0,4,1,FALSE,14.955003356933616,4.013699669741968,81.5625,97.27,-0.8880842437778597,0.03739001599071245,FALSE,FALSE,0,-6.907755278982137
0-4 km,3906,KSTP,KSTP,STP,Saint Paul Downtown Holman Field,medium_airport,27123,2012-06-01,0.002,5,1,FALSE,18.37000122070315,6.054876440042214,78.8,97.058,-0.5437116473133867,-0.7045145135227001,FALSE,FALSE,0,-5.809142990314028
0-4 km,3906,KSTP,KSTP,STP,Saint Paul Downtown Holman Field,medium_airport,27123,2012-07-01,0.005,4,1,FALSE,22.92499694824221,2.090936153216957,81.5,97.53,-0.41285292735345314,-0.46102762944314946,FALSE,FALSE,0,-5.115995809754082
0-4 km,3906,KSTP,KSTP,STP,Saint Paul Downtown Holman Field,medium_airport,27123,2012-08-01,0.0016666666666666668,6,1,FALSE,22.138340250651066,6.6686053727257475,65.20833333333333,97.36500000000001,-0.26176694021003116,0.021759528165563702,FALSE,FALSE,0,-5.926926025970411
0-4 km,3906,KSTP,KSTP,STP,Saint Paul Downtown Holman Field,medium_airport,27123,2012-09-01,0.004,5,1,FALSE,15.734008789062523,6.150284613363555,53.35,97.44,-0.5289480800439004,-0.024883249781668237,FALSE,FALSE,0,-5.298317366548036
0-4 km,3906,KSTP,KSTP,STP,Saint Paul Downtown Holman Field,medium_airport,27123,2012-10-01,0,3,1,FALSE,6.446669514973981,4.362263689004796,74.16666666666667,97.77333333333334,0.22869904226517745,0.15324287889991295,FALSE,FALSE,0,-6.907755278982137
0-4 km,3906,KSTP,KSTP,STP,Saint Paul Downtown Holman Field,medium_airport,27123,2012-11-01,0.0033333333333333335,3,1,FALSE,1.7500040690104395,2.699579085024779,85.25,98.07666666666667,0.13453198600365182,-0.9902883692267255,FALSE,FALSE,0,-5.44141821018871
0-4 km,3906,KSTP,KSTP,STP,Saint Paul Downtown Holman Field,medium_airport,27123,2012-12-01,0,2,1,FALSE,-10.965002441406227,6.0124321339292655,89.125,97.225,0.8616664404593815,0.041214350691467644,FALSE,FALSE,0,-6.907755278982137
0-4 km,3906,KSTP,KSTP,STP,Saint Paul Downtown Holman Field,medium_airport,27123,2013-01-01,0.0033333333333333335,3,1,FALSE,-4.876674397786435,6.426701782255584,90.83333333333333,97.03999999999999,-0.8593050802517149,-0.4050108757841306,FALSE,FALSE,0,-5.44141821018871
0-4 km,3906,KSTP,KSTP,STP,Saint Paul Downtown Holman Field,medium_airport,27123,2013-02-01,0.005,2,1,FALSE,-10.164984130859352,5.4093352565962896,86.125,98.275,-0.23254590775718367,-0.26144873023779297,FALSE,FALSE,0,-5.115995809754082
0-4 km,3906,KSTP,KSTP,STP,Saint Paul Downtown Holman Field,medium_airport,27123,2013-03-01,0,3,1,FALSE,-4.726670328776019,9.038260647213855,82.5,97.85,-0.9500893347544035,-0.06942559816920638,FALSE,FALSE,0,-6.907755278982137
0-4 km,3906,KSTP,KSTP,STP,Saint Paul Downtown Holman Field,medium_airport,27123,2013-04-01,0,5,1,FALSE,4.152008056640648,5.1516539394236505,86.65,97.54,-0.5016885952361484,-0.5015526771620133,FALSE,FALSE,0,-6.907755278982137
0-4 km,3906,KSTP,KSTP,STP,Saint Paul Downtown Holman Field,medium_airport,27123,2013-05-01,0,5,1,FALSE,10.398004150390648,5.594479452558624,89.45,97.16,-0.4407637916310549,0.5446413980669921,FALSE,FALSE,0,-6.907755278982137
0-4 km,3906,KSTP,KSTP,STP,Saint Paul Downtown Holman Field,medium_airport,27123,2013-06-01,0.002,5,1,FALSE,18.254010009765647,2.6785714405941112,83.2,97.16,-0.5403636982734432,-0.17968337011049892,FALSE,FALSE,0,-5.809142990314028
0-4 km,3906,KSTP,KSTP,STP,Saint Paul Downtown Holman Field,medium_airport,27123,2013-07-01,0.005,4,1,FALSE,19.355012512207054,4.929704049795905,79.125,97.6625,-0.20013868329206325,-0.14421406079040874,FALSE,FALSE,0,-5.115995809754082
0-4 km,3906,KSTP,KSTP,STP,Saint Paul Downtown Holman Field,medium_airport,27123,2013-08-01,0.008,5,1,FALSE,21.876007080078146,4.258637402590576,64.85,97.49600000000001,0.26731509334591125,-0.21547970640941788,FALSE,FALSE,0,-4.710530701645918
0-4 km,3906,KSTP,KSTP,STP,Saint Paul Downtown Holman Field,medium_airport,27123,2013-09-01,0.002,5,1,FALSE,20.88800048828127,3.5756470857112084,72.5,97.176,0.28188088875275075,-0.09651910000033799,FALSE,FALSE,0,-5.809142990314028
0-4 km,3906,KSTP,KSTP,STP,Saint Paul Downtown Holman Field,medium_airport,27123,2013-10-01,0.006,5,1,FALSE,9.311999511718772,3.799323525541798,72.95,97.29,-0.3408977780159632,-0.34459222930221584,FALSE,FALSE,0,-4.961845129926823
0-4 km,3906,KSTP,KSTP,STP,Saint Paul Downtown Holman Field,medium_airport,27123,2013-11-01,0.004,5,1,FALSE,-5.441998291015603,7.5072773810753075,79.55,98.202,-0.7204109734700255,0.03011191883777318,FALSE,FALSE,0,-5.298317366548036
0-4 km,3906,KSTP,KSTP,STP,Saint Paul Downtown Holman Field,medium_airport,27123,2013-12-01,0.006,5,1,FALSE,-18.514001464843727,4.754005319689831,88,98.104,-0.6986534870272827,-0.25738495252959526,FALSE,FALSE,0,-4.961845129926823
0-4 km,3906,KSTP,KSTP,STP,Saint Paul Downtown Holman Field,medium_airport,27123,2014-01-01,0.004,5,1,FALSE,-15.529992675781227,5.512042093043254,83.4,97.338,-0.19493963074722462,0.44010517419631867,FALSE,FALSE,0,-5.298317366548036
0-4 km,3906,KSTP,KSTP,STP,Saint Paul Downtown Holman Field,medium_airport,27123,2014-02-01,0.0018,5,1,FALSE,-15.454003906249977,3.7701939370445094,74.4,97.65,0.004092458051823444,0.382126033062774,FALSE,FALSE,0,-5.8781358618009785
0-4 km,3906,KSTP,KSTP,STP,Saint Paul Downtown Holman Field,medium_airport,27123,2014-03-01,0.004,4,1,FALSE,-2.682493591308571,6.659705714795186,78.5625,97.355,-0.4448644571842689,-0.21635212320140826,FALSE,FALSE,0,-5.298317366548036
0-4 km,3906,KSTP,KSTP,STP,Saint Paul Downtown Holman Field,medium_airport,27123,2014-04-01,0.0166,10,2,FALSE,4.142010498046898,7.822231631612652,81.7,97.19800000000001,-0.7600197745343164,0.24619087822368824,FALSE,FALSE,0,-4.0398563769380305
0-4 km,3906,KSTP,KSTP,STP,Saint Paul Downtown Holman Field,medium_airport,27123,2014-05-01,0.0287,10,2,FALSE,13.358001708984398,4.10913591715647,68.45,97.544,-0.9152892106590115,-0.09384854547814966,FALSE,FALSE,0,-3.516608233173483
0-4 km,3906,KSTP,KSTP,STP,Saint Paul Downtown Holman Field,medium_airport,27123,2014-06-01,0.08244444444444445,9,2,FALSE,19.105554199218773,3.8701976499567947,79.83333333333333,97.12222222222222,-0.6605301654416686,-0.3900069933311128,FALSE,FALSE,0,-2.4835742045542215
0-4 km,3906,KSTP,KSTP,STP,Saint Paul Downtown Holman Field,medium_airport,27123,2014-07-01,0.0026,5,1,FALSE,19.188000488281272,6.964046042244396,74,97.69,0.010720470095343692,-0.2649535663176143,FALSE,FALSE,0,-5.626821433520073
0-4 km,3906,KSTP,KSTP,STP,Saint Paul Downtown Holman Field,medium_airport,27123,2014-08-01,0.003,5,1,FALSE,20.142004394531273,5.593409279231497,77.4,97.628,-0.8279783879353989,-0.23494696129493714,FALSE,FALSE,0,-5.521460917862246
0-4 km,3906,KSTP,KSTP,STP,Saint Paul Downtown Holman Field,medium_airport,27123,2014-09-01,0.00475,4,1,FALSE,16.38251647949221,6.080446908292398,76.25,97.59,-0.3414278666875879,-0.6949810087477263,FALSE,FALSE,0,-5.158555424172878
0-4 km,3906,KSTP,KSTP,STP,Saint Paul Downtown Holman Field,medium_airport,27123,2014-10-01,0.0016,5,1,FALSE,11.417993164062523,8.017817244857074,72.35,97.016,-0.43045673464800943,0.3170907255625406,FALSE,FALSE,0,-5.952243833954701
0-4 km,3906,KSTP,KSTP,STP,Saint Paul Downtown Holman Field,medium_airport,27123,2014-11-01,0.002,5,1,FALSE,-5.165008544921852,4.8087424694487515,78.95,97.735,-0.3333485488088847,0.038624784696586104,FALSE,FALSE,0,-5.809142990314028
0-4 km,3906,KSTP,KSTP,STP,Saint Paul Downtown Holman Field,medium_airport,27123,2014-12-01,0.0021666666666666666,6,1,FALSE,-8.55834299723305,5.548208914730992,87.5,98.16166666666666,-0.02790003322181382,-0.40183061759489114,FALSE,FALSE,0,-5.755075769043752
0-4 km,3906,KSTP,KSTP,STP,Saint Paul Downtown Holman Field,medium_airport,27123,2015-01-01,0.0028,5,1,FALSE,-9.585009765624978,6.480298161618822,86.45,97.82300000000001,-0.8579340355062974,0.39569801295379614,FALSE,FALSE,0,-5.572754212249797
0-4 km,3906,KSTP,KSTP,STP,Saint Paul Downtown Holman Field,medium_airport,27123,2015-02-01,0.0025,4,1,FALSE,-15.662508392333962,4.232268395420465,82.75,98.10625,-0.6695382641829594,0.371654060249841,FALSE,FALSE,0,-5.654992310486769
0-4 km,3906,KSTP,KSTP,STP,Saint Paul Downtown Holman Field,medium_airport,27123,2015-03-01,0.003,6,1,FALSE,1.991657511393252,5.513037957117933,79.29166666666667,97.53208333333333,-0.39008393385799905,-0.3088388338781788,FALSE,FALSE,0,-5.521460917862246
0-4 km,3906,KSTP,KSTP,STP,Saint Paul Downtown Holman Field,medium_airport,27123,2015-04-01,0.0024000000000000002,5,1,FALSE,10.189996337890648,4.354750356664472,69.35,97.344,-0.3157333698143754,0.25859137664452336,FALSE,FALSE,0,-5.683979847360021
0-4 km,3906,KSTP,KSTP,STP,Saint Paul Downtown Holman Field,medium_airport,27123,2015-05-01,6.000000000000001e-4,5,1,FALSE,12.289990234375022,5.71760796127477,86.3,97.4035,-0.19586046237770502,-0.03930887235133098,FALSE,FALSE,0,-6.437751649736401
0-4 km,3906,KSTP,KSTP,STP,Saint Paul Downtown Holman Field,medium_airport,27123,2015-06-01,0.0014,5,1,FALSE,16.885003662109398,4.429264224267243,86.9,97.357,-0.38721147068559875,0.5358698460484533,FALSE,FALSE,0,-6.032286541628237
0-4 km,3906,KSTP,KSTP,STP,Saint Paul Downtown Holman Field,medium_airport,27123,2015-07-01,0.0028,5,1,FALSE,20.784997558593773,4.793985498011526,80.9,97.1855,-0.6075557032726921,-0.6645602629599721,FALSE,FALSE,0,-5.572754212249797
0-4 km,3906,KSTP,KSTP,STP,Saint Paul Downtown Holman Field,medium_airport,27123,2015-08-01,0.0028,5,1,FALSE,20.929986572265648,5.923255566697721,72.25,97.3095,-0.7015188360724431,-0.13911063757160222,FALSE,FALSE,0,-5.572754212249797
0-4 km,3906,KSTP,KSTP,STP,Saint Paul Downtown Holman Field,medium_airport,27123,2015-09-01,0.0056,5,1,FALSE,20.434991455078148,6.865315435295886,66.8,97.311,-0.3693689442041316,-0.4775768954312059,FALSE,FALSE,0,-5.0206856299497575
0-4 km,3906,KSTP,KSTP,STP,Saint Paul Downtown Holman Field,medium_airport,27123,2015-10-01,0.002,5,1,FALSE,11.769982910156273,5.274610867152556,69.2,97.8165,-0.5673371695366826,-0.058595517234976795,FALSE,FALSE,0,-5.809142990314028
0-4 km,3906,KSTP,KSTP,STP,Saint Paul Downtown Holman Field,medium_airport,27123,2015-11-01,0.0034,5,1,FALSE,3.8649902343750226,5.594383390936447,74.6,97.5815,-0.1754886864551914,-0.1760036028475547,FALSE,FALSE,0,-5.426150738057922
0-4 km,3906,KSTP,KSTP,STP,Saint Paul Downtown Holman Field,medium_airport,27123,2015-12-01,0.00175,4,1,FALSE,0.03748474121096024,9.329762003584921,90.625,96.87,-0.36239258119831574,-0.10998025181811602,FALSE,FALSE,0,-5.896154367303657
0-4 km,3906,KSTP,KSTP,STP,Saint Paul Downtown Holman Field,medium_airport,27123,2016-01-01,0.005363636363636364,11,2,FALSE,-7.920474520596568,3.667710558591026,86.8409090909091,97.27272727272727,-0.20541883632681499,-0.1325157185830419,FALSE,FALSE,0,-5.057155309731149
0-4 km,3906,KSTP,KSTP,STP,Saint Paul Downtown Holman Field,medium_airport,27123,2016-02-01,0.0015,8,2,FALSE,-6.143759155273415,5.793220685916196,84.25,97.83625,-0.0493354246292027,-0.011665291894739499,FALSE,FALSE,0,-5.991464547107982
0-4 km,3906,KSTP,KSTP,STP,Saint Paul Downtown Holman Field,medium_airport,27123,2016-03-01,0.00425,12,2,FALSE,1.1541483561198145,5.412310336621172,83.70833333333333,96.995,-0.4728390253778272,0.17873932962619504,FALSE,FALSE,0,-5.249527202378605
0-4 km,3906,KSTP,KSTP,STP,Saint Paul Downtown Holman Field,medium_airport,27123,2016-04-01,0.0045,10,2,FALSE,8.839984130859397,6.027412103214434,78.25,97.53,-0.17246014659756306,-0.03644716670944701,FALSE,FALSE,0,-5.2030071867437115
0-4 km,3906,KSTP,KSTP,STP,Saint Paul Downtown Holman Field,medium_airport,27123,2016-05-01,0.0086,10,2,FALSE,16.014996337890647,6.182323441988102,75,97.39150000000001,-0.4521891527425696,-0.24554097478921197,FALSE,FALSE,0,-4.645992180508347
0-4 km,3906,KSTP,KSTP,STP,Saint Paul Downtown Holman Field,medium_airport,27123,2016-06-01,0.0052,10,2,FALSE,18.754992675781274,3.858962432223307,81.35,97.25,-0.477942834591217,0.12278642565446289,FALSE,FALSE,0,-5.083205986931091
0-4 km,3906,KSTP,KSTP,STP,Saint Paul Downtown Holman Field,medium_airport,27123,2016-07-01,0.0035,10,2,FALSE,22.209991455078146,5.265244879978473,83.55,97.1225,0.09577790012502455,-0.28069199835457415,FALSE,FALSE,0,-5.403677882205863
0-4 km,3906,KSTP,KSTP,STP,Saint Paul Downtown Holman Field,medium_airport,27123,2016-08-01,0.0074,10,2,FALSE,22.284997558593773,4.784404159438465,74.75,97.4805,-0.369916105295421,-0.6501865472340845,FALSE,FALSE,0,-4.779523573132869
0-4 km,3906,KSTP,KSTP,STP,Saint Paul Downtown Holman Field,medium_airport,27123,2016-09-01,0.0033,10,2,FALSE,17.470007324218773,3.536931833650537,68.3,97.5455,-0.41155379310633955,-0.16206833549955346,FALSE,FALSE,0,-5.44914025628262
0-4 km,3906,KSTP,KSTP,STP,Saint Paul Downtown Holman Field,medium_airport,27123,2016-10-01,0.006,10,2,FALSE,10.464996337890648,4.1134136123381,73.95,97.8155,-0.29951899694135775,-0.2878972551411453,FALSE,FALSE,0,-4.961845129926823
0-4 km,3906,KSTP,KSTP,STP,Saint Paul Downtown Holman Field,medium_airport,27123,2016-11-01,0.0118,10,2,FALSE,4.594982910156273,5.889978560469677,76.3,97.9605,0.049603783150235815,0.3051009491836527,FALSE,FALSE,0,-4.358310108056566
0-4 km,3906,KSTP,KSTP,STP,Saint Paul Downtown Holman Field,medium_airport,27123,2016-12-01,0.0025714285714285713,7,2,FALSE,-6.903583635602656,5.20513284331313,81.42857142857143,97.13714285714286,-0.2705545440290978,-0.6011746702155061,FALSE,FALSE,0,-5.634789603169249
0-4 km,3906,KSTP,KSTP,STP,Saint Paul Downtown Holman Field,medium_airport,27123,2017-01-01,0.0013333333333333333,6,1,FALSE,-8.179179890950499,6.772392774174646,81,97.41833333333334,-0.3520921800216101,0.09547471570778068,FALSE,FALSE,0,-6.060457418594933
0-4 km,3906,KSTP,KSTP,STP,Saint Paul Downtown Holman Field,medium_airport,27123,2017-02-01,0.003,3,1,FALSE,-1.2749999999999773,6.118655086437993,82.75,96.95,0.2729471247980882,0.12398705418015799,FALSE,FALSE,0,-5.521460917862246
0-4 km,3906,KSTP,KSTP,STP,Saint Paul Downtown Holman Field,medium_airport,27123,2017-03-01,0.0018,5,1,FALSE,-1.7600036621093522,3.3980382851754536,75.8,97.64,0.0732014907932882,0.6467097391298097,FALSE,FALSE,0,-5.8781358618009785
0-4 km,3906,KSTP,KSTP,STP,Saint Paul Downtown Holman Field,medium_airport,27123,2017-04-01,0.0046,5,1,FALSE,9.464990234375023,4.999749126425201,73.15,97.51350000000001,-0.5882965210228158,0.09785439608008059,FALSE,FALSE,0,-5.184988681241033
0-4 km,3906,KSTP,KSTP,STP,Saint Paul Downtown Holman Field,medium_airport,27123,2017-05-01,0.0018333333333333333,6,1,FALSE,9.73748677571617,5.330268404142144,78.95833333333333,97.03416666666666,-0.14293894564334161,0.5116940663885249,FALSE,FALSE,0,-5.866301404153976
0-4 km,3906,KSTP,KSTP,STP,Saint Paul Downtown Holman Field,medium_airport,27123,2017-06-01,0.0016,5,1,FALSE,16.704986572265646,3.6230678432124908,88,96.99799999999999,-0.46023980320432795,0.307567774936256,FALSE,FALSE,0,-5.952243833954701
0-4 km,3906,KSTP,KSTP,STP,Saint Paul Downtown Holman Field,medium_airport,27123,2017-07-01,0.0022,5,1,FALSE,22.195001220703148,3.772232054230566,79.1,97.4345,-0.0474075837957636,-0.31893374128907637,FALSE,FALSE,0,-5.744604469176456
0-4 km,3906,KSTP,KSTP,STP,Saint Paul Downtown Holman Field,medium_airport,27123,2017-08-01,0.002,5,1,FALSE,17.659985351562522,5.483591668186704,84.8,97.3925,-0.24179015973339574,0.23711224148862564,FALSE,FALSE,0,-5.809142990314028
0-4 km,3906,KSTP,KSTP,STP,Saint Paul Downtown Holman Field,medium_airport,27123,2017-09-01,0.00275,4,1,FALSE,19.431237792968773,5.364618636234976,67.125,97.51625,-0.064115561851674,-0.4878138842292261,FALSE,FALSE,0,-5.585999438999818
0-4 km,3906,KSTP,KSTP,STP,Saint Paul Downtown Holman Field,medium_airport,27123,2017-10-01,0.0026,5,1,FALSE,7.284985351562523,4.977362838197264,80.9,97.7955,-0.12127152207554165,0.123662426000692,FALSE,FALSE,0,-5.626821433520073
0-4 km,3906,KSTP,KSTP,STP,Saint Paul Downtown Holman Field,medium_airport,27123,2017-11-01,0.001,5,1,FALSE,0.9849914550781478,4.361180314723926,79.9,97.3825,-0.11312437605017533,0.20078327868730872,FALSE,FALSE,0,-6.214608098422191
0-4 km,3906,KSTP,KSTP,STP,Saint Paul Downtown Holman Field,medium_airport,27123,2017-12-01,0.0018,5,1,FALSE,-9.055010986328103,4.779858244923229,83.15,97.7805,0.6963262419455324,0.311040472262289,FALSE,FALSE,0,-5.8781358618009785
0-4 km,3906,KSTP,KSTP,STP,Saint Paul Downtown Holman Field,medium_airport,27123,2018-01-01,0.0022,5,1,FALSE,-9.465008544921853,5.547772470974961,76.45,97.666,-0.7648132821567829,-0.44510937808275747,FALSE,FALSE,0,-5.744604469176456
0-4 km,3906,KSTP,KSTP,STP,Saint Paul Downtown Holman Field,medium_airport,27123,2018-02-01,0.0012000000000000001,5,1,FALSE,-10.705004882812478,4.546205116593857,83.95,97.54599999999999,-0.24235456166204866,-0.1279944508041103,FALSE,FALSE,0,-6.119297918617867
0-4 km,3906,KSTP,KSTP,STP,Saint Paul Downtown Holman Field,medium_airport,27123,2018-03-01,6.000000000000001e-4,5,1,FALSE,-2.8200134277343523,5.177759911503492,84.4,97.681,-0.3626156847401729,0.1192164639506292,FALSE,FALSE,0,-6.437751649736401
0-4 km,3906,KSTP,KSTP,STP,Saint Paul Downtown Holman Field,medium_airport,27123,2018-04-01,0.0022,5,1,FALSE,-0.7800109863281023,4.978628816152766,67.95,97.736,-0.6309033621329379,0.06412312787090911,FALSE,FALSE,0,-5.744604469176456
0-4 km,3906,KSTP,KSTP,STP,Saint Paul Downtown Holman Field,medium_airport,27123,2018-05-01,0.0076,5,1,FALSE,16.79998779296877,5.189776646461443,81.2,97.2205,-0.8240821829548949,0.02548372320763594,FALSE,FALSE,0,-4.755993075722675
0-4 km,3906,KSTP,KSTP,STP,Saint Paul Downtown Holman Field,medium_airport,27123,2018-06-01,0.0018,5,1,FALSE,18.384991455078147,3.1746150148469683,85.75,97.4245,-0.7288470961429134,0.4777028336367073,FALSE,FALSE,0,-5.8781358618009785
0-4 km,3906,KSTP,KSTP,STP,Saint Paul Downtown Holman Field,medium_airport,27123,2018-07-01,0.0028333333333333335,6,1,FALSE,22.320825195312523,6.146742262618882,74.08333333333333,97.55041666666666,-0.2905222999301193,-0.2897811443130006,FALSE,FALSE,0,-5.5640205322810425
0-4 km,3906,KSTP,KSTP,STP,Saint Paul Downtown Holman Field,medium_airport,27123,2018-08-01,0.003,5,1,FALSE,21.595001220703146,6.077249361687077,69.2,97.56,-0.6635689646063176,-0.20910547090138812,FALSE,FALSE,0,-5.521460917862246
0-4 km,3906,KSTP,KSTP,STP,Saint Paul Downtown Holman Field,medium_airport,27123,2018-09-01,0.0022,5,1,FALSE,16.525000000000023,5.8705179116834625,74.8,97.6725,0.4374815742455271,-0.006041041212329479,FALSE,FALSE,0,-5.744604469176456
0-4 km,3906,KSTP,KSTP,STP,Saint Paul Downtown Holman Field,medium_airport,27123,2018-10-01,0.0016,5,1,FALSE,5.114996337890648,3.864186653499512,77.8,97.6425,0.05219384121925613,0.5030540269738569,FALSE,FALSE,0,-5.952243833954701
0-4 km,3906,KSTP,KSTP,STP,Saint Paul Downtown Holman Field,medium_airport,27123,2018-11-01,0.0014,5,1,FALSE,-4.060015869140602,4.644755369837647,86.35,97.6375,0.23286051712528236,0.16106735850867793,FALSE,FALSE,0,-6.032286541628237
0-4 km,3906,KSTP,KSTP,STP,Saint Paul Downtown Holman Field,medium_airport,27123,2018-12-01,0.0028,5,1,FALSE,-6.470013427734353,4.95600223919856,90.55,97.3315,-0.4427739398177932,-0.31466086535409393,FALSE,FALSE,0,-5.572754212249797
0-4 km,3906,KSTP,KSTP,STP,Saint Paul Downtown Holman Field,medium_airport,27123,2019-01-01,6.000000000000001e-4,5,1,FALSE,-12.925012207031227,5.688230798951406,84.15,97.778,-0.3521836968958754,0.0305258178920531,FALSE,FALSE,0,-6.437751649736401
0-4 km,3906,KSTP,KSTP,STP,Saint Paul Downtown Holman Field,medium_airport,27123,2019-02-01,0.0018,5,1,FALSE,-11.145001220703103,4.392791311925921,79,97.557,-0.3260508208488609,-0.21313559385617892,FALSE,FALSE,0,-5.8781358618009785
0-4 km,3906,KSTP,KSTP,STP,Saint Paul Downtown Holman Field,medium_airport,27123,2019-03-01,0.0018,5,1,FALSE,-3.9600128173827898,3.6525994218545925,82.6,97.50750000000001,-0.12362693013391199,0.5422346046984367,FALSE,FALSE,0,-5.8781358618009785
0-4 km,3906,KSTP,KSTP,STP,Saint Paul Downtown Holman Field,medium_airport,27123,2019-04-01,0.0028,5,1,FALSE,7.599981689453148,5.7614473675437115,71.85,97.147,-0.4702753417235392,0.18705928048896195,FALSE,FALSE,0,-5.572754212249797
0-4 km,3906,KSTP,KSTP,STP,Saint Paul Downtown Holman Field,medium_airport,27123,2019-05-01,0.0034,5,1,FALSE,9.664996337890647,4.931683788909693,84.65,97.4305,-0.6554460857538751,0.48497278535375804,FALSE,FALSE,0,-5.426150738057922
0-4 km,3906,KSTP,KSTP,STP,Saint Paul Downtown Holman Field,medium_airport,27123,2019-06-01,0.0024000000000000002,5,1,FALSE,16.669995117187522,4.652986610715711,75.85,97.1455,0.2759698574388595,-0.2767112806597224,FALSE,FALSE,0,-5.683979847360021
0-4 km,3906,KSTP,KSTP,STP,Saint Paul Downtown Holman Field,medium_airport,27123,2019-07-01,0.0016,5,1,FALSE,22.144995117187523,4.562526931489709,82.05,97.34,-0.10134196563702118,-0.195421859494405,FALSE,FALSE,0,-5.952243833954701
0-4 km,3906,KSTP,KSTP,STP,Saint Paul Downtown Holman Field,medium_airport,27123,2019-08-01,0.0023333333333333335,6,1,FALSE,19.424986775716167,5.212159894249686,66.04166666666667,97.57166666666666,-0.6122344233457099,-0.2989778617951398,FALSE,FALSE,0,-5.703782474656201
0-4 km,3906,KSTP,KSTP,STP,Saint Paul Downtown Holman Field,medium_airport,27123,2019-09-01,0.0012000000000000001,5,1,FALSE,19.589996337890646,7.958071849720534,83.75,97.26,-0.37261563423832283,-0.28814958140160535,FALSE,FALSE,0,-6.119297918617867
0-4 km,3906,KSTP,KSTP,STP,Saint Paul Downtown Holman Field,medium_airport,27123,2019-10-01,2e-4,5,1,FALSE,4.064984130859398,7.536838094572832,76.85,97.3385,-0.509565545200892,-0.37168844161077874,FALSE,FALSE,0,-6.725433722188182
0-4 km,3906,KSTP,KSTP,STP,Saint Paul Downtown Holman Field,medium_airport,27123,2019-11-01,6.000000000000001e-4,5,1,FALSE,-3.245013427734352,5.8801889282556425,81.15,97.918,-0.3089465369585622,-0.072589957454882,FALSE,FALSE,0,-6.437751649736401
0-4 km,3906,KSTP,KSTP,STP,Saint Paul Downtown Holman Field,medium_airport,27123,2019-12-01,0.0026,5,1,FALSE,-6.040011596679665,2.965750318432307,89.6,97.2645,-0.5986097413599347,-0.030855592447989865,FALSE,FALSE,0,-5.626821433520073
0-4 km,3906,KSTP,KSTP,STP,Saint Paul Downtown Holman Field,medium_airport,27123,2020-01-01,0.001,4,1,FALSE,-9.493769073486305,6.5620683709966725,89.1875,97.85875,-0.6369976258032105,0.3289242540232056,FALSE,FALSE,0,-6.214608098422191
0-4 km,3906,KSTP,KSTP,STP,Saint Paul Downtown Holman Field,medium_airport,27123,2020-02-01,0.0024444444444444444,9,2,FALSE,-8.911121961805533,6.202040893956976,78.5,97.76805555555555,-0.18486818023333657,-0.17940001761890206,FALSE,FALSE,0,-5.6709926518332106
0-4 km,3906,KSTP,KSTP,STP,Saint Paul Downtown Holman Field,medium_airport,27123,2020-03-01,0.0086,10,2,FALSE,-1.6650146484374773,6.644800205329014,87.9,97.665,-0.4153854205695439,0.09260987844870111,FALSE,FALSE,0,-4.645992180508347
0-4 km,3906,KSTP,KSTP,STP,Saint Paul Downtown Holman Field,medium_airport,27123,2020-04-01,0.006,10,2,FALSE,3.339984130859398,4.695149394159428,71.45,97.219,-0.3375815936475789,0.18630815641898119,FALSE,FALSE,0,-4.961845129926823
0-4 km,3906,KSTP,KSTP,STP,Saint Paul Downtown Holman Field,medium_airport,27123,2020-05-01,0.0116,10,2,FALSE,13.325006103515648,3.9354265682322938,71.95,97.393,-0.5381069492709456,0.4036496046442039,FALSE,FALSE,0,-4.374058465024705
0-4 km,3906,KSTP,KSTP,STP,Saint Paul Downtown Holman Field,medium_airport,27123,2020-06-01,0.0218,10,2,FALSE,20.894989013671896,5.673342789111074,72.5,97.2745,-0.6916730671036155,-0.33572440667580117,FALSE,FALSE,0,-3.780994743021742
0-4 km,3906,KSTP,KSTP,STP,Saint Paul Downtown Holman Field,medium_airport,27123,2020-07-01,0.0144,10,2,FALSE,23.224987792968772,7.475786321226357,78.9,97.257,-0.5736791444878226,-0.20629581211436918,FALSE,FALSE,0,-4.173387769562553
0-4 km,3906,KSTP,KSTP,STP,Saint Paul Downtown Holman Field,medium_airport,27123,2020-08-01,0.01025,12,2,FALSE,21.983331298828148,5.1854863040609915,65.66666666666667,97.33041666666666,-0.6261913125652345,-0.5831881139726571,FALSE,FALSE,0,-4.487387150331708
0-4 km,3906,KSTP,KSTP,STP,Saint Paul Downtown Holman Field,medium_airport,27123,2020-09-01,0.0116,10,2,FALSE,15.684997558593773,4.593357924695685,66.75,97.2525,-0.7974223372579592,0.08711130257546168,FALSE,FALSE,0,-4.374058465024705
0-4 km,3906,KSTP,KSTP,STP,Saint Paul Downtown Holman Field,medium_airport,27123,2020-10-01,0.017625000000000002,8,2,FALSE,6.5468612670898665,3.706603974929704,76.9375,97.2975,-0.7266996767822499,-0.08629912970879822,FALSE,FALSE,0,-3.983250514716514
0-4 km,3906,KSTP,KSTP,STP,Saint Paul Downtown Holman Field,medium_airport,27123,2020-11-01,0.006555555555555556,9,2,FALSE,-0.24446207682289392,1.9571543460328737,82.88888888888889,97.67388888888888,0.6403689867568687,0.49134819085712195,FALSE,FALSE,0,-4.88547215114225
0-4 km,3906,KSTP,KSTP,STP,Saint Paul Downtown Holman Field,medium_airport,27123,2020-12-01,0.011300000000000001,10,2,FALSE,-4.805017089843727,5.467734397640986,86.6,97.4075,-0.005990716787534831,-0.3007707375192954,FALSE,FALSE,0,-4.398156016603765
0-4 km,3906,KSTP,KSTP,STP,Saint Paul Downtown Holman Field,medium_airport,27123,2021-01-01,0.0024444444444444444,9,2,FALSE,-7.944450547960047,4.259034283835004,87.58333333333333,97.55861111111112,-0.09014156214624247,-0.08960441123827616,FALSE,FALSE,0,-5.6709926518332106
0-4 km,3906,KSTP,KSTP,STP,Saint Paul Downtown Holman Field,medium_airport,27123,2021-02-01,0.003,10,2,FALSE,-12.660012817382789,4.25030499147333,79.35,97.9415,-0.41724901519773816,-0.5078886992689396,FALSE,FALSE,0,-5.521460917862246
0-4 km,3906,KSTP,KSTP,STP,Saint Paul Downtown Holman Field,medium_airport,27123,2021-03-01,0.0184,10,2,FALSE,2.1350036621093977,6.878402195854085,86.95,97.302,-0.8356375219824688,-0.3204964895665056,FALSE,FALSE,0,-3.9424822129128545
0-4 km,3906,KSTP,KSTP,STP,Saint Paul Downtown Holman Field,medium_airport,27123,2021-04-01,0.0079,10,2,FALSE,7.654992675781273,4.340166312920756,79.75,97.259,0.38038437440563067,0.053475782551755266,FALSE,FALSE,0,-4.721704002244043
0-4 km,3906,KSTP,KSTP,STP,Saint Paul Downtown Holman Field,medium_airport,27123,2021-05-01,0.0143,10,2,FALSE,10.724993896484397,7.669452079076374,82.45,97.7905,-0.3653081729222077,0.2586630405419515,FALSE,FALSE,0,-4.179902450583747
0-4 km,3906,KSTP,KSTP,STP,Saint Paul Downtown Holman Field,medium_airport,27123,2021-06-01,0.0189,10,2,FALSE,19.654998779296896,6.127386538540611,79.75,97.1915,-0.8046112864060713,0.09460168386476679,FALSE,FALSE,0,-3.9170355472516905
0-4 km,3906,KSTP,KSTP,STP,Saint Paul Downtown Holman Field,medium_airport,27123,2021-07-01,0.017,10,2,FALSE,21.654998779296896,4.364852016361859,72.55,97.5685,-0.4400699521704882,-0.16807927787997456,FALSE,FALSE,0,-4.017383521085972
0-4 km,3906,KSTP,KSTP,STP,Saint Paul Downtown Holman Field,medium_airport,27123,2021-08-01,0.01,8,2,FALSE,21.61248931884768,4.489732759452922,69.5,97.513125,-0.7719903020011013,-0.14875224295118059,FALSE,FALSE,0,-4.509860006183766
0-4 km,3906,KSTP,KSTP,STP,Saint Paul Downtown Holman Field,medium_airport,27123,2021-09-01,0.0126,10,2,FALSE,18.11499633789065,4.594323379804126,63.45,97.2675,-0.22679563484367105,-0.10403904768126276,FALSE,FALSE,0,-4.29768548624013
0-4 km,3906,KSTP,KSTP,STP,Saint Paul Downtown Holman Field,medium_airport,27123,2021-10-01,0.054599999999999996,10,2,FALSE,13.354998779296897,5.559775310375382,73.45,97.511,-0.1952359832497636,0.026489259189118895,FALSE,FALSE,0,-2.8895720777256004
0-4 km,3906,KSTP,KSTP,STP,Saint Paul Downtown Holman Field,medium_airport,27123,2021-11-01,0.0060999999999999995,10,2,FALSE,3.7649841308593976,6.32288653166979,77.2,96.806,-0.302388187631195,-0.2890189408354859,FALSE,FALSE,0,-4.947660494934867
0-4 km,3906,KSTP,KSTP,STP,Saint Paul Downtown Holman Field,medium_airport,27123,2021-12-01,0.0016666666666666668,9,2,FALSE,-7.880570475260394,6.129632318547847,86.13888888888889,97.05499999999999,-0.32871686426527225,-0.008929805243677875,FALSE,FALSE,0,-5.926926025970411
0-4 km,3906,KSTP,KSTP,STP,Saint Paul Downtown Holman Field,medium_airport,27123,2022-01-01,0.0011250000000000001,8,2,FALSE,-12.415638351440407,4.379333626158662,84.3125,97.07718750000001,-0.1357500677901697,0.34383854025937466,TRUE,FALSE,0,-6.153983476605757
0-4 km,3906,KSTP,KSTP,STP,Saint Paul Downtown Holman Field,medium_airport,27123,2022-02-01,0.0022,10,2,FALSE,-9.65502014160154,6.42281756089797,84.55,97.389,-0.4903648454862905,0.1223973072898177,TRUE,FALSE,0,-5.744604469176456
0-4 km,3906,KSTP,KSTP,STP,Saint Paul Downtown Holman Field,medium_airport,27123,2022-03-01,0.0027,10,2,FALSE,-3.6650024414062274,5.439766421726169,88.9,96.899,-0.13054350319042435,0.6727943234475947,TRUE,FALSE,0,-5.599422459331958
0-4 km,3906,KSTP,KSTP,STP,Saint Paul Downtown Holman Field,medium_airport,27123,2022-04-01,0.0085,8,2,FALSE,7.006250000000023,5.733157165783669,84.5,97.075,-0.736484086801652,-0.4198030802556628,TRUE,FALSE,0,-4.656463480375642
0-4 km,3906,KSTP,KSTP,STP,Saint Paul Downtown Holman Field,medium_airport,27123,2022-05-01,0.02388888888888889,9,2,FALSE,14.186100260416689,4.583966190387471,68.30555555555556,97.49944444444445,0.23751554203523004,0.08969195547184741,TRUE,FALSE,0,-3.6933338044633164
0-4 km,3906,KSTP,KSTP,STP,Saint Paul Downtown Holman Field,medium_airport,27123,2022-06-01,0.0086,10,2,FALSE,18.85999145507815,5.961414678468265,62.55,97.3535,-0.6967544822632674,-0.4785670981536505,TRUE,FALSE,0,-4.645992180508347
0-4 km,3906,KSTP,KSTP,STP,Saint Paul Downtown Holman Field,medium_airport,27123,2022-07-01,0.0033,10,2,FALSE,21.389996337890647,7.754795166030118,75.95,97.346,-0.14373579872869494,-0.2627127622276808,TRUE,FALSE,0,-5.44914025628262
0-4 km,3906,KSTP,KSTP,STP,Saint Paul Downtown Holman Field,medium_airport,27123,2022-08-01,0.0054,10,2,FALSE,20.720001220703146,4.418854307151383,74.6,97.3995,-0.08860132811534331,-0.3267565323365018,TRUE,FALSE,0,-5.051457288616511
0-4 km,3906,KSTP,KSTP,STP,Saint Paul Downtown Holman Field,medium_airport,27123,2022-09-01,0.0132,10,2,FALSE,20.604992675781272,5.378308316895806,61.2,97.2545,-0.040563548918825035,-0.5086809000427166,TRUE,FALSE,0,-4.254513314374922
0-4 km,3906,KSTP,KSTP,STP,Saint Paul Downtown Holman Field,medium_airport,27123,2022-10-01,0.0064,10,2,FALSE,6.299987792968773,4.743950130385405,60.75,97.443,-0.5459700939202946,0.1124140157480566,TRUE,FALSE,0,-4.9062752787720125
0-4 km,3906,KSTP,KSTP,STP,Saint Paul Downtown Holman Field,medium_airport,27123,2022-11-01,0.0085,10,2,FALSE,-0.21001586914060227,2.950754343841191,66.25,97.8035,-0.07979812516289045,-0.0067324379813728935,TRUE,FALSE,0,-4.656463480375642
0-4 km,3906,KSTP,KSTP,STP,Saint Paul Downtown Holman Field,medium_airport,27123,2022-12-01,0.002,12,2,FALSE,-10.166670227050759,6.268512583175853,85.83333333333333,97.84958333333333,-0.2593210735490103,-0.17115924134305077,TRUE,FALSE,0,-5.809142990314028
0-4 km,3906,KSTP,KSTP,STP,Saint Paul Downtown Holman Field,medium_airport,27123,2023-01-01,0.008400000000000001,10,2,FALSE,-7.540014648437477,4.546351850513042,91.05,97.7085,-0.19177440778685606,0.4512168303239189,TRUE,FALSE,0,-4.667045589706179
0-4 km,3906,KSTP,KSTP,STP,Saint Paul Downtown Holman Field,medium_airport,27123,2023-02-01,0.002375,8,2,FALSE,-6.950010681152321,6.360724270766134,81.375,97.4875,-0.14177334956356302,0.22125085670329753,TRUE,FALSE,0,-5.691359954657644
0-4 km,3906,KSTP,KSTP,STP,Saint Paul Downtown Holman Field,medium_airport,27123,2023-03-01,0.015083333333333332,12,2,FALSE,-1.9333455403645605,4.849297899756625,85.5,97.32875,-0.30497342143012707,0.48542742302745473,TRUE,FALSE,0,-4.129971739865252
0-4 km,3906,KSTP,KSTP,STP,Saint Paul Downtown Holman Field,medium_airport,27123,2023-04-01,0.005,10,2,FALSE,3.6749877929687726,8.217069616025004,77.3,97.076,-0.7641255601873386,-0.1259052292589148,TRUE,FALSE,0,-5.115995809754082
0-4 km,3906,KSTP,KSTP,STP,Saint Paul Downtown Holman Field,medium_airport,27123,2023-05-01,0.0293,10,2,FALSE,17.474987792968772,5.343093839604195,80.25,97.3475,-0.8311170375417777,-0.29153360201117345,TRUE,FALSE,0,-3.4966075664668135
0-4 km,3906,KSTP,KSTP,STP,Saint Paul Downtown Holman Field,medium_airport,27123,2023-06-01,0.0287,10,2,FALSE,20.269995117187523,5.846688939834549,76.9,97.325,-0.486044649825687,-0.20202234700998803,TRUE,FALSE,0,-3.516608233173483
0-4 km,3906,KSTP,KSTP,STP,Saint Paul Downtown Holman Field,medium_airport,27123,2023-07-01,0.0112,10,2,FALSE,19.435009765625022,3.2048510728541983,78.45,97.3165,-0.12720255458871255,0.8113251038131125,TRUE,FALSE,0,-4.406319327242926
0-4 km,3906,KSTP,KSTP,STP,Saint Paul Downtown Holman Field,medium_airport,27123,2023-08-01,0.0087,10,2,FALSE,22.1100036621094,4.339395438212297,73.55,97.345,-0.2834378579144389,-0.1631817036294659,TRUE,FALSE,0,-4.6356293934728
0-4 km,3906,KSTP,KSTP,STP,Saint Paul Downtown Holman Field,medium_airport,27123,2023-09-01,0.023,8,2,FALSE,20.00312194824221,5.617930958621135,74.25,97.65625,0.3141076497495724,-0.47150351858260087,TRUE,FALSE,0,-3.7297014486341915
0-4 km,3906,KSTP,KSTP,STP,Saint Paul Downtown Holman Field,medium_airport,27123,2023-10-01,0.0032222222222222222,9,2,FALSE,11.416646999783008,4.592408321497355,76.97222222222223,97.25972222222222,-0.18096375976921494,0.42046100015408905,TRUE,FALSE,0,-5.46739369659197
0-4 km,3906,KSTP,KSTP,STP,Saint Paul Downtown Holman Field,medium_airport,27123,2023-11-01,0.013,10,2,FALSE,1.3349914550781476,7.335196783472095,81.3,97.5195,-0.6454426614537768,-0.43102234323052113,TRUE,FALSE,0,-4.268697949366879
0-4 km,3906,KSTP,KSTP,STP,Saint Paul Downtown Holman Field,medium_airport,27123,2023-12-01,0.0119,10,2,FALSE,1.0649780273437728,4.610821272294022,83.5,97.361,-0.3669452137287359,-0.396868758075294,TRUE,FALSE,0,-4.350527967614511
0-4 km,3906,KSTP,KSTP,STP,Saint Paul Downtown Holman Field,medium_airport,27123,2024-01-01,0.0024545454545454545,11,2,FALSE,-8.620467307350829,4.975624406098552,93.63636363636364,97.48295454545455,-0.49934923991413493,0.10750278056160044,TRUE,FALSE,0,-5.668064392054122
0-4 km,3906,KSTP,KSTP,STP,Saint Paul Downtown Holman Field,medium_airport,27123,2024-02-01,0.013375,8,2,FALSE,-2.5687469482421648,5.658197234549573,74.25,97.200625,-0.516497216584194,-0.13899868542049065,TRUE,FALSE,0,-4.242264692298723
0-4 km,3906,KSTP,KSTP,STP,Saint Paul Downtown Holman Field,medium_airport,27123,2024-03-01,0.005363636363636364,11,2,FALSE,2.481810968572466,5.675202756419919,78.88636363636364,96.95886363636363,-0.19861141877438424,-0.04597600919728077,TRUE,FALSE,0,-5.057155309731149
0-4 km,3906,KSTP,KSTP,STP,Saint Paul Downtown Holman Field,medium_airport,27123,2024-04-01,0.009647058823529411,17,3,FALSE,6.711771527458662,3.650131560949473,82.69117647058823,97.34264705882353,-0.4403954187501447,0.11339506521507005,TRUE,FALSE,0,-4.542471591772527
0-4 km,3906,KSTP,KSTP,STP,Saint Paul Downtown Holman Field,medium_airport,27123,2024-05-01,0.0052,15,3,FALSE,16.73498535156252,4.402197075516703,76.4,96.925,0.1286567090557752,-0.8921983953525312,TRUE,FALSE,0,-5.083205986931091
0-4 km,3906,KSTP,KSTP,STP,Saint Paul Downtown Holman Field,medium_airport,27123,2024-06-01,0.0022,15,3,FALSE,18.65999145507815,3.924134504655849,88.75,96.704,-0.8329929840230684,-0.07124202349271347,TRUE,FALSE,0,-5.744604469176456
0-4 km,3906,KSTP,KSTP,STP,Saint Paul Downtown Holman Field,medium_airport,27123,2024-07-01,0.0054,15,3,FALSE,19.939990234375024,5.949337530733399,88.4,97.28699999999999,-0.7220618052149423,0.25559538878178745,TRUE,FALSE,0,-5.051457288616511
0-4 km,3906,KSTP,KSTP,STP,Saint Paul Downtown Holman Field,medium_airport,27123,2024-08-01,0.0048000000000000004,15,3,FALSE,19.1749938964844,4.573491618950612,82.25,97.507,-0.3472906273564163,-0.12770939499517625,TRUE,FALSE,0,-5.149897361429764
0-4 km,3906,KSTP,KSTP,STP,Saint Paul Downtown Holman Field,medium_airport,27123,2024-09-01,0.008466666666666666,15,3,FALSE,19.92000122070315,5.3204232115023435,67.65,97.5655,-0.08564105930794877,-0.7176346010873235,TRUE,FALSE,0,-4.6599784224830865
0-4 km,3906,KSTP,KSTP,STP,Saint Paul Downtown Holman Field,medium_airport,27123,2024-10-01,0.013600000000000001,15,3,FALSE,12.544989013671898,6.3175172307663265,60.15,97.86449999999999,-0.4968664243922701,-0.16665807922547032,TRUE,FALSE,0,-4.226733750267846
0-4 km,3906,KSTP,KSTP,STP,Saint Paul Downtown Holman Field,medium_airport,27123,2024-11-01,0.0036666666666666666,15,3,FALSE,0.11998291015627274,4.551810161474634,86.5,97.5255,-0.4300394721844238,-0.07392739722041564,TRUE,FALSE,0,-5.367310238034988
0-4 km,3906,KSTP,KSTP,STP,Saint Paul Downtown Holman Field,medium_airport,27123,2024-12-01,0.002285714285714286,14,3,FALSE,-6.123223005022298,6.259387713242657,86.25,97.94232142857143,-0.08451743700474072,-0.12979867905669182,TRUE,FALSE,0,-5.718171212108301
0-4 km,3906,KSTP,KSTP,STP,Saint Paul Downtown Holman Field,medium_airport,27123,2025-01-01,0.0035555555555555557,18,3,FALSE,-11.795846048990862,5.775029339190758,77.125,97.74416666666667,-0.7887689402786358,0.3528380168185995,TRUE,FALSE,0,-5.391407789614049
0-4 km,3906,KSTP,KSTP,STP,Saint Paul Downtown Holman Field,medium_airport,27123,2025-02-01,0.00175,12,3,FALSE,-11.968756103515602,6.025239631896859,77.375,97.564375,-0.8284824522077746,-0.07634012046838229,TRUE,FALSE,0,-5.896154367303657
0-4 km,3906,KSTP,KSTP,STP,Saint Paul Downtown Holman Field,medium_airport,27123,2025-03-01,0.0084,15,3,FALSE,-0.7050048828124773,5.749266813304309,71.2,97.2195,-0.5004956710681656,-0.13048611715159952,TRUE,FALSE,0,-4.667045589706179
0-4 km,3906,KSTP,KSTP,STP,Saint Paul Downtown Holman Field,medium_airport,27123,2025-04-01,0.0047857142857142855,14,3,FALSE,4.9499952043806035,7.690949086889816,83.01785714285714,97.38910714285714,-0.7230411973924673,0.19068219567306047,TRUE,FALSE,0,-5.1523634539249565
0-4 km,3906,KSTP,KSTP,STP,Saint Paul Downtown Holman Field,medium_airport,27123,2025-05-01,0.022944444444444444,18,3,FALSE,15.104160563151064,3.9622644948575205,73.375,97.35958333333333,-0.22015244770221412,0.06923787686435824,TRUE,FALSE,0,-3.732018946774554
0-4 km,3906,KSTP,KSTP,STP,Saint Paul Downtown Holman Field,medium_airport,27123,2025-06-01,0.018083333333333333,12,3,FALSE,19.241665140787784,4.928950900430043,79.70833333333333,97.47666666666666,-0.5381003145548204,0.2508148481866572,TRUE,FALSE,0,-3.9589399252158977
